method,clusters,router,setting_id,repetitions,top_k,probes,leaf_size,node_budget,prefer_deeper_ties,exploration,seed,measurements,complete_processes,complete,qualified,recall,p50_ms,p95_ms,total_query_ms,process_p50_median_ms,process_p50_min_ms,process_p50_max_ms,logical_index_bytes,lifetime_peak_bytes,mean_documents_scored,mean_nodes,mean_bitplane_words,mean_leaf_words,mean_prefix_levels,mean_prefix_lookups,mean_final_depth,start_depth,candidate_target,stop_when_exact
branch,256,/Users/vinroger/DATA/STUDY/latihan/about/exa-interview/e2e-inverted-bitplane-project/data/prefix-study-2026-09-13/pools/qwen-quora-d32/routers/ivf-binary-256-seed42,final-s0076,1,15,16,128,8192,True,0,42,3000,3,True,True,0.906,0.05016650538891554,0.11250624884269197,181.3369659066666,0.049812493671197444,0.049416994443163276,0.05137499829288572,10490416,84213760,3417.695,245.981,6535.508,1776.241,0.0,0.0,0.0,,,
branch,256,/Users/vinroger/DATA/STUDY/latihan/about/exa-interview/e2e-inverted-bitplane-project/data/prefix-study-2026-09-13/pools/qwen-quora-d32/routers/ivf-binary-256-seed42,final-s0091,1,20,27,128,8192,True,0,42,3000,3,True,True,0.9521,0.08022900146897882,0.18262464727740713,287.17786507331766,0.07918750634416938,0.07779150473652408,0.08322949724970385,10490416,84213760,5617.373,395.086,10332.882,2972.214,0.0,0.0,0.0,,,
prefix,4096,/Users/vinroger/DATA/STUDY/latihan/about/exa-interview/e2e-inverted-bitplane-project/data/prefix-study-2026-09-13/pools/qwen-quora-d32/routers/ivf-binary-4096-seed42,final-s0023,1,2,208,,,,,,3000,3,True,True,0.99,0.14706249930895865,0.17716605216264725,438.32233508874197,0.14641649613622576,0.14589550846721977,0.14927049778634682,10458620,76972032,22758.714,0.0,0.0,0.0,1.461,416.0,0.539,1,0,True
prefix,4096,/Users/vinroger/DATA/STUDY/latihan/about/exa-interview/e2e-inverted-bitplane-project/data/prefix-study-2026-09-13/pools/qwen-quora-d32/routers/ivf-binary-4096-seed42,final-s0026,1,3,17,,,,,,3000,3,True,True,0.805,0.02229200617875904,0.026291039102943614,67.79522434226237,0.02233399573015049,0.021667001419700682,0.022916006855666637,10458620,76972032,2041.205,0.0,0.0,0.0,1.544,34.0,0.456,1,0,True
prefix,4096,/Users/vinroger/DATA/STUDY/latihan/about/exa-interview/e2e-inverted-bitplane-project/data/prefix-study-2026-09-13/pools/qwen-quora-d32/routers/ivf-binary-4096-seed42,final-s0029,1,3,37,,,,,,3000,3,True,True,0.9,0.034249998861923814,0.03883300814777613,103.92308326845523,0.034249998861923814,0.033791991882026196,0.0347500026691705,10458620,76972032,5003.783,0.0,0.0,0.0,1.0,0.0,0.0,0,0,True
prefix,4096,/Users/vinroger/DATA/STUDY/latihan/about/exa-interview/e2e-inverted-bitplane-project/data/prefix-study-2026-09-13/pools/qwen-quora-d32/routers/ivf-binary-4096-seed42,final-s0032,1,3,70,,,,,,3000,3,True,True,0.95,0.055333992349915206,0.06391599890775979,168.3102819515625,0.05516700184671208,0.05460399552248418,0.056312499509658664,10458620,76972032,9447.94,0.0,0.0,0.0,1.0,0.0,0.0,0,0,True
prefix,4096,/Users/vinroger/DATA/STUDY/latihan/about/exa-interview/e2e-inverted-bitplane-project/data/prefix-study-2026-09-13/pools/qwen-quora-d32/routers/ivf-binary-4096-seed42,final-s0035,1,3,208,,,,,,3000,3,True,True,0.99,0.1475829994888045,0.16729519993532446,446.09070202568546,0.14620799629483372,0.14404149987967685,0.15202050417428836,10458620,76972032,27934.374,0.0,0.0,0.0,1.0,0.0,0.0,0,0,True
prefix,4096,/Users/vinroger/DATA/STUDY/latihan/about/exa-interview/e2e-inverted-bitplane-project/data/prefix-study-2026-09-13/pools/qwen-quora-d32/routers/ivf-binary-4096-seed42,final-s0038,1,5,18,,,,,,3000,3,True,True,0.802,0.022375010303221643,0.0253770536801312,68.04600133909844,0.022374995751306415,0.021667001419700682,0.023084008716978133,10458620,76972032,2436.542,0.0,0.0,0.0,1.0,0.0,0.0,0,0,True
prefix,4096,/Users/vinroger/DATA/STUDY/latihan/about/exa-interview/e2e-inverted-bitplane-project/data/prefix-study-2026-09-13/pools/qwen-quora-d32/routers/ivf-binary-4096-seed42,final-s0059,1,7,223,,,,,,3000,3,True,True,0.99,0.1557500072522089,0.17608604539418593,471.8912855605595,0.15587500092806295,0.15337499644374475,0.15702049859100953,10458620,76906496,29937.305,0.0,0.0,0.0,1.0,0.0,0.0,0,0,True
prefix,4096,/Users/vinroger/DATA/STUDY/latihan/about/exa-interview/e2e-inverted-bitplane-project/data/prefix-study-2026-09-13/pools/qwen-quora-d32/routers/ivf-binary-4096-seed42,final-s0062,1,10,20,,,,,,3000,3,True,True,0.801,0.024374996428377926,0.028542010113596916,74.34339451720007,0.02429200685583055,0.023792003048583865,0.025125002139247954,10458620,76906496,2705.636,0.0,0.0,0.0,1.0,0.0,0.0,0,0,True
prefix,4096,/Users/vinroger/DATA/STUDY/latihan/about/exa-interview/e2e-inverted-bitplane-project/data/prefix-study-2026-09-13/pools/qwen-quora-d32/routers/ivf-binary-4096-seed42,final-s0065,1,10,45,,,,,,3000,3,True,True,0.9009,0.040416001866105944,0.04708509804913773,122.72930043400265,0.04058299964526668,0.039000005926936865,0.041458501073066145,10458620,76906496,6077.925,0.0,0.0,0.0,1.0,0.0,0.0,0,0,True
prefix,4096,/Users/vinroger/DATA/STUDY/latihan/about/exa-interview/e2e-inverted-bitplane-project/data/prefix-study-2026-09-13/pools/qwen-quora-d32/routers/ivf-binary-4096-seed42,final-s0068,1,10,84,,,,,,3000,3,True,True,0.95,0.06570800906047225,0.07583299884572625,199.22609141212888,0.06658300117123872,0.06299999949987978,0.06745799328200519,10458620,76906496,11326.941,0.0,0.0,0.0,1.0,0.0,0.0,0,0,True
prefix,4096,/Users/vinroger/DATA/STUDY/latihan/about/exa-interview/e2e-inverted-bitplane-project/data/prefix-study-2026-09-13/pools/qwen-quora-d32/routers/ivf-binary-4096-seed42,final-s0071,1,10,243,,,,,,3000,3,True,True,0.99,0.16683299327269197,0.18758304213406518,504.59793346817605,0.16704199515515938,0.16354199033230543,0.1696660037850961,10458620,76906496,32612.65,0.0,0.0,0.0,1.0,0.0,0.0,0,0,True
prefix,4096,/Users/vinroger/DATA/STUDY/latihan/about/exa-interview/e2e-inverted-bitplane-project/data/prefix-study-2026-09-13/pools/qwen-quora-d32/routers/ivf-binary-4096-seed42,final-s0074,1,15,22,,,,,,3000,3,True,True,0.8005333333333333,0.0262079993262887,0.030252061696955924,79.66243024566211,0.026083012926392257,0.025457993615418673,0.027000001864507794,10458620,76906496,2975.703,0.0,0.0,0.0,1.0,0.0,0.0,0,0,True
prefix,4096,/Users/vinroger/DATA/STUDY/latihan/about/exa-interview/e2e-inverted-bitplane-project/data/prefix-study-2026-09-13/pools/qwen-quora-d32/routers/ivf-binary-4096-seed42,final-s0041,1,5,40,,,,,,3000,3,True,True,0.901,0.036874989746138453,0.04362704785307868,112.60805977508426,0.03712499892571941,0.03633300366345793,0.03716700302902609,10458620,77103104,5407.89,0.0,0.0,0.0,1.0,0.0,0.0,0,0,True
prefix,4096,/Users/vinroger/DATA/STUDY/latihan/about/exa-interview/e2e-inverted-bitplane-project/data/prefix-study-2026-09-13/pools/qwen-quora-d32/routers/ivf-binary-4096-seed42,final-s0044,1,5,73,,,,,,3000,3,True,True,0.9502,0.05745900853071362,0.06624999587074853,174.7405057249125,0.05754150333814323,0.05654200504068285,0.0585000088904053,10458620,77103104,9852.251,0.0,0.0,0.0,1.0,0.0,0.0,0,0,True
prefix,4096,/Users/vinroger/DATA/STUDY/latihan/about/exa-interview/e2e-inverted-bitplane-project/data/prefix-study-2026-09-13/pools/qwen-quora-d32/routers/ivf-binary-4096-seed42,final-s0047,1,5,218,,,,,,3000,3,True,True,0.99,0.15170800179475918,0.17063330451492215,458.5934508795617,0.151916996401269,0.14854200708214194,0.15429150516865775,10458620,77103104,29270.203,0.0,0.0,0.0,1.0,0.0,0.0,0,0,True
prefix,4096,/Users/vinroger/DATA/STUDY/latihan/about/exa-interview/e2e-inverted-bitplane-project/data/prefix-study-2026-09-13/pools/qwen-quora-d32/routers/ivf-binary-4096-seed42,final-s0050,1,7,19,,,,,,3000,3,True,True,0.8027142857142857,0.0228749995585531,0.026124995201826096,69.69910573388916,0.02291700366185978,0.022374995751306415,0.023333006538450718,10458620,77103104,2570.73,0.0,0.0,0.0,1.0,0.0,0.0,0,0,True
prefix,4096,/Users/vinroger/DATA/STUDY/latihan/about/exa-interview/e2e-inverted-bitplane-project/data/prefix-study-2026-09-13/pools/qwen-quora-d32/routers/ivf-binary-4096-seed42,final-s0053,1,7,43,,,,,,3000,3,True,True,0.9008571428571429,0.03850000211969018,0.045083047734806314,117.32287288759835,0.03850000211969018,0.03797950193984434,0.03891601227223873,10458620,77103104,5808.851,0.0,0.0,0.0,1.0,0.0,0.0,0,0,True
prefix,4096,/Users/vinroger/DATA/STUDY/latihan/about/exa-interview/e2e-inverted-bitplane-project/data/prefix-study-2026-09-13/pools/qwen-quora-d32/routers/ivf-binary-4096-seed42,final-s0056,1,7,80,,,,,,3000,3,True,True,0.9507142857142857,0.062167004216462374,0.07149999219109304,188.9690026291646,0.062000006437301636,0.06116650183685124,0.06335449143080041,10458620,77103104,10790.174,0.0,0.0,0.0,1.0,0.0,0.0,0,0,True
scan,4096,/Users/vinroger/DATA/STUDY/latihan/about/exa-interview/e2e-inverted-bitplane-project/data/prefix-study-2026-09-13/pools/qwen-quora-d32/routers/ivf-binary-4096-seed42,final-s0054,1,7,80,,,,,,3000,3,True,True,0.9507142857142857,0.06312500045169145,0.07362914329860357,192.16058154415805,0.06262501119635999,0.0625000029685907,0.06427050539059564,8366896,78053376,10790.174,0.0,0.0,0.0,0.0,0.0,0.0,,,
scan,4096,/Users/vinroger/DATA/STUDY/latihan/about/exa-interview/e2e-inverted-bitplane-project/data/prefix-study-2026-09-13/pools/qwen-quora-d32/routers/ivf-binary-4096-seed42,final-s0057,1,7,223,,,,,,3000,3,True,True,0.99,0.15681249351473525,0.17737499729264528,474.88338555558585,0.15620799968019128,0.15502099267905578,0.15960450400598347,8366896,78053376,29937.305,0.0,0.0,0.0,0.0,0.0,0.0,,,
scan,4096,/Users/vinroger/DATA/STUDY/latihan/about/exa-interview/e2e-inverted-bitplane-project/data/prefix-study-2026-09-13/pools/qwen-quora-d32/routers/ivf-binary-4096-seed42,final-s0060,1,10,20,,,,,,3000,3,True,True,0.801,0.02420799864921719,0.02783605086733586,73.621581424959,0.023957996745593846,0.02387500717304647,0.024667009711265564,8366896,78053376,2705.636,0.0,0.0,0.0,0.0,0.0,0.0,,,
scan,4096,/Users/vinroger/DATA/STUDY/latihan/about/exa-interview/e2e-inverted-bitplane-project/data/prefix-study-2026-09-13/pools/qwen-quora-d32/routers/ivf-binary-4096-seed42,final-s0063,1,10,45,,,,,,3000,3,True,True,0.9009,0.04100000660400838,0.04808300582226366,125.19722235447261,0.040166996768675745,0.04014549631392583,0.04302050365367904,8366896,78053376,6077.925,0.0,0.0,0.0,0.0,0.0,0.0,,,
scan,4096,/Users/vinroger/DATA/STUDY/latihan/about/exa-interview/e2e-inverted-bitplane-project/data/prefix-study-2026-09-13/pools/qwen-quora-d32/routers/ivf-binary-4096-seed42,final-s0066,1,10,84,,,,,,3000,3,True,True,0.95,0.06595799641218036,0.07550414302386341,200.10673861543182,0.06554149149451405,0.06512500112876296,0.06697900244034827,8366896,78053376,11326.941,0.0,0.0,0.0,0.0,0.0,0.0,,,
scan,4096,/Users/vinroger/DATA/STUDY/latihan/about/exa-interview/e2e-inverted-bitplane-project/data/prefix-study-2026-09-13/pools/qwen-quora-d32/routers/ivf-binary-4096-seed42,final-s0069,1,10,243,,,,,,3000,3,True,True,0.99,0.16924999363254756,0.18954409897560254,511.05811445449945,0.16764600877650082,0.16627099830657244,0.17308300448348746,8366896,78053376,32612.65,0.0,0.0,0.0,0.0,0.0,0.0,,,
scan,4096,/Users/vinroger/DATA/STUDY/latihan/about/exa-interview/e2e-inverted-bitplane-project/data/prefix-study-2026-09-13/pools/qwen-quora-d32/routers/ivf-binary-4096-seed42,final-s0000,1,1,16,,,,,,3000,3,True,True,0.803,0.02083300205413252,0.02433299960102886,63.6846008565044,0.02099999983329326,0.020167004549875855,0.0212500017369166,8366896,78266368,2166.455,0.0,0.0,0.0,0.0,0.0,0.0,,,
scan,4096,/Users/vinroger/DATA/STUDY/latihan/about/exa-interview/e2e-inverted-bitplane-project/data/prefix-study-2026-09-13/pools/qwen-quora-d32/routers/ivf-binary-4096-seed42,final-s0003,1,1,35,,,,,,3000,3,True,True,0.901,0.03295800706837326,0.0383360580599401,100.2847860509064,0.032790994737297297,0.0318750026053749,0.034208991564810276,8366896,78266368,4732.377,0.0,0.0,0.0,0.0,0.0,0.0,,,
scan,4096,/Users/vinroger/DATA/STUDY/latihan/about/exa-interview/e2e-inverted-bitplane-project/data/prefix-study-2026-09-13/pools/qwen-quora-d32/routers/ivf-binary-4096-seed42,final-s0006,1,1,67,,,,,,3000,3,True,True,0.95,0.053790994570590556,0.06200205607456154,163.0615256872261,0.05345800309441984,0.05183300527278334,0.055791999329812825,8366896,78266368,9044.784,0.0,0.0,0.0,0.0,0.0,0.0,,,
scan,4096,/Users/vinroger/DATA/STUDY/latihan/about/exa-interview/e2e-inverted-bitplane-project/data/prefix-study-2026-09-13/pools/qwen-quora-d32/routers/ivf-binary-4096-seed42,final-s0009,1,1,180,,,,,,3000,3,True,True,0.99,0.12924999464303255,0.14616810003644787,390.6899432040518,0.1282500015804544,0.12558299931697547,0.13389549712883309,8366896,78266368,24181.137,0.0,0.0,0.0,0.0,0.0,0.0,,,
scan,4096,/Users/vinroger/DATA/STUDY/latihan/about/exa-interview/e2e-inverted-bitplane-project/data/prefix-study-2026-09-13/pools/qwen-quora-d32/routers/ivf-binary-4096-seed42,final-s0012,1,2,16,,,,,,3000,3,True,True,0.8,0.02079200930893421,0.023917004000395536,63.39844812464435,0.02058300015050918,0.019854494894389063,0.022167005226947367,8366896,78266368,2166.455,0.0,0.0,0.0,0.0,0.0,0.0,,,
scan,4096,/Users/vinroger/DATA/STUDY/latihan/about/exa-interview/e2e-inverted-bitplane-project/data/prefix-study-2026-09-13/pools/qwen-quora-d32/routers/ivf-binary-4096-seed42,final-s0015,1,2,36,,,,,,3000,3,True,True,0.9025,0.033915996027644724,0.03908509534085168,103.00539985473733,0.03383299917913973,0.03272950561949983,0.0351249982486479,8366896,78266368,4868.495,0.0,0.0,0.0,0.0,0.0,0.0,,,
branch,4096,/Users/vinroger/DATA/STUDY/latihan/about/exa-interview/e2e-inverted-bitplane-project/data/prefix-study-2026-09-13/pools/qwen-quora-d32/routers/ivf-binary-4096-seed42,final-s0109,1,50,31,2048,8192,True,0,42,3000,3,True,True,0.80312,0.04124999395571649,0.04966699634678662,126.55213095422368,0.04149999585933983,0.04058400372741744,0.041749997762963176,10965040,80674816,4191.465,31.0,0.0,80.446,0.0,0.0,0.0,,,
branch,4096,/Users/vinroger/DATA/STUDY/latihan/about/exa-interview/e2e-inverted-bitplane-project/data/prefix-study-2026-09-13/pools/qwen-quora-d32/routers/ivf-binary-4096-seed42,final-s0112,1,50,67,2048,8192,True,0,42,3000,3,True,True,0.90092,0.06754200148861855,0.07800416133250107,205.177759155049,0.06714549817843363,0.06708399450872093,0.06837499677203596,10965040,80674816,9044.784,67.0,0.0,173.713,0.0,0.0,0.0,,,
branch,4096,/Users/vinroger/DATA/STUDY/latihan/about/exa-interview/e2e-inverted-bitplane-project/data/prefix-study-2026-09-13/pools/qwen-quora-d32/routers/ivf-binary-4096-seed42,final-s0115,1,50,121,522931,0,False,0,42,3000,3,True,True,0.95036,0.11229199299123138,0.13112705855746754,342.5973148550838,0.11183349852217361,0.11154099775012583,0.11360449570929632,10965040,80674816,16283.632,121.0,0.0,312.843,0.0,0.0,0.0,,,
branch,4096,/Users/vinroger/DATA/STUDY/latihan/about/exa-interview/e2e-inverted-bitplane-project/data/prefix-study-2026-09-13/pools/qwen-quora-d32/routers/ivf-binary-4096-seed42,final-s0121,1,75,35,2048,1024,True,0,42,3000,3,True,True,0.8022666666666667,0.046667002607136965,0.054292002459988,142.0385929668555,0.04652050120057538,0.04645849548978731,0.04706250183517113,10965040,80674816,4732.377,35.0,0.0,90.851,0.0,0.0,0.0,,,
branch,4096,/Users/vinroger/DATA/STUDY/latihan/about/exa-interview/e2e-inverted-bitplane-project/data/prefix-study-2026-09-13/pools/qwen-quora-d32/routers/ivf-binary-4096-seed42,final-s0124,1,75,75,2048,1024,True,0,42,3000,3,True,True,0.9016533333333333,0.07687498873565346,0.08850205413182265,233.89598485664465,0.07710399950155988,0.07645800360478461,0.07718749839114025,10965040,80674816,10123.537,75.0,0.0,194.41,0.0,0.0,0.0,,,
branch,4096,/Users/vinroger/DATA/STUDY/latihan/about/exa-interview/e2e-inverted-bitplane-project/data/prefix-study-2026-09-13/pools/qwen-quora-d32/routers/ivf-binary-4096-seed42,final-s0127,1,75,134,2048,8192,True,0,42,3000,3,True,True,0.9501066666666667,0.12529099331004545,0.14271009858930483,379.54080766940024,0.12447899644030258,0.12445850734366104,0.12700000661425292,10965040,80674816,18026.948,134.0,0.0,346.423,0.0,0.0,0.0,,,
branch,64,/Users/vinroger/DATA/STUDY/latihan/about/exa-interview/e2e-inverted-bitplane-project/data/prefix-study-2026-09-13/pools/qwen-quora-d32/routers/ivf-binary-64-seed42,final-s0028,1,3,7,64,0,True,0,42,3000,3,True,True,0.9003333333333333,0.029000002541579306,0.07546219640062188,108.8084844959667,0.02904150460381061,0.028708003810606897,0.02925000444520265,10467120,78233600,579.514,124.931,14177.95,2219.203,0.0,0.0,0.0,,,
branch,64,/Users/vinroger/DATA/STUDY/latihan/about/exa-interview/e2e-inverted-bitplane-project/data/prefix-study-2026-09-13/pools/qwen-quora-d32/routers/ivf-binary-64-seed42,final-s0052,1,7,8,128,0,True,0,42,3000,3,True,True,0.908,0.036624995118472725,0.10783930920297277,148.18792551523075,0.03639599890448153,0.036375000490807,0.037062498449813575,10467120,78233600,1632.668,141.729,15469.933,3155.953,0.0,0.0,0.0,,,
branch,64,/Users/vinroger/DATA/STUDY/latihan/about/exa-interview/e2e-inverted-bitplane-project/data/prefix-study-2026-09-13/pools/qwen-quora-d32/routers/ivf-binary-64-seed42,final-s0055,1,7,12,128,1024,True,0,42,3000,3,True,True,0.954,0.04829200042877346,0.1455975914723239,195.6212013028562,0.048250003601424396,0.047708002966828644,0.0487080033053644,10467120,78233600,2157.665,193.378,21187.657,4233.959,0.0,0.0,0.0,,,
branch,64,/Users/vinroger/DATA/STUDY/latihan/about/exa-interview/e2e-inverted-bitplane-project/data/prefix-study-2026-09-13/pools/qwen-quora-d32/routers/ivf-binary-64-seed42,final-s0064,1,10,8,512,8192,True,0,42,3000,3,True,True,0.9012,0.03949999518226832,0.11746009622584096,161.33363904373255,0.039417005609720945,0.0391670037060976,0.040040991734713316,10467120,78233600,5269.462,98.236,10486.037,2486.659,0.0,0.0,0.0,,,
branch,64,/Users/vinroger/DATA/STUDY/latihan/about/exa-interview/e2e-inverted-bitplane-project/data/prefix-study-2026-09-13/pools/qwen-quora-d32/routers/ivf-binary-64-seed42,final-s0067,1,10,12,128,0,True,0,42,3000,3,True,True,0.9503,0.053290998039301485,0.1612131483852863,219.89878844760824,0.0533124984940514,0.052916991990059614,0.05404149851528928,10467120,78233600,2553.973,210.879,22659.303,5058.579,0.0,0.0,0.0,,,
branch,64,/Users/vinroger/DATA/STUDY/latihan/about/exa-interview/e2e-inverted-bitplane-project/data/prefix-study-2026-09-13/pools/qwen-quora-d32/routers/ivf-binary-64-seed42,final-s0079,1,15,13,128,1024,True,0,42,3000,3,True,True,0.9577333333333333,0.06722900434397161,0.1943749957717955,265.6157256424194,0.06754149944754317,0.0663539904053323,0.06760400719940662,10467120,78233600,3300.559,251.42,26458.093,6573.989,0.0,0.0,0.0,,,
branch,16,/Users/vinroger/DATA/STUDY/latihan/about/exa-interview/e2e-inverted-bitplane-project/data/prefix-study-2026-09-13/pools/qwen-quora-d32/routers/ivf-binary-16-seed42,final-s0070,1,10,9,128,0,True,0,42,3000,3,True,True,0.9913,0.07406249642372131,0.26510799943935115,328.6003238754347,0.07391699909931049,0.07360399467870593,0.07445799565175548,10460464,72171520,2199.027,183.303,77802.079,16570.438,0.0,0.0,0.0,,,
branch,16,/Users/vinroger/DATA/STUDY/latihan/about/exa-interview/e2e-inverted-bitplane-project/data/prefix-study-2026-09-13/pools/qwen-quora-d32/routers/ivf-binary-16-seed42,final-s0082,1,15,9,128,0,True,0,42,3000,3,True,True,0.9912,0.09233349555870518,0.29354614089243114,380.9332295350032,0.09231249714503065,0.09202049841405824,0.09270850569009781,10460464,72171520,2715.882,210.3,87801.385,20544.236,0.0,0.0,0.0,,,
branch,16,/Users/vinroger/DATA/STUDY/latihan/about/exa-interview/e2e-inverted-bitplane-project/data/prefix-study-2026-09-13/pools/qwen-quora-d32/routers/ivf-binary-16-seed42,final-s0094,1,20,9,2048,8192,True,0,42,3000,3,True,True,0.9905,0.11954150249948725,0.42999963916372486,550.2495992404874,0.11197899584658444,0.11162499140482396,0.1406044902978465,10460464,72171520,23400.408,90.864,36427.588,10488.066,0.0,0.0,0.0,,,
branch,16,/Users/vinroger/DATA/STUDY/latihan/about/exa-interview/e2e-inverted-bitplane-project/data/prefix-study-2026-09-13/pools/qwen-quora-d32/routers/ivf-binary-16-seed42,final-s0106,1,30,10,2048,1024,True,0,42,3000,3,True,True,0.9939666666666667,0.14989550254540518,0.5075937580841122,650.4809564357856,0.15008349873824045,0.14885400014463812,0.15229150449158624,10460464,72171520,29998.347,108.52,42406.958,13652.467,0.0,0.0,0.0,,,
branch,16,/Users/vinroger/DATA/STUDY/latihan/about/exa-interview/e2e-inverted-bitplane-project/data/prefix-study-2026-09-13/pools/qwen-quora-d32/routers/ivf-binary-16-seed42,final-s0118,1,50,10,128,8192,True,0,42,3000,3,True,True,0.99326,0.20804149971809238,0.5163878129678773,701.4104359259363,0.20824999955948442,0.2078749967040494,0.20829150162171572,10460464,72171520,5460.969,362.089,145007.407,41705.383,0.0,0.0,0.0,,,
branch,16,/Users/vinroger/DATA/STUDY/latihan/about/exa-interview/e2e-inverted-bitplane-project/data/prefix-study-2026-09-13/pools/qwen-quora-d32/routers/ivf-binary-16-seed42,final-s0130,1,75,10,128,0,True,0,42,3000,3,True,True,0.9927066666666666,0.2597915008664131,0.6309312520897944,876.4835609181318,0.2567710034782067,0.25466649822192267,0.2704169964999892,10460464,72171520,6738.537,431.277,170959.855,51519.441,0.0,0.0,0.0,,,
prefix,4096,/Users/vinroger/DATA/STUDY/latihan/about/exa-interview/e2e-inverted-bitplane-project/data/prefix-study-2026-09-13/pools/qwen-quora-d32/routers/ivf-binary-4096-seed42,final-s0113,1,50,67,,,,,,3000,3,True,True,0.90092,0.060957994719501585,0.0714170018909499,185.84939795255195,0.06087500514695421,0.060457998188212514,0.06154099537525326,10458620,77561856,9044.784,0.0,0.0,0.0,1.0,0.0,0.0,0,0,True
prefix,4096,/Users/vinroger/DATA/STUDY/latihan/about/exa-interview/e2e-inverted-bitplane-project/data/prefix-study-2026-09-13/pools/qwen-quora-d32/routers/ivf-binary-4096-seed42,final-s0116,1,50,121,,,,,,3000,3,True,True,0.95036,0.09962500189431012,0.11350000568199903,302.01569278142415,0.10012499114964157,0.0985630031209439,0.10029099939856678,10458620,77561856,16283.632,0.0,0.0,0.0,1.0,0.0,0.0,0,0,True
prefix,4096,/Users/vinroger/DATA/STUDY/latihan/about/exa-interview/e2e-inverted-bitplane-project/data/prefix-study-2026-09-13/pools/qwen-quora-d32/routers/ivf-binary-4096-seed42,final-s0119,1,50,322,,,,,,3000,3,True,True,0.99004,0.21981250029057264,0.2429601052426733,662.7283933048602,0.22000000171829015,0.21893750090384856,0.22047949460102245,10458620,77561856,43157.822,0.0,0.0,0.0,1.0,0.0,0.0,0,0,True
prefix,4096,/Users/vinroger/DATA/STUDY/latihan/about/exa-interview/e2e-inverted-bitplane-project/data/prefix-study-2026-09-13/pools/qwen-quora-d32/routers/ivf-binary-4096-seed42,final-s0122,1,75,35,,,,,,3000,3,True,True,0.8022666666666667,0.043499996536411345,0.05062499258201569,132.43458294891752,0.04354099655756727,0.043104497308377177,0.044208005419932306,10458620,77561856,4732.377,0.0,0.0,0.0,1.0,0.0,0.0,0,0,True
prefix,4096,/Users/vinroger/DATA/STUDY/latihan/about/exa-interview/e2e-inverted-bitplane-project/data/prefix-study-2026-09-13/pools/qwen-quora-d32/routers/ivf-binary-4096-seed42,final-s0125,1,75,75,,,,,,3000,3,True,True,0.9016533333333333,0.06954200216569006,0.07933400047477335,211.01784346683417,0.0694585032761097,0.06906249473104253,0.07016700692474842,10458620,77561856,10123.537,0.0,0.0,0.0,1.0,0.0,0.0,0,0,True
prefix,4096,/Users/vinroger/DATA/STUDY/latihan/about/exa-interview/e2e-inverted-bitplane-project/data/prefix-study-2026-09-13/pools/qwen-quora-d32/routers/ivf-binary-4096-seed42,final-s0128,1,75,134,,,,,,3000,3,True,True,0.9501066666666667,0.11162500595673919,0.1263351041416172,338.0666173325153,0.1114999977289699,0.1109999866457656,0.11256200377829373,10458620,77561856,18026.948,0.0,0.0,0.0,1.0,0.0,0.0,0,0,True
prefix,1024,/Users/vinroger/DATA/STUDY/latihan/about/exa-interview/e2e-inverted-bitplane-project/data/prefix-study-2026-09-13/pools/qwen-quora-d32/routers/ivf-binary-1024-seed42,final-s0011,1,1,78,,,,,,3000,3,True,True,0.99,0.11447900033090264,0.1805830601369962,353.16153688472696,0.11212449317099527,0.10962449596263468,0.1207919922308065,10458620,78086144,26153.499,0.0,0.0,0.0,3.511,494.988,1.489,4,0,True
branch,4096,/Users/vinroger/DATA/STUDY/latihan/about/exa-interview/e2e-inverted-bitplane-project/data/prefix-study-2026-09-13/pools/qwen-quora-d32/routers/ivf-binary-4096-seed42,final-s0133,1,100,38,2048,8192,True,0,42,3000,3,True,True,0.80108,0.05231249815551564,0.06154200018499978,159.56789259507786,0.05254099960438907,0.05141699512023479,0.05308300023898482,10965040,80871424,5139.612,38.0,0.0,98.674,0.0,0.0,0.0,,,
branch,4096,/Users/vinroger/DATA/STUDY/latihan/about/exa-interview/e2e-inverted-bitplane-project/data/prefix-study-2026-09-13/pools/qwen-quora-d32/routers/ivf-binary-4096-seed42,final-s0136,1,100,82,2048,1024,True,0,42,3000,3,True,True,0.90087,0.08458350203000009,0.09717114444356409,256.609593576286,0.08395800250582397,0.08362499647773802,0.08616699778940529,10965040,80871424,11059.047,82.0,0.0,212.417,0.0,0.0,0.0,,,
branch,4096,/Users/vinroger/DATA/STUDY/latihan/about/exa-interview/e2e-inverted-bitplane-project/data/prefix-study-2026-09-13/pools/qwen-quora-d32/routers/ivf-binary-4096-seed42,final-s0139,1,100,147,2048,8192,True,0,42,3000,3,True,True,0.95032,0.1359169982606545,0.15409020197694187,411.7844042775687,0.1360414971713908,0.13439599570119753,0.13775000115856528,10965040,80871424,19772.328,147.0,0.0,379.936,0.0,0.0,0.0,,,
scan,4096,/Users/vinroger/DATA/STUDY/latihan/about/exa-interview/e2e-inverted-bitplane-project/data/prefix-study-2026-09-13/pools/qwen-quora-d32/routers/ivf-binary-4096-seed42,final-s0072,1,15,22,,,,,,3000,3,True,True,0.8005333333333333,0.026542009436525404,0.031000003218650818,81.10554369341116,0.02666700311237946,0.02620898885652423,0.026749999960884452,8366896,78217216,2975.703,0.0,0.0,0.0,0.0,0.0,0.0,,,
scan,4096,/Users/vinroger/DATA/STUDY/latihan/about/exa-interview/e2e-inverted-bitplane-project/data/prefix-study-2026-09-13/pools/qwen-quora-d32/routers/ivf-binary-4096-seed42,final-s0075,1,15,50,,,,,,3000,3,True,True,0.9013333333333333,0.044957996578887105,0.051875002100132406,136.82143611367792,0.0450000079581514,0.044354499550536275,0.045707987737841904,8366896,78217216,6752.21,0.0,0.0,0.0,0.0,0.0,0.0,,,
scan,4096,/Users/vinroger/DATA/STUDY/latihan/about/exa-interview/e2e-inverted-bitplane-project/data/prefix-study-2026-09-13/pools/qwen-quora-d32/routers/ivf-binary-4096-seed42,final-s0078,1,15,91,,,,,,3000,3,True,True,0.9500666666666666,0.07095800538081676,0.0815020452137105,215.64528113231063,0.07091699808370322,0.0704589911038056,0.07147950236685574,8366896,78217216,12258.41,0.0,0.0,0.0,0.0,0.0,0.0,,,
scan,4096,/Users/vinroger/DATA/STUDY/latihan/about/exa-interview/e2e-inverted-bitplane-project/data/prefix-study-2026-09-13/pools/qwen-quora-d32/routers/ivf-binary-4096-seed42,final-s0081,1,15,272,,,,,,3000,3,True,True,0.99,0.18687499687075615,0.20842319718212818,565.3130775754107,0.18724999972619116,0.18556249415269122,0.18754099437501281,8366896,78217216,36486.821,0.0,0.0,0.0,0.0,0.0,0.0,,,
scan,4096,/Users/vinroger/DATA/STUDY/latihan/about/exa-interview/e2e-inverted-bitplane-project/data/prefix-study-2026-09-13/pools/qwen-quora-d32/routers/ivf-binary-4096-seed42,final-s0084,1,20,24,,,,,,3000,3,True,True,0.80445,0.028541995561681688,0.033127055212389664,87.17599198280368,0.028458001906983554,0.02804200630635023,0.029208000341895968,8366896,78217216,3245.004,0.0,0.0,0.0,0.0,0.0,0.0,,,
scan,4096,/Users/vinroger/DATA/STUDY/latihan/about/exa-interview/e2e-inverted-bitplane-project/data/prefix-study-2026-09-13/pools/qwen-quora-d32/routers/ivf-binary-4096-seed42,final-s0087,1,20,53,,,,,,3000,3,True,True,0.90055,0.04766600613947958,0.05487499656737782,144.88546585198492,0.04766700294567272,0.04700000863522291,0.04847899981541559,8366896,78217216,7154.509,0.0,0.0,0.0,0.0,0.0,0.0,,,
scan,4096,/Users/vinroger/DATA/STUDY/latihan/about/exa-interview/e2e-inverted-bitplane-project/data/prefix-study-2026-09-13/pools/qwen-quora-d32/routers/ivf-binary-4096-seed42,final-s0018,1,2,67,,,,,,3000,3,True,True,0.95,0.053499999921768904,0.0624181018793024,162.87843993632123,0.0532910053152591,0.05312499706633389,0.05400000372901559,8366896,78118912,9044.784,0.0,0.0,0.0,0.0,0.0,0.0,,,
scan,4096,/Users/vinroger/DATA/STUDY/latihan/about/exa-interview/e2e-inverted-bitplane-project/data/prefix-study-2026-09-13/pools/qwen-quora-d32/routers/ivf-binary-4096-seed42,final-s0021,1,2,208,,,,,,3000,3,True,True,0.99,0.14520799595629796,0.16550415821257045,440.10738942597527,0.14522949641104788,0.14291600382421166,0.14752100105397403,8366896,78118912,27934.374,0.0,0.0,0.0,0.0,0.0,0.0,,,
scan,4096,/Users/vinroger/DATA/STUDY/latihan/about/exa-interview/e2e-inverted-bitplane-project/data/prefix-study-2026-09-13/pools/qwen-quora-d32/routers/ivf-binary-4096-seed42,final-s0024,1,3,17,,,,,,3000,3,True,True,0.805,0.020958003005944192,0.02462499905959703,64.02431103924755,0.02083300205413252,0.020499996026046574,0.021625004592351615,8366896,78118912,2303.095,0.0,0.0,0.0,0.0,0.0,0.0,,,
scan,4096,/Users/vinroger/DATA/STUDY/latihan/about/exa-interview/e2e-inverted-bitplane-project/data/prefix-study-2026-09-13/pools/qwen-quora-d32/routers/ivf-binary-4096-seed42,final-s0027,1,3,37,,,,,,3000,3,True,True,0.9,0.03383301373105496,0.03858299241983332,102.74974572530482,0.033915996027644724,0.03337500675115734,0.03420799475861713,8366896,78118912,5003.783,0.0,0.0,0.0,0.0,0.0,0.0,,,
scan,4096,/Users/vinroger/DATA/STUDY/latihan/about/exa-interview/e2e-inverted-bitplane-project/data/prefix-study-2026-09-13/pools/qwen-quora-d32/routers/ivf-binary-4096-seed42,final-s0030,1,3,70,,,,,,3000,3,True,True,0.95,0.05479149695020169,0.06312710029305889,166.40082739468198,0.05483299901243299,0.054270502005238086,0.05529199552256614,8366896,78118912,9447.94,0.0,0.0,0.0,0.0,0.0,0.0,,,
scan,4096,/Users/vinroger/DATA/STUDY/latihan/about/exa-interview/e2e-inverted-bitplane-project/data/prefix-study-2026-09-13/pools/qwen-quora-d32/routers/ivf-binary-4096-seed42,final-s0033,1,3,208,,,,,,3000,3,True,True,0.99,0.14783299411647022,0.1722919987514615,449.8077173921047,0.14604199532186612,0.14283299969974905,0.15664550301153213,8366896,78118912,27934.374,0.0,0.0,0.0,0.0,0.0,0.0,,,
branch,16,/Users/vinroger/DATA/STUDY/latihan/about/exa-interview/e2e-inverted-bitplane-project/data/prefix-study-2026-09-13/pools/qwen-quora-d32/routers/ivf-binary-16-seed42,final-s0031,1,3,5,128,1024,True,0,42,3000,3,True,True,0.9516666666666667,0.037479498132597655,0.11092849308624857,147.76402957795653,0.03768700116779655,0.03697949432535097,0.03777049278141931,10460464,72368128,814.459,86.138,38554.072,5850.288,0.0,0.0,0.0,,,
branch,16,/Users/vinroger/DATA/STUDY/latihan/about/exa-interview/e2e-inverted-bitplane-project/data/prefix-study-2026-09-13/pools/qwen-quora-d32/routers/ivf-binary-16-seed42,final-s0034,1,3,9,128,0,True,0,42,3000,3,True,True,0.9913333333333333,0.05679099558619782,0.16541905424674042,217.41457990719937,0.05691699334420264,0.056041491916403174,0.05714550206903368,10460464,72368128,1226.244,134.513,60167.616,9047.812,0.0,0.0,0.0,,,
branch,16,/Users/vinroger/DATA/STUDY/latihan/about/exa-interview/e2e-inverted-bitplane-project/data/prefix-study-2026-09-13/pools/qwen-quora-d32/routers/ivf-binary-16-seed42,final-s0040,1,5,4,128,8192,True,0,42,3000,3,True,True,0.9078,0.03454199759289622,0.11571424693102014,147.28415837453213,0.03454150282777846,0.03414600359974429,0.035229502827860415,10460464,72368128,908.486,83.004,36276.599,6573.44,0.0,0.0,0.0,,,
branch,16,/Users/vinroger/DATA/STUDY/latihan/about/exa-interview/e2e-inverted-bitplane-project/data/prefix-study-2026-09-13/pools/qwen-quora-d32/routers/ivf-binary-16-seed42,final-s0043,1,5,6,128,1024,True,0,42,3000,3,True,True,0.9672,0.045166496420279145,0.15297055360861117,190.76743500772864,0.045145505282562226,0.044353997509460896,0.045874505303800106,10460464,72368128,1182.183,111.897,49055.737,8659.82,0.0,0.0,0.0,,,
branch,16,/Users/vinroger/DATA/STUDY/latihan/about/exa-interview/e2e-inverted-bitplane-project/data/prefix-study-2026-09-13/pools/qwen-quora-d32/routers/ivf-binary-16-seed42,final-s0046,1,5,9,128,8192,True,0,42,3000,3,True,True,0.992,0.06008349737385288,0.19846635113935912,249.78915543761104,0.060395490436349064,0.059562502428889275,0.060500002291519195,10460464,72368128,1544.457,150.058,65766.94,11493.883,0.0,0.0,0.0,,,
branch,16,/Users/vinroger/DATA/STUDY/latihan/about/exa-interview/e2e-inverted-bitplane-project/data/prefix-study-2026-09-13/pools/qwen-quora-d32/routers/ivf-binary-16-seed42,final-s0058,1,7,9,128,1024,True,0,42,3000,3,True,True,0.991,0.06408299668692052,0.22866810177220032,281.81824022613,0.06414599920390174,0.06343750283122063,0.06445899634854868,10460464,72368128,1839.71,165.242,71260.868,13803.466,0.0,0.0,0.0,,,
prefix,4096,/Users/vinroger/DATA/STUDY/latihan/about/exa-interview/e2e-inverted-bitplane-project/data/prefix-study-2026-09-13/pools/qwen-quora-d32/routers/ivf-binary-4096-seed42,final-s0095,1,20,280,,,,,,3000,3,True,True,0.99005,0.191395498404745,0.21512705789064057,579.3999182351399,0.19149999570799991,0.18856249516829848,0.1943749957717955,10458620,77021184,37553.53,0.0,0.0,0.0,1.0,0.0,0.0,0,0,True
prefix,4096,/Users/vinroger/DATA/STUDY/latihan/about/exa-interview/e2e-inverted-bitplane-project/data/prefix-study-2026-09-13/pools/qwen-quora-d32/routers/ivf-binary-4096-seed42,final-s0098,1,30,26,,,,,,3000,3,True,True,0.8015,0.031042000045999885,0.03608300175983459,94.5491104357643,0.03135449514957145,0.03037499845959246,0.031499992473982275,10458620,77021184,3515.834,0.0,0.0,0.0,1.0,0.0,0.0,0,0,True
prefix,4096,/Users/vinroger/DATA/STUDY/latihan/about/exa-interview/e2e-inverted-bitplane-project/data/prefix-study-2026-09-13/pools/qwen-quora-d32/routers/ivf-binary-4096-seed42,final-s0101,1,30,58,,,,,,3000,3,True,True,0.9012666666666667,0.0517919979756698,0.06005030227242964,157.54229159210809,0.05212500400375575,0.05066599987912923,0.052666997362393886,10458620,77021184,7829.971,0.0,0.0,0.0,1.0,0.0,0.0,0,0,True
prefix,4096,/Users/vinroger/DATA/STUDY/latihan/about/exa-interview/e2e-inverted-bitplane-project/data/prefix-study-2026-09-13/pools/qwen-quora-d32/routers/ivf-binary-4096-seed42,final-s0104,1,30,105,,,,,,3000,3,True,True,0.9503333333333334,0.0863544992171228,0.09833714575506744,261.9286782864947,0.08689600508660078,0.08437500218860805,0.08787499973550439,10458620,77021184,14137.271,0.0,0.0,0.0,1.0,0.0,0.0,0,0,True
prefix,4096,/Users/vinroger/DATA/STUDY/latihan/about/exa-interview/e2e-inverted-bitplane-project/data/prefix-study-2026-09-13/pools/qwen-quora-d32/routers/ivf-binary-4096-seed42,final-s0107,1,30,292,,,,,,3000,3,True,True,0.99,0.1996040009544231,0.22358510323101655,603.4481981187128,0.20168750052107498,0.19531199359335005,0.20191699877614155,10458620,77021184,39158.445,0.0,0.0,0.0,1.0,0.0,0.0,0,0,True
prefix,4096,/Users/vinroger/DATA/STUDY/latihan/about/exa-interview/e2e-inverted-bitplane-project/data/prefix-study-2026-09-13/pools/qwen-quora-d32/routers/ivf-binary-4096-seed42,final-s0110,1,50,31,,,,,,3000,3,True,True,0.80312,0.03837500116787851,0.046542001655325294,118.12999450194184,0.03791699418798089,0.036375000490807,0.04089550202479586,10458620,77021184,4191.465,0.0,0.0,0.0,1.0,0.0,0.0,0,0,True
branch,16,/Users/vinroger/DATA/STUDY/latihan/about/exa-interview/e2e-inverted-bitplane-project/data/prefix-study-2026-09-13/pools/qwen-quora-d32/routers/ivf-binary-16-seed42,final-s0142,1,100,10,128,0,True,0,42,3000,3,True,True,0.99213,0.28575000033015385,0.7053898974845646,973.9637886668788,0.2857080035028048,0.28445849602576345,0.28770849166903645,10460464,72335360,7842.204,487.239,191417.026,60026.093,0.0,0.0,0.0,,,
prefix,4096,/Users/vinroger/DATA/STUDY/latihan/about/exa-interview/e2e-inverted-bitplane-project/data/prefix-study-2026-09-13/pools/qwen-quora-d32/routers/ivf-binary-4096-seed42,final-s0077,1,15,50,,,,,,3000,3,True,True,0.9013333333333333,0.04441700002644211,0.05220800812821835,135.466304331203,0.0441250012954697,0.0441250012954697,0.0449585058959201,10458620,77545472,6752.21,0.0,0.0,0.0,1.0,0.0,0.0,0,0,True
prefix,4096,/Users/vinroger/DATA/STUDY/latihan/about/exa-interview/e2e-inverted-bitplane-project/data/prefix-study-2026-09-13/pools/qwen-quora-d32/routers/ivf-binary-4096-seed42,final-s0080,1,15,91,,,,,,3000,3,True,True,0.9500666666666666,0.06979099998716265,0.07966810226207598,211.65136984200217,0.07000000186963007,0.06895899423398077,0.07039549382170662,10458620,77545472,12258.41,0.0,0.0,0.0,1.0,0.0,0.0,0,0,True
prefix,4096,/Users/vinroger/DATA/STUDY/latihan/about/exa-interview/e2e-inverted-bitplane-project/data/prefix-study-2026-09-13/pools/qwen-quora-d32/routers/ivf-binary-4096-seed42,final-s0083,1,15,272,,,,,,3000,3,True,True,0.99,0.1841670018620789,0.2090871945256367,558.594363857992,0.18412499775877222,0.1835830044001341,0.1846249942900613,10458620,77545472,36486.821,0.0,0.0,0.0,1.0,0.0,0.0,0,0,True
prefix,4096,/Users/vinroger/DATA/STUDY/latihan/about/exa-interview/e2e-inverted-bitplane-project/data/prefix-study-2026-09-13/pools/qwen-quora-d32/routers/ivf-binary-4096-seed42,final-s0086,1,20,24,,,,,,3000,3,True,True,0.80445,0.028708003810606897,0.03275000199209899,87.2628935467219,0.028292008209973574,0.02824999683070928,0.029625000024680048,10458620,77545472,3245.004,0.0,0.0,0.0,1.0,0.0,0.0,0,0,True
prefix,4096,/Users/vinroger/DATA/STUDY/latihan/about/exa-interview/e2e-inverted-bitplane-project/data/prefix-study-2026-09-13/pools/qwen-quora-d32/routers/ivf-binary-4096-seed42,final-s0089,1,20,53,,,,,,3000,3,True,True,0.90055,0.04720799915958196,0.05475209545693359,143.5137872613268,0.04720900324173272,0.04687499313149601,0.04766599158756435,10458620,77545472,7154.509,0.0,0.0,0.0,1.0,0.0,0.0,0,0,True
prefix,4096,/Users/vinroger/DATA/STUDY/latihan/about/exa-interview/e2e-inverted-bitplane-project/data/prefix-study-2026-09-13/pools/qwen-quora-d32/routers/ivf-binary-4096-seed42,final-s0092,1,20,98,,,,,,3000,3,True,True,0.9502,0.07495799945900217,0.08571010112063958,227.54096215066966,0.07479199848603457,0.07445799565175548,0.07554100011475384,10458620,77545472,13196.612,0.0,0.0,0.0,1.0,0.0,0.0,0,0,True
scan,4096,/Users/vinroger/DATA/STUDY/latihan/about/exa-interview/e2e-inverted-bitplane-project/data/prefix-study-2026-09-13/pools/qwen-quora-d32/routers/ivf-binary-4096-seed42,final-s0126,1,75,134,,,,,,3000,3,True,True,0.9501066666666667,0.11304100189590827,0.12979404491488822,342.8898129350273,0.11304199870210141,0.11300000187475234,0.11304199870210141,8366896,78069760,18026.948,0.0,0.0,0.0,0.0,0.0,0.0,,,
scan,4096,/Users/vinroger/DATA/STUDY/latihan/about/exa-interview/e2e-inverted-bitplane-project/data/prefix-study-2026-09-13/pools/qwen-quora-d32/routers/ivf-binary-4096-seed42,final-s0129,1,75,354,,,,,,3000,3,True,True,0.99004,0.24412499624304473,0.27050210774177685,736.2212022562744,0.24445800227113068,0.2426249993732199,0.24489549832651392,8366896,78069760,47413.069,0.0,0.0,0.0,0.0,0.0,0.0,,,
scan,4096,/Users/vinroger/DATA/STUDY/latihan/about/exa-interview/e2e-inverted-bitplane-project/data/prefix-study-2026-09-13/pools/qwen-quora-d32/routers/ivf-binary-4096-seed42,final-s0132,1,100,38,,,,,,3000,3,True,True,0.80108,0.04874999285675585,0.05721010238630696,148.4647857141681,0.04924999666400254,0.04787500074598938,0.04924999666400254,8366896,78069760,5139.612,0.0,0.0,0.0,0.0,0.0,0.0,,,
scan,4096,/Users/vinroger/DATA/STUDY/latihan/about/exa-interview/e2e-inverted-bitplane-project/data/prefix-study-2026-09-13/pools/qwen-quora-d32/routers/ivf-binary-4096-seed42,final-s0135,1,100,82,,,,,,3000,3,True,True,0.90087,0.07845800428185612,0.09112710977206005,238.50731694255956,0.07795800047460943,0.07687500328756869,0.08029150194488466,8366896,78069760,11059.047,0.0,0.0,0.0,0.0,0.0,0.0,,,
scan,4096,/Users/vinroger/DATA/STUDY/latihan/about/exa-interview/e2e-inverted-bitplane-project/data/prefix-study-2026-09-13/pools/qwen-quora-d32/routers/ivf-binary-4096-seed42,final-s0138,1,100,147,,,,,,3000,3,True,True,0.95032,0.12441700528142974,0.1417931453033816,376.62347666628193,0.1237505057360977,0.12277050700504333,0.12666700058616698,8366896,78069760,19772.328,0.0,0.0,0.0,0.0,0.0,0.0,,,
scan,4096,/Users/vinroger/DATA/STUDY/latihan/about/exa-interview/e2e-inverted-bitplane-project/data/prefix-study-2026-09-13/pools/qwen-quora-d32/routers/ivf-binary-4096-seed42,final-s0141,1,100,380,,,,,,3000,3,True,True,0.99,0.26429100398672745,0.2924232467194087,797.2820928698638,0.2651250033522956,0.26212500233668834,0.26543749845586717,8366896,78069760,50864.535,0.0,0.0,0.0,0.0,0.0,0.0,,,
prefix,4096,/Users/vinroger/DATA/STUDY/latihan/about/exa-interview/e2e-inverted-bitplane-project/data/prefix-study-2026-09-13/pools/qwen-quora-d32/routers/ivf-binary-4096-seed42,final-s0002,1,1,16,,,,,,3000,3,True,True,0.803,0.021145497157704085,0.024958004360087216,64.12471103249118,0.021291503799147904,0.0208335040952079,0.02129199856426567,10458620,77004800,1783.422,0.0,0.0,0.0,1.364,32.0,0.636,1,0,True
prefix,4096,/Users/vinroger/DATA/STUDY/latihan/about/exa-interview/e2e-inverted-bitplane-project/data/prefix-study-2026-09-13/pools/qwen-quora-d32/routers/ivf-binary-4096-seed42,final-s0005,1,1,35,,,,,,3000,3,True,True,0.901,0.03283300611656159,0.03912499305442907,99.17223632510286,0.032916497730184346,0.032500000088475645,0.033042000723071396,10458620,77004800,3803.984,0.0,0.0,0.0,1.352,70.0,0.648,1,0,True
prefix,4096,/Users/vinroger/DATA/STUDY/latihan/about/exa-interview/e2e-inverted-bitplane-project/data/prefix-study-2026-09-13/pools/qwen-quora-d32/routers/ivf-binary-4096-seed42,final-s0008,1,1,67,,,,,,3000,3,True,True,0.95,0.052041999879293144,0.06274999759625643,157.38992881961167,0.05202100146561861,0.05195800622459501,0.052166498790029436,10458620,77004800,7148.419,0.0,0.0,0.0,1.345,134.0,0.655,1,0,True
prefix,4096,/Users/vinroger/DATA/STUDY/latihan/about/exa-interview/e2e-inverted-bitplane-project/data/prefix-study-2026-09-13/pools/qwen-quora-d32/routers/ivf-binary-4096-seed42,final-s0014,1,2,16,,,,,,3000,3,True,True,0.8,0.020332998246885836,0.023124987637856975,61.862212838605046,0.020292005501687527,0.01983300899155438,0.020749997929669917,10458620,77004800,2166.455,0.0,0.0,0.0,1.0,0.0,0.0,0,0,True
prefix,4096,/Users/vinroger/DATA/STUDY/latihan/about/exa-interview/e2e-inverted-bitplane-project/data/prefix-study-2026-09-13/pools/qwen-quora-d32/routers/ivf-binary-4096-seed42,final-s0017,1,2,36,,,,,,3000,3,True,True,0.9025,0.03325000579934567,0.03779404360102488,100.93751709791832,0.03354200453031808,0.03241699596401304,0.033729498682077974,10458620,77004800,4868.495,0.0,0.0,0.0,1.0,0.0,0.0,0,0,True
prefix,4096,/Users/vinroger/DATA/STUDY/latihan/about/exa-interview/e2e-inverted-bitplane-project/data/prefix-study-2026-09-13/pools/qwen-quora-d32/routers/ivf-binary-4096-seed42,final-s0020,1,2,67,,,,,,3000,3,True,True,0.95,0.05458299710880965,0.06516909779747947,163.65202258748468,0.05466699076350778,0.05408399738371372,0.0549789983779192,10458620,77004800,7572.215,0.0,0.0,0.0,1.464,134.0,0.536,1,0,True
prefix,4096,/Users/vinroger/DATA/STUDY/latihan/about/exa-interview/e2e-inverted-bitplane-project/data/prefix-study-2026-09-13/pools/qwen-quora-d32/routers/ivf-binary-4096-seed42,final-s0131,1,75,354,,,,,,3000,3,True,True,0.99004,0.24022949946811423,0.26859025092562655,725.9588387969416,0.23983300343388692,0.23633299861103296,0.24485400354024023,10458620,77119488,47413.069,0.0,0.0,0.0,1.0,0.0,0.0,0,0,True
prefix,4096,/Users/vinroger/DATA/STUDY/latihan/about/exa-interview/e2e-inverted-bitplane-project/data/prefix-study-2026-09-13/pools/qwen-quora-d32/routers/ivf-binary-4096-seed42,final-s0134,1,100,38,,,,,,3000,3,True,True,0.80108,0.04779199662152678,0.05558300472330302,145.34992701373994,0.047333494876511395,0.04729200009023771,0.04895799793303013,10458620,77119488,5139.612,0.0,0.0,0.0,1.0,0.0,0.0,0,0,True
prefix,4096,/Users/vinroger/DATA/STUDY/latihan/about/exa-interview/e2e-inverted-bitplane-project/data/prefix-study-2026-09-13/pools/qwen-quora-d32/routers/ivf-binary-4096-seed42,final-s0137,1,100,82,,,,,,3000,3,True,True,0.90087,0.07583299884572625,0.08762709767324849,231.079298973782,0.07577049836982042,0.07431249832734466,0.07766600174363703,10458620,77119488,11059.047,0.0,0.0,0.0,1.0,0.0,0.0,0,0,True
prefix,4096,/Users/vinroger/DATA/STUDY/latihan/about/exa-interview/e2e-inverted-bitplane-project/data/prefix-study-2026-09-13/pools/qwen-quora-d32/routers/ivf-binary-4096-seed42,final-s0140,1,100,147,,,,,,3000,3,True,True,0.95032,0.12114550190744922,0.1376250002067536,366.2605343852192,0.12095800047973171,0.1187705056509003,0.12420849088812247,10458620,77119488,19772.328,0.0,0.0,0.0,1.0,0.0,0.0,0,0,True
prefix,4096,/Users/vinroger/DATA/STUDY/latihan/about/exa-interview/e2e-inverted-bitplane-project/data/prefix-study-2026-09-13/pools/qwen-quora-d32/routers/ivf-binary-4096-seed42,final-s0143,1,100,380,,,,,,3000,3,True,True,0.99,0.2575625039753504,0.2852562538464553,776.3866904570023,0.2587919952929951,0.2530409983592108,0.2603544926387258,10458620,77119488,50864.535,0.0,0.0,0.0,1.0,0.0,0.0,0,0,True
branch,16,/Users/vinroger/DATA/STUDY/latihan/about/exa-interview/e2e-inverted-bitplane-project/data/prefix-study-2026-09-13/pools/qwen-quora-d32/routers/ivf-binary-16-seed42,final-s0004,1,1,4,128,1024,True,0,42,3000,3,True,True,0.913,0.029458009521476924,0.060223550826776696,100.20778843318112,0.02943749859696254,0.02937500539701432,0.02970799687318504,10460464,72269824,438.079,60.17,28024.727,2999.777,0.0,0.0,0.0,,,
branch,16,/Users/vinroger/DATA/STUDY/latihan/about/exa-interview/e2e-inverted-bitplane-project/data/prefix-study-2026-09-13/pools/qwen-quora-d32/routers/ivf-binary-16-seed42,final-s0007,1,1,5,128,1024,True,0,42,3000,3,True,True,0.953,0.034000004234258085,0.062171140598366016,113.36011147068348,0.03410399949643761,0.033792006433941424,0.034165997931268066,10460464,72269824,517.706,72.341,33698.108,3569.619,0.0,0.0,0.0,,,
branch,16,/Users/vinroger/DATA/STUDY/latihan/about/exa-interview/e2e-inverted-bitplane-project/data/prefix-study-2026-09-13/pools/qwen-quora-d32/routers/ivf-binary-16-seed42,final-s0010,1,1,9,128,1024,True,0,42,3000,3,True,True,0.992,0.053499999921768904,0.08598189306212577,174.68246530916076,0.05356250039767474,0.05327050166670233,0.053687508625444025,10460464,72269824,817.826,115.738,53692.536,5838.185,0.0,0.0,0.0,,,
branch,16,/Users/vinroger/DATA/STUDY/latihan/about/exa-interview/e2e-inverted-bitplane-project/data/prefix-study-2026-09-13/pools/qwen-quora-d32/routers/ivf-binary-16-seed42,final-s0016,1,2,4,128,1024,True,0,42,3000,3,True,True,0.909,0.03004199970746413,0.07762499517411925,111.41305192722939,0.03004199970746413,0.030000002880115062,0.030166505894158036,10460464,72269824,588.812,66.863,30333.292,4145.55,0.0,0.0,0.0,,,
branch,16,/Users/vinroger/DATA/STUDY/latihan/about/exa-interview/e2e-inverted-bitplane-project/data/prefix-study-2026-09-13/pools/qwen-quora-d32/routers/ivf-binary-16-seed42,final-s0019,1,2,6,128,1024,True,0,42,3000,3,True,True,0.966,0.04083299427293241,0.10214170615654429,148.15738073957618,0.04089550202479586,0.04045799869345501,0.04112500755582005,10460464,72269824,777.623,91.855,41771.106,5573.342,0.0,0.0,0.0,,,
branch,16,/Users/vinroger/DATA/STUDY/latihan/about/exa-interview/e2e-inverted-bitplane-project/data/prefix-study-2026-09-13/pools/qwen-quora-d32/routers/ivf-binary-16-seed42,final-s0022,1,2,9,128,1024,True,0,42,3000,3,True,True,0.993,0.05554199742618948,0.12758299999404699,197.82756445056293,0.055416501709260046,0.05483299901243299,0.05616700218524784,10460464,72269824,1034.332,125.13,56820.596,7552.408,0.0,0.0,0.0,,,
scan,4096,/Users/vinroger/DATA/STUDY/latihan/about/exa-interview/e2e-inverted-bitplane-project/data/prefix-study-2026-09-13/pools/qwen-quora-d32/routers/ivf-binary-4096-seed42,final-s0036,1,5,18,,,,,,3000,3,True,True,0.802,0.022499996703118086,0.026127108867513005,68.64914156903978,0.02258300082758069,0.022167005226947367,0.022645501303486526,8366896,78118912,2436.542,0.0,0.0,0.0,0.0,0.0,0.0,,,
scan,4096,/Users/vinroger/DATA/STUDY/latihan/about/exa-interview/e2e-inverted-bitplane-project/data/prefix-study-2026-09-13/pools/qwen-quora-d32/routers/ivf-binary-4096-seed42,final-s0039,1,5,40,,,,,,3000,3,True,True,0.901,0.036708006518892944,0.04254404993844217,111.82158555311617,0.03633300366345793,0.03633300366345793,0.03749999450519681,8366896,78118912,5407.89,0.0,0.0,0.0,0.0,0.0,0.0,,,
scan,4096,/Users/vinroger/DATA/STUDY/latihan/about/exa-interview/e2e-inverted-bitplane-project/data/prefix-study-2026-09-13/pools/qwen-quora-d32/routers/ivf-binary-4096-seed42,final-s0042,1,5,73,,,,,,3000,3,True,True,0.9502,0.05862500984221697,0.06754405112587845,177.80209358897991,0.05833299655932933,0.05785449320683256,0.0597079997533001,8366896,78118912,9852.251,0.0,0.0,0.0,0.0,0.0,0.0,,,
scan,4096,/Users/vinroger/DATA/STUDY/latihan/about/exa-interview/e2e-inverted-bitplane-project/data/prefix-study-2026-09-13/pools/qwen-quora-d32/routers/ivf-binary-4096-seed42,final-s0045,1,5,218,,,,,,3000,3,True,True,0.99,0.15416700625792146,0.17395799004589207,465.81432440143544,0.1526455016573891,0.15220799832604825,0.15741649986011907,8366896,78118912,29270.203,0.0,0.0,0.0,0.0,0.0,0.0,,,
scan,4096,/Users/vinroger/DATA/STUDY/latihan/about/exa-interview/e2e-inverted-bitplane-project/data/prefix-study-2026-09-13/pools/qwen-quora-d32/routers/ivf-binary-4096-seed42,final-s0048,1,7,19,,,,,,3000,3,True,True,0.8027142857142857,0.02329199924133718,0.026458991487743333,70.90372918173671,0.023375003365799785,0.023125001462176442,0.02345799293834716,8366896,78118912,2570.73,0.0,0.0,0.0,0.0,0.0,0.0,,,
scan,4096,/Users/vinroger/DATA/STUDY/latihan/about/exa-interview/e2e-inverted-bitplane-project/data/prefix-study-2026-09-13/pools/qwen-quora-d32/routers/ivf-binary-4096-seed42,final-s0051,1,7,43,,,,,,3000,3,True,True,0.9008571428571429,0.03929149534087628,0.04545805059024133,119.71947248093784,0.039040998672135174,0.03879200085066259,0.04004200309282169,8366896,78118912,5808.851,0.0,0.0,0.0,0.0,0.0,0.0,,,
branch,256,/Users/vinroger/DATA/STUDY/latihan/about/exa-interview/e2e-inverted-bitplane-project/data/prefix-study-2026-09-13/pools/qwen-quora-d32/routers/ivf-binary-256-seed42,final-s0001,1,1,7,128,1024,True,0,42,3000,3,True,True,0.819,0.02029100141953677,0.031131253490457277,64.19795274268836,0.020082996343262494,0.0199169953702949,0.02070800110232085,10490416,84262912,677.045,84.29,2558.716,308.303,0.0,0.0,0.0,,,
branch,256,/Users/vinroger/DATA/STUDY/latihan/about/exa-interview/e2e-inverted-bitplane-project/data/prefix-study-2026-09-13/pools/qwen-quora-d32/routers/ivf-binary-256-seed42,final-s0013,1,2,7,128,8192,True,0,42,3000,3,True,True,0.814,0.02037500962615013,0.03500625462038439,66.34442672657315,0.02047949965344742,0.020000006770715117,0.020666993805207312,10490416,84262912,807.506,88.711,2635.386,379.322,0.0,0.0,0.0,,,
branch,256,/Users/vinroger/DATA/STUDY/latihan/about/exa-interview/e2e-inverted-bitplane-project/data/prefix-study-2026-09-13/pools/qwen-quora-d32/routers/ivf-binary-256-seed42,final-s0025,1,3,7,128,8192,True,0,42,3000,3,True,True,0.8056666666666666,0.02099999983329326,0.03808508845395407,70.1147734071128,0.02110449713654816,0.020749997929669917,0.021187501261010766,10490416,84262912,929.993,92.962,2710.628,446.023,0.0,0.0,0.0,,,
branch,256,/Users/vinroger/DATA/STUDY/latihan/about/exa-interview/e2e-inverted-bitplane-project/data/prefix-study-2026-09-13/pools/qwen-quora-d32/routers/ivf-binary-256-seed42,final-s0037,1,5,7,128,8192,True,0,42,3000,3,True,True,0.803,0.022041989723220468,0.04487500700633973,76.59689943830017,0.021875006495974958,0.021500003640539944,0.02274999860674143,10490416,84262912,1165.514,101.597,2874.703,573.621,0.0,0.0,0.0,,,
branch,256,/Users/vinroger/DATA/STUDY/latihan/about/exa-interview/e2e-inverted-bitplane-project/data/prefix-study-2026-09-13/pools/qwen-quora-d32/routers/ivf-binary-256-seed42,final-s0049,1,7,8,128,1024,True,0,42,3000,3,True,True,0.817,0.0254580081673339,0.05425414128694681,90.20515378506389,0.025374996766913682,0.02479200338711962,0.026124995201826096,10490416,84262912,1485.791,120.344,3336.91,742.673,0.0,0.0,0.0,,,
branch,256,/Users/vinroger/DATA/STUDY/latihan/about/exa-interview/e2e-inverted-bitplane-project/data/prefix-study-2026-09-13/pools/qwen-quora-d32/routers/ivf-binary-256-seed42,final-s0061,1,10,8,128,8192,True,0,42,3000,3,True,True,0.8089,0.027604495699051768,0.05916600639466196,98.77310501178727,0.027541493182070553,0.026812995201908052,0.02852050238288939,10490416,84262912,1748.493,130.101,3522.598,887.513,0.0,0.0,0.0,,,
scan,4096,/Users/vinroger/DATA/STUDY/latihan/about/exa-interview/e2e-inverted-bitplane-project/data/prefix-study-2026-09-13/pools/qwen-quora-d32/routers/ivf-binary-4096-seed42,final-s0090,1,20,98,,,,,,3000,3,True,True,0.9502,0.07783299952279776,0.09012915252242235,236.53109872248024,0.0774590007495135,0.07606250437675044,0.07987501157913357,8366896,78266368,13196.612,0.0,0.0,0.0,0.0,0.0,0.0,,,
scan,4096,/Users/vinroger/DATA/STUDY/latihan/about/exa-interview/e2e-inverted-bitplane-project/data/prefix-study-2026-09-13/pools/qwen-quora-d32/routers/ivf-binary-4096-seed42,final-s0093,1,20,280,,,,,,3000,3,True,True,0.99005,0.19395800336496904,0.21779199596494436,586.3012257177616,0.19283300207462162,0.189124999451451,0.20018700161017478,8366896,78266368,37553.53,0.0,0.0,0.0,0.0,0.0,0.0,,,
scan,4096,/Users/vinroger/DATA/STUDY/latihan/about/exa-interview/e2e-inverted-bitplane-project/data/prefix-study-2026-09-13/pools/qwen-quora-d32/routers/ivf-binary-4096-seed42,final-s0096,1,30,26,,,,,,3000,3,True,True,0.8015,0.03133299469482154,0.036249999538995326,95.37654383166227,0.031083007343113422,0.030875002266839147,0.03206250403309241,8366896,78266368,3515.834,0.0,0.0,0.0,0.0,0.0,0.0,,,
scan,4096,/Users/vinroger/DATA/STUDY/latihan/about/exa-interview/e2e-inverted-bitplane-project/data/prefix-study-2026-09-13/pools/qwen-quora-d32/routers/ivf-binary-4096-seed42,final-s0099,1,30,58,,,,,,3000,3,True,True,0.9012666666666667,0.05258301098365337,0.06150000263005495,160.19169848004822,0.05235449498286471,0.05141699512023479,0.05400000372901559,8366896,78266368,7829.971,0.0,0.0,0.0,0.0,0.0,0.0,,,
scan,4096,/Users/vinroger/DATA/STUDY/latihan/about/exa-interview/e2e-inverted-bitplane-project/data/prefix-study-2026-09-13/pools/qwen-quora-d32/routers/ivf-binary-4096-seed42,final-s0102,1,30,105,,,,,,3000,3,True,True,0.9503333333333334,0.08829199941828847,0.10029410332208498,267.37148396205157,0.08754200825933367,0.08650000381749123,0.09031250374391675,8366896,78266368,14137.271,0.0,0.0,0.0,0.0,0.0,0.0,,,
scan,4096,/Users/vinroger/DATA/STUDY/latihan/about/exa-interview/e2e-inverted-bitplane-project/data/prefix-study-2026-09-13/pools/qwen-quora-d32/routers/ivf-binary-4096-seed42,final-s0105,1,30,292,,,,,,3000,3,True,True,0.99,0.20283350022509694,0.22829405279480852,613.0280807992676,0.2027294976869598,0.19716699898708612,0.20887499704258516,8366896,78266368,39158.445,0.0,0.0,0.0,0.0,0.0,0.0,,,
branch,4096,/Users/vinroger/DATA/STUDY/latihan/about/exa-interview/e2e-inverted-bitplane-project/data/prefix-study-2026-09-13/pools/qwen-quora-d32/routers/ivf-binary-4096-seed42,final-s0073,1,15,22,2048,8192,True,0,42,3000,3,True,True,0.8005333333333333,0.029458009521476924,0.03399999768589623,89.90002954669762,0.029458009521476924,0.029416492907330394,0.029541995900217444,10965040,80756736,2975.703,22.0,0.0,57.11,0.0,0.0,0.0,,,
branch,4096,/Users/vinroger/DATA/STUDY/latihan/about/exa-interview/e2e-inverted-bitplane-project/data/prefix-study-2026-09-13/pools/qwen-quora-d32/routers/ivf-binary-4096-seed42,final-s0085,1,20,24,522931,0,False,0,42,3000,3,True,True,0.80445,0.031833005778025836,0.03633305313996971,97.0689429086633,0.03183400258421898,0.031541007047053427,0.03212499723304063,10965040,80756736,3245.004,24.0,0.0,62.267,0.0,0.0,0.0,,,
branch,4096,/Users/vinroger/DATA/STUDY/latihan/about/exa-interview/e2e-inverted-bitplane-project/data/prefix-study-2026-09-13/pools/qwen-quora-d32/routers/ivf-binary-4096-seed42,final-s0088,1,20,53,2048,8192,True,0,42,3000,3,True,True,0.90055,0.05316699389368296,0.060999998822808266,161.54010464379098,0.05287500243866816,0.052624993259087205,0.054042000556364655,10965040,80756736,7154.509,53.0,0.0,137.411,0.0,0.0,0.0,,,
branch,4096,/Users/vinroger/DATA/STUDY/latihan/about/exa-interview/e2e-inverted-bitplane-project/data/prefix-study-2026-09-13/pools/qwen-quora-d32/routers/ivf-binary-4096-seed42,final-s0097,1,30,26,2048,8192,True,0,42,3000,3,True,True,0.8015,0.03462500171735883,0.03983605492976493,105.40111822774634,0.03470799856586382,0.0343335050274618,0.03487500362098217,10965040,80756736,3515.834,26.0,0.0,67.467,0.0,0.0,0.0,,,
branch,4096,/Users/vinroger/DATA/STUDY/latihan/about/exa-interview/e2e-inverted-bitplane-project/data/prefix-study-2026-09-13/pools/qwen-quora-d32/routers/ivf-binary-4096-seed42,final-s0100,1,30,58,2048,8192,False,0,42,3000,3,True,True,0.9012666666666667,0.058124991483055055,0.06629103809245862,176.36332646361552,0.05816700286231935,0.05764549860032275,0.05841700476594269,10965040,80756736,7829.971,58.0,0.0,150.391,0.0,0.0,0.0,,,
branch,4096,/Users/vinroger/DATA/STUDY/latihan/about/exa-interview/e2e-inverted-bitplane-project/data/prefix-study-2026-09-13/pools/qwen-quora-d32/routers/ivf-binary-4096-seed42,final-s0103,1,30,105,2048,8192,True,0,42,3000,3,True,True,0.9503333333333334,0.09729199518915266,0.10975415571010669,294.9683789629489,0.09712499740999192,0.09700001101009548,0.09775000216905028,10965040,80756736,14137.271,105.0,0.0,271.643,0.0,0.0,0.0,,,
scan,4096,/Users/vinroger/DATA/STUDY/latihan/about/exa-interview/e2e-inverted-bitplane-project/data/prefix-study-2026-09-13/pools/qwen-quora-d32/routers/ivf-binary-4096-seed42,final-s0108,1,50,31,,,,,,3000,3,True,True,0.80312,0.037874997360631824,0.045085097372066216,115.82649270712864,0.03795800148509443,0.037541991332545877,0.03820850542979315,8366896,78151680,4191.465,0.0,0.0,0.0,0.0,0.0,0.0,,,
scan,4096,/Users/vinroger/DATA/STUDY/latihan/about/exa-interview/e2e-inverted-bitplane-project/data/prefix-study-2026-09-13/pools/qwen-quora-d32/routers/ivf-binary-4096-seed42,final-s0111,1,50,67,,,,,,3000,3,True,True,0.90092,0.06120798934716731,0.07066605612635612,186.0216051863972,0.06120800389908254,0.060582999140024185,0.061666505644097924,8366896,78151680,9044.784,0.0,0.0,0.0,0.0,0.0,0.0,,,
scan,4096,/Users/vinroger/DATA/STUDY/latihan/about/exa-interview/e2e-inverted-bitplane-project/data/prefix-study-2026-09-13/pools/qwen-quora-d32/routers/ivf-binary-4096-seed42,final-s0114,1,50,121,,,,,,3000,3,True,True,0.95036,0.10066599497804418,0.11533305805642158,305.3521929105045,0.09997899906011298,0.09975000284612179,0.10233349894406274,8366896,78151680,16283.632,0.0,0.0,0.0,0.0,0.0,0.0,,,
scan,4096,/Users/vinroger/DATA/STUDY/latihan/about/exa-interview/e2e-inverted-bitplane-project/data/prefix-study-2026-09-13/pools/qwen-quora-d32/routers/ivf-binary-4096-seed42,final-s0117,1,50,322,,,,,,3000,3,True,True,0.99004,0.2221040049334988,0.24666699828230776,669.4810951012187,0.22154150065034628,0.22089599951868877,0.2239579989691265,8366896,78151680,43157.822,0.0,0.0,0.0,0.0,0.0,0.0,,,
scan,4096,/Users/vinroger/DATA/STUDY/latihan/about/exa-interview/e2e-inverted-bitplane-project/data/prefix-study-2026-09-13/pools/qwen-quora-d32/routers/ivf-binary-4096-seed42,final-s0120,1,75,35,,,,,,3000,3,True,True,0.8022666666666667,0.043374995584599674,0.051041992992395535,132.08480723551475,0.043479492887854576,0.042915999074466527,0.04366599750937894,8366896,78151680,4732.377,0.0,0.0,0.0,0.0,0.0,0.0,,,
scan,4096,/Users/vinroger/DATA/STUDY/latihan/about/exa-interview/e2e-inverted-bitplane-project/data/prefix-study-2026-09-13/pools/qwen-quora-d32/routers/ivf-binary-4096-seed42,final-s0123,1,75,75,,,,,,3000,3,True,True,0.9016533333333333,0.06979198951739818,0.07987709686858578,211.9298691250151,0.06975000724196434,0.06937500438652933,0.07020799966994673,8366896,78151680,10123.537,0.0,0.0,0.0,0.0,0.0,0.0,,,
