method,clusters,router,top_k,probes,leaf_size,node_budget,prefer_deeper_ties,exploration,seed,setting_id,repetitions,measurements,complete_processes,complete,qualified,recall,p50_ms,p95_ms,total_query_ms,process_p50_median_ms,process_p50_min_ms,process_p50_max_ms,logical_index_bytes,lifetime_peak_bytes,mean_documents_scored,mean_nodes,mean_bitplane_words,mean_leaf_words,mean_prefix_levels,mean_prefix_lookups,mean_final_depth
branch,16,/Users/vinroger/DATA/STUDY/latihan/about/exa-interview/e2e-inverted-bitplane-project/data/prefix-study-2026-09-13/pools/qwen-quora-d32/routers/ivf-binary-16-seed42,1,9,128,1024,True,0,7,prob-s000,1,3000,3,True,True,0.992,0.07918749906821176,0.17692850087769324,352.356718343799,0.09358349780086428,0.06029200449120253,0.0963749989750795,10460464,75268096,817.826,115.738,53692.536,5838.185,0.0,0.0,0.0
branch,16,/Users/vinroger/DATA/STUDY/latihan/about/exa-interview/e2e-inverted-bitplane-project/data/prefix-study-2026-09-13/pools/qwen-quora-d32/routers/ivf-binary-16-seed42,1,9,128,1024,True,0,42,prob-s001,1,3000,3,True,True,0.992,0.08104200242087245,0.18421635904815042,414.09704854595475,0.08952050120569766,0.06037500861566514,0.10314599785488099,10460464,75268096,817.826,115.738,53692.536,5838.185,0.0,0.0,0.0
branch,16,/Users/vinroger/DATA/STUDY/latihan/about/exa-interview/e2e-inverted-bitplane-project/data/prefix-study-2026-09-13/pools/qwen-quora-d32/routers/ivf-binary-16-seed42,1,9,128,1024,True,0,123,prob-s002,1,3000,3,True,True,0.992,0.07904200174380094,0.1789788482710718,421.44861683482304,0.09366649464936927,0.06008300988469273,0.09637550101615489,10460464,75268096,817.826,115.738,53692.536,5838.185,0.0,0.0,0.0
branch,16,/Users/vinroger/DATA/STUDY/latihan/about/exa-interview/e2e-inverted-bitplane-project/data/prefix-study-2026-09-13/pools/qwen-quora-d32/routers/ivf-binary-16-seed42,1,9,128,1024,True,0.1,7,prob-s003,1,3000,3,True,True,0.992,0.09654149471316487,0.22850270106573564,492.1263210126199,0.11420800728956237,0.07185450522229075,0.11829149298137054,10460464,75268096,996.642,130.789,59931.216,7357.731,0.0,0.0,0.0
branch,16,/Users/vinroger/DATA/STUDY/latihan/about/exa-interview/e2e-inverted-bitplane-project/data/prefix-study-2026-09-13/pools/qwen-quora-d32/routers/ivf-binary-16-seed42,1,9,128,1024,True,0.1,42,prob-s004,1,3000,3,True,True,0.992,0.08949999755714089,0.202645850367844,434.4619743642397,0.09550000686431304,0.0678750075167045,0.11316699965391308,10460464,75268096,906.295,124.582,57495.324,6595.297,0.0,0.0,0.0
branch,16,/Users/vinroger/DATA/STUDY/latihan/about/exa-interview/e2e-inverted-bitplane-project/data/prefix-study-2026-09-13/pools/qwen-quora-d32/routers/ivf-binary-16-seed42,1,9,128,1024,True,0.1,123,prob-s005,1,3000,3,True,True,0.992,0.08537500980310142,0.19895444784197006,424.2460138775641,0.09199999476550147,0.06574999133590609,0.11243750486755744,10460464,75268096,894.838,122.186,56377.393,6487.099,0.0,0.0,0.0
branch,16,/Users/vinroger/DATA/STUDY/latihan/about/exa-interview/e2e-inverted-bitplane-project/data/prefix-study-2026-09-13/pools/qwen-quora-d32/routers/ivf-binary-16-seed42,50,10,128,8192,True,0,7,prob-s018,1,3000,3,True,True,0.99326,0.359250494511798,1.6981940410914829,2102.191686266451,0.41997899825219065,0.26460449589649215,0.4470625062822364,10460464,72335360,5460.969,362.089,145007.407,41705.383,0.0,0.0,0.0
branch,16,/Users/vinroger/DATA/STUDY/latihan/about/exa-interview/e2e-inverted-bitplane-project/data/prefix-study-2026-09-13/pools/qwen-quora-d32/routers/ivf-binary-16-seed42,50,10,128,8192,True,0,42,prob-s019,1,3000,3,True,True,0.99326,0.36568749783327803,2.0954485531546925,2267.264238529606,0.451082996733021,0.25922949134837836,0.5057914968347177,10460464,72335360,5460.969,362.089,145007.407,41705.383,0.0,0.0,0.0
branch,16,/Users/vinroger/DATA/STUDY/latihan/about/exa-interview/e2e-inverted-bitplane-project/data/prefix-study-2026-09-13/pools/qwen-quora-d32/routers/ivf-binary-16-seed42,50,10,128,8192,True,0,123,prob-s020,1,3000,3,True,True,0.99326,0.35804149956675246,1.7246458497538648,2201.555062129046,0.43672899482771754,0.2521250062272884,0.4701255020336248,10460464,72335360,5460.969,362.089,145007.407,41705.383,0.0,0.0,0.0
branch,16,/Users/vinroger/DATA/STUDY/latihan/about/exa-interview/e2e-inverted-bitplane-project/data/prefix-study-2026-09-13/pools/qwen-quora-d32/routers/ivf-binary-16-seed42,50,10,128,8192,True,0.1,7,prob-s021,1,3000,3,True,True,0.99326,0.39045800804160535,2.0572916568198703,2208.2412792224204,0.47277050180127844,0.2745420060819015,0.5110415004310198,10460464,72335360,5844.023,386.605,154372.185,44983.472,0.0,0.0,0.0
branch,16,/Users/vinroger/DATA/STUDY/latihan/about/exa-interview/e2e-inverted-bitplane-project/data/prefix-study-2026-09-13/pools/qwen-quora-d32/routers/ivf-binary-16-seed42,50,10,128,8192,True,0.1,42,prob-s022,1,3000,3,True,True,0.99326,0.3792709976551123,1.3360773969907305,2080.6428926443914,0.45547950139734894,0.26512549084145576,0.49277050129603595,10460464,72335360,5710.8,379.586,151892.364,43827.685,0.0,0.0,0.0
branch,16,/Users/vinroger/DATA/STUDY/latihan/about/exa-interview/e2e-inverted-bitplane-project/data/prefix-study-2026-09-13/pools/qwen-quora-d32/routers/ivf-binary-16-seed42,50,10,128,8192,True,0.1,123,prob-s023,1,3000,3,True,True,0.99326,0.36102099693380296,1.3502038462320336,1876.3515759201255,0.4498959970078431,0.25054200523300096,0.47683349839644507,10460464,72335360,5694.935,377.551,150949.331,43727.268,0.0,0.0,0.0
branch,16,/Users/vinroger/DATA/STUDY/latihan/about/exa-interview/e2e-inverted-bitplane-project/data/prefix-study-2026-09-13/pools/qwen-quora-d32/routers/ivf-binary-16-seed42,5,9,128,8192,True,0,7,prob-s006,1,3000,3,True,True,0.992,0.11277049634372815,0.4097836514119984,632.079636794515,0.12608349788933992,0.06945800851099193,0.12891599908471107,10460464,72761344,1544.457,150.058,65766.94,11493.883,0.0,0.0,0.0
branch,16,/Users/vinroger/DATA/STUDY/latihan/about/exa-interview/e2e-inverted-bitplane-project/data/prefix-study-2026-09-13/pools/qwen-quora-d32/routers/ivf-binary-16-seed42,5,9,128,8192,True,0,42,prob-s007,1,3000,3,True,True,0.992,0.11408350110286847,0.468543751776451,832.626092582359,0.12425000022631139,0.06887500057928264,0.13377049617702141,10460464,72761344,1544.457,150.058,65766.94,11493.883,0.0,0.0,0.0
branch,16,/Users/vinroger/DATA/STUDY/latihan/about/exa-interview/e2e-inverted-bitplane-project/data/prefix-study-2026-09-13/pools/qwen-quora-d32/routers/ivf-binary-16-seed42,5,9,128,8192,True,0,123,prob-s008,1,3000,3,True,True,0.992,0.12041649461025372,0.4687211498094254,851.6895013162866,0.13325050531420857,0.06935399869689718,0.13695850066142157,10460464,72761344,1544.457,150.058,65766.94,11493.883,0.0,0.0,0.0
branch,16,/Users/vinroger/DATA/STUDY/latihan/about/exa-interview/e2e-inverted-bitplane-project/data/prefix-study-2026-09-13/pools/qwen-quora-d32/routers/ivf-binary-16-seed42,5,9,128,8192,True,0.1,7,prob-s009,1,3000,3,True,True,0.992,0.12664600217249244,0.4818327084649352,913.9849690109259,0.13991599553264678,0.07933299639262259,0.1564170015626587,10460464,72761344,1713.948,165.341,72184.999,12948.463,0.0,0.0,0.0
branch,16,/Users/vinroger/DATA/STUDY/latihan/about/exa-interview/e2e-inverted-bitplane-project/data/prefix-study-2026-09-13/pools/qwen-quora-d32/routers/ivf-binary-16-seed42,5,9,128,8192,True,0.1,42,prob-s010,1,3000,3,True,True,0.992,0.1211460039485246,0.44634614023379954,795.7756787072867,0.13147949357517064,0.07539550279034302,0.14841649681329727,10460464,72761344,1651.747,160.411,70189.514,12407.012,0.0,0.0,0.0
branch,16,/Users/vinroger/DATA/STUDY/latihan/about/exa-interview/e2e-inverted-bitplane-project/data/prefix-study-2026-09-13/pools/qwen-quora-d32/routers/ivf-binary-16-seed42,5,9,128,8192,True,0.1,123,prob-s011,1,3000,3,True,True,0.992,0.12745799904223531,0.4922461535898026,821.0406837461051,0.14256250142352656,0.0733124979888089,0.14791650755796582,10460464,72761344,1630.857,157.323,68781.041,12230.684,0.0,0.0,0.0
branch,16,/Users/vinroger/DATA/STUDY/latihan/about/exa-interview/e2e-inverted-bitplane-project/data/prefix-study-2026-09-13/pools/qwen-quora-d32/routers/ivf-binary-16-seed42,10,9,128,0,True,0,7,prob-s012,1,3000,3,True,True,0.9913,0.1324379991274327,0.5146190494997422,774.2346668819664,0.13897949247621,0.08464599522994831,0.16377099382225424,10460464,75087872,2199.027,183.303,77802.079,16570.438,0.0,0.0,0.0
branch,16,/Users/vinroger/DATA/STUDY/latihan/about/exa-interview/e2e-inverted-bitplane-project/data/prefix-study-2026-09-13/pools/qwen-quora-d32/routers/ivf-binary-16-seed42,10,9,128,0,True,0,42,prob-s013,1,3000,3,True,True,0.9913,0.13349999790079892,0.5256354495941188,795.5803628428839,0.13412499538389966,0.08281249756691977,0.16866650548763573,10460464,75087872,2199.027,183.303,77802.079,16570.438,0.0,0.0,0.0
branch,16,/Users/vinroger/DATA/STUDY/latihan/about/exa-interview/e2e-inverted-bitplane-project/data/prefix-study-2026-09-13/pools/qwen-quora-d32/routers/ivf-binary-16-seed42,10,9,128,0,True,0,123,prob-s014,1,3000,3,True,True,0.9913,0.13427100202534348,0.5180163512704871,828.0513440258801,0.12920850713271648,0.08489599713357165,0.17050000315066427,10460464,75087872,2199.027,183.303,77802.079,16570.438,0.0,0.0,0.0
branch,16,/Users/vinroger/DATA/STUDY/latihan/about/exa-interview/e2e-inverted-bitplane-project/data/prefix-study-2026-09-13/pools/qwen-quora-d32/routers/ivf-binary-16-seed42,10,9,128,0,True,0.1,7,prob-s015,1,3000,3,True,True,0.9913,0.14293800632003695,0.5790103998151607,879.6435752883554,0.14241700409911573,0.09445850446354598,0.1826250008889474,10460464,75087872,2383.213,199.543,84594.975,18144.018,0.0,0.0,0.0
branch,16,/Users/vinroger/DATA/STUDY/latihan/about/exa-interview/e2e-inverted-bitplane-project/data/prefix-study-2026-09-13/pools/qwen-quora-d32/routers/ivf-binary-16-seed42,10,9,128,0,True,0.1,42,prob-s016,1,3000,3,True,True,0.9913,0.14302099589258432,0.5482853979628997,874.4414505199529,0.13077099720248953,0.09166650124825537,0.18247949628857896,10460464,75087872,2328.341,194.944,82714.221,17649.388,0.0,0.0,0.0
branch,16,/Users/vinroger/DATA/STUDY/latihan/about/exa-interview/e2e-inverted-bitplane-project/data/prefix-study-2026-09-13/pools/qwen-quora-d32/routers/ivf-binary-16-seed42,10,9,128,0,True,0.1,123,prob-s017,1,3000,3,True,True,0.9913,0.14043749979464337,0.5523660423932593,821.0695734305773,0.1268539999728091,0.08877050277078524,0.18387499585514888,10460464,75087872,2301.509,191.642,81237.242,17437.257,0.0,0.0,0.0
