query_id,float_reference_ndcg,float_reference_precision,float_reference_recall
4641,0.3391602052736161,0.1,0.2
5503,0.0,0.0,0.0
7803,0.0,0.0,0.0
7017,0.0,0.0,0.0
10152,1.0,0.1,1.0
3451,0.13743816645714543,0.1,0.14285714285714285
4804,0.7903864795495061,0.2,1.0
7911,1.0,0.2,1.0
10809,0.46927872602275644,0.1,0.3333333333333333
6715,0.6934264036172708,0.2,1.0
2388,1.0,0.1,1.0
753,0.0,0.0,0.0
4465,0.0,0.0,0.0
7326,0.0,0.0,0.0
5951,0.40432209650495937,0.3,0.3333333333333333
5653,1.0,0.1,1.0
10827,0.0,0.0,0.0
9771,0.0,0.0,0.0
7105,0.43067655807339306,0.1,1.0
9332,0.31546487678572877,0.1,1.0
3724,0.2863459897524692,0.2,0.2
5853,0.21078558563971428,0.2,0.25
6832,0.20438239758848611,0.1,0.5
6807,1.0,0.1,1.0
570,0.0,0.0,0.0
7279,0.5413996682199069,0.2,0.5
594,0.6131471927654584,0.1,0.5
10122,0.3903800499921017,0.1,0.25
3091,0.9950883841893561,0.7,1.0
904,1.0,0.1,1.0
4037,0.0,0.0,0.0
8537,0.38685280723454163,0.1,1.0
3357,0.43067655807339306,0.1,1.0
1783,0.0,0.0,0.0
6004,0.0,0.0,0.0
2923,0.8248239677678634,0.4,0.8
5271,0.3235866969737877,0.2,0.6666666666666666
2108,0.0,0.0,0.0
7590,0.6240505200038379,0.2,1.0
932,0.20438239758848611,0.1,0.5
5981,0.8687949224876582,0.4,0.8
4837,0.0,0.0,0.0
4415,0.0,0.0,0.0
1915,0.5,0.2,1.0
8378,0.0,0.0,0.0
2316,1.0,0.2,1.0
8102,0.0,0.0,0.0
3405,0.2890648263178879,0.1,1.0
7928,0.123151194370365,0.1,0.25
603,0.3010299956639812,0.1,1.0
1281,0.0,0.0,0.0
3830,0.0,0.0,0.0
3837,0.6309297535714575,0.1,1.0
4447,0.31546487678572877,0.1,1.0
2376,0.9098999913476322,0.7,0.875
4777,0.0,0.0,0.0
5741,0.0,0.0,0.0
2318,0.43067655807339306,0.1,1.0
620,0.21398626473452756,0.1,0.2
8271,0.6131471927654584,0.1,0.5
4865,0.0,0.0,0.0
864,0.7751482523375256,0.4,0.6666666666666666
5888,0.0,0.0,0.0
2568,0.39325912586965384,0.2,0.2857142857142857
5150,0.0,0.0,0.0
7124,0.3903800499921017,0.1,0.25
2857,0.5855700749881525,0.2,0.5
8539,0.11284514134893527,0.1,0.25
6896,0.0,0.0,0.0
1085,0.0,0.0,0.0
5422,0.0,0.0,0.0
8247,0.0,0.0,0.0
4946,1.0,0.1,1.0
10482,0.0,0.0,0.0
4571,0.7653606369886217,0.2,0.6666666666666666
8789,0.7653606369886217,0.2,0.6666666666666666
8034,1.0,0.1,1.0
4600,1.0,0.1,1.0
2423,0.43707943365237834,0.3,0.42857142857142855
8475,0.9083745556952363,0.6,0.8571428571428571
4523,0.0,0.0,0.0
8513,0.0,0.0,0.0
1198,1.0,0.1,1.0
9291,0.0,0.0,0.0
8532,0.0,0.0,0.0
1824,0.38685280723454163,0.1,1.0
5054,0.0,0.0,0.0
1159,0.0,0.0,0.0
4920,1.0,0.3,1.0
68,0.0,0.0,0.0
7269,0.43067655807339306,0.1,1.0
750,0.8065735963827293,0.2,1.0
9701,0.0,0.0,0.0
6199,0.6366824387328317,0.2,0.5
9126,0.0,0.0,0.0
34,0.0,0.0,0.0
4011,0.9674679834891693,0.3,1.0
4700,1.0,0.1,1.0
6395,0.0,0.0,0.0
852,0.2960819109658652,0.1,0.3333333333333333
9115,0.23463936301137822,0.1,0.3333333333333333
1297,0.6309297535714575,0.1,1.0
5085,0.5,0.1,1.0
4767,0.0,0.0,0.0
2593,0.20210734650054757,0.1,0.3333333333333333
2724,0.21840743681816419,0.1,0.5
11088,1.0,0.1,1.0
18,0.38685280723454163,0.1,1.0
109,1.0,0.1,1.0
8351,0.0,0.0,0.0
6131,0.5231737964779628,0.4,0.3333333333333333
3480,1.0,0.4,1.0
7992,0.19342640361727081,0.1,0.5
858,0.0,0.0,0.0
4019,0.11305340175787204,0.1,0.2
6080,0.6131471927654584,0.1,0.5
2580,0.49818925746641285,0.2,0.6666666666666666
7513,0.0,0.0,0.0
6959,0.0,0.0,0.0
5402,0.23719771276929622,0.1,0.5
4504,1.0,0.2,1.0
6562,0.19519002499605084,0.1,0.25
4775,0.0,0.0,0.0
9565,1.0,0.2,1.0
10734,0.7316362001126298,0.4,0.6666666666666666
701,0.0,0.0,0.0
585,0.0,0.0,0.0
8934,0.0,0.0,0.0
11054,1.0,0.2,1.0
56,0.38685280723454163,0.1,1.0
6862,1.0,0.1,1.0
9598,0.0,0.0,0.0
4265,0.5449960234716783,0.3,0.5
90,0.3333333333333333,0.1,1.0
8592,0.20210734650054757,0.1,0.3333333333333333
10547,0.0,0.0,0.0
5231,0.0,0.0,0.0
7674,0.0,0.0,0.0
3103,1.0,0.1,1.0
10137,0.43067655807339306,0.1,1.0
1415,0.9828920819566879,0.4,1.0
5940,0.0,0.0,0.0
6612,0.2960819109658652,0.1,0.3333333333333333
945,0.0,0.0,0.0
2549,0.6131471927654584,0.1,0.5
4714,0.5855700749881525,0.2,0.5
588,0.6934264036172708,0.2,1.0
4233,0.9505310077117097,0.5,1.0
6441,0.31546487678572877,0.1,1.0
8456,0.23463936301137822,0.1,0.3333333333333333
10213,0.0,0.0,0.0
106,1.0,0.1,1.0
4306,0.24630238874073,0.1,0.25
5196,0.0,0.0,0.0
3006,0.1909208661789347,0.1,0.16666666666666666
7205,1.0,0.1,1.0
3909,0.13886244387355454,0.1,0.1
4116,0.9197207891481876,0.2,1.0
4942,0.0,0.0,0.0
6907,0.0,0.0,0.0
5464,0.0,0.0,0.0
2385,0.6131471927654584,0.1,0.5
691,0.0,0.0,0.0
3177,0.0,0.0,0.0
10034,0.38685280723454163,0.1,0.5
5090,0.18457569677956817,0.1,0.5
2088,0.0,0.0,0.0
9391,0.5543375550857161,0.3,0.75
529,0.0,0.0,0.0
2118,0.0,0.0,0.0
3148,0.5531464700081437,0.2,0.4
4955,0.0,0.0,0.0
8275,0.0,0.0,0.0
4678,0.0,0.0,0.0
2398,0.0,0.0,0.0
3569,0.0,0.0,0.0
8072,0.46927872602275644,0.1,0.3333333333333333
7734,0.6131471927654584,0.1,0.5
8947,0.38685280723454163,0.1,0.5
6746,0.6131471927654584,0.1,0.5
5511,0.0,0.0,0.0
6009,0.0,0.0,0.0
813,0.20438239758848611,0.1,0.5
8834,0.3026024134988135,0.1,0.16666666666666666
1157,0.6131471927654584,0.1,0.5
988,0.0,0.0,0.0
3369,0.0,0.0,0.0
9296,0.0,0.0,0.0
9643,0.5,0.1,1.0
9245,0.0,0.0,0.0
3490,0.0,0.0,0.0
5763,0.0,0.0,0.0
26,0.2640681225725909,0.1,0.5
4962,0.0,0.0,0.0
4846,0.18457569677956817,0.1,0.5
2460,1.0,0.3,1.0
9403,0.0,0.0,0.0
5646,0.9674679834891693,0.3,1.0
3503,0.6334982227809455,0.5,0.7142857142857143
2676,0.6309297535714575,0.1,1.0
929,1.0,0.1,1.0
5993,0.22009176629808017,0.1,0.06666666666666667
10845,1.0,0.1,1.0
8116,0.48247555939075504,0.2,1.0
9633,0.20438239758848611,0.1,0.5
5710,0.0,0.0,0.0
9824,1.0,0.1,1.0
7529,0.21840743681816419,0.1,0.5
475,1.0,0.1,1.0
5021,0.0,0.0,0.0
9548,0.0,0.0,0.0
7592,0.0,0.0,0.0
2968,0.8772153153380493,0.2,1.0
7758,0.0,0.0,0.0
3612,0.123151194370365,0.1,0.25
10596,0.9434732991210639,0.5,1.0
4153,0.0,0.0,0.0
4409,0.21222636597291458,0.2,0.2
5369,0.0,0.0,0.0
2070,0.1480409554829326,0.1,0.3333333333333333
5505,1.0,0.1,1.0
6611,0.6131471927654584,0.1,0.5
11039,0.24390331138078206,0.2,0.25
5460,0.0,0.0,0.0
7925,0.0,0.0,0.0
4286,0.6131471927654584,0.1,0.5
3789,0.75369761125927,0.3,0.75
5228,0.0,0.0,0.0
2685,0.2529427027676571,0.1,0.125
8702,0.7653606369886217,0.2,0.6666666666666666
1877,1.0,0.1,1.0
10645,0.39780880120575696,0.2,1.0
1090,0.0,0.0,0.0
7080,0.8772153153380493,0.2,1.0
6122,0.46927872602275644,0.1,0.3333333333333333
3682,0.2640681225725909,0.1,0.5
4514,0.48553456068968903,0.3,0.5
8507,0.0,0.0,0.0
6221,0.0,0.0,0.0
1819,0.1909208661789347,0.1,0.16666666666666666
6468,0.6131471927654584,0.1,0.5
3008,0.3903800499921017,0.1,0.25
9925,0.9197207891481876,0.2,1.0
4007,0.6364391809889587,0.2,0.6666666666666666
6644,0.0,0.0,0.0
6420,0.6131471927654584,0.1,0.5
6713,0.6131471927654584,0.1,0.5
4844,0.6131471927654584,0.1,0.5
7463,0.0,0.0,0.0
6479,1.0,0.2,1.0
10267,0.0,0.0,0.0
7622,0.0,0.0,0.0
10979,0.3903800499921017,0.1,0.25
2498,0.0,0.0,0.0
2010,0.9325210919548239,0.3,1.0
3767,0.0,0.0,0.0
7145,0.2836929289153804,0.2,0.6666666666666666
6554,0.20438239758848611,0.1,0.5
9556,0.38685280723454163,0.1,1.0
2445,1.0,0.1,1.0
6410,0.0,0.0,0.0
5155,0.5,0.1,1.0
5030,0.0,0.0,0.0
6252,0.0,0.0,0.0
885,0.0,0.0,0.0
7377,0.31546487678572877,0.1,1.0
4031,0.0,0.0,0.0
766,0.2960819109658652,0.1,0.3333333333333333
8779,0.0,0.0,0.0
2183,0.32124463208930537,0.2,0.3333333333333333
6219,0.9197207891481876,0.2,1.0
6849,0.0,0.0,0.0
8079,0.39106560501896365,0.2,0.6666666666666666
5086,1.0,0.1,1.0
8202,0.0,0.0,0.0
7345,0.20210734650054757,0.1,0.3333333333333333
2648,1.0,0.1,1.0
7441,0.6364391809889587,0.2,0.6666666666666666
776,0.40853591842579556,0.3,0.25
5125,0.0,0.0,0.0
89,0.10086747116627115,0.1,0.16666666666666666
9329,0.6131471927654584,0.1,0.5
2516,0.5205067333228022,0.2,0.5
6629,0.0,0.0,0.0
8970,0.6509209298071326,0.2,1.0
4484,0.6309297535714575,0.1,1.0
1451,1.0,0.1,1.0
1889,0.0,0.0,0.0
1920,0.0,0.0,0.0
8013,0.0,0.0,0.0
3759,0.0,0.0,0.0
7295,0.0,0.0,0.0
7448,0.6309297535714575,0.1,1.0
7329,0.6131471927654584,0.1,0.5
10639,0.0,0.0,0.0
6635,0.5855700749881525,0.2,0.5
4312,0.4911720512196216,0.3,0.42857142857142855
1230,0.0,0.0,0.0
2486,1.0,0.1,1.0
6121,0.2640681225725909,0.1,0.5
859,0.0,0.0,0.0
6525,0.46927872602275644,0.1,0.3333333333333333
2590,0.46927872602275644,0.1,0.3333333333333333
3781,0.6934264036172708,0.2,1.0
5374,0.0,0.0,0.0
1310,1.0,0.1,1.0
8005,0.0,0.0,0.0
2994,0.20210734650054757,0.1,0.3333333333333333
6142,0.6131471927654584,0.1,0.5
3125,1.0,0.1,1.0
8832,1.0,0.1,1.0
3683,0.6924048374257172,0.4,0.6666666666666666
939,0.6309297535714575,0.1,1.0
7206,0.0,0.0,0.0
10246,0.0,0.0,0.0
5241,0.5531464700081437,0.2,0.4
8121,1.0,0.1,1.0
98,0.6131471927654584,0.1,0.5
5064,0.6131471927654584,0.1,0.5
4615,0.6887841483036674,0.4,0.6666666666666666
7467,0.6309297535714575,0.1,1.0
1676,0.6542448095688422,0.3,0.75
503,0.0,0.0,0.0
3264,0.6366824387328317,0.2,0.5
6467,0.0,0.0,0.0
4289,0.6131471927654584,0.1,0.5
4394,0.0,0.0,0.0
4047,0.787702056960637,0.3,0.75
1815,1.0,0.1,1.0
7218,0.43067655807339306,0.1,1.0
8982,0.0,0.0,0.0
8874,0.0,0.0,0.0
549,1.0,0.1,1.0
2407,0.0,0.0,0.0
8937,0.38685280723454163,0.1,1.0
7344,0.38685280723454163,0.1,0.5
2856,0.6542448095688422,0.3,0.75
7801,0.6131471927654584,0.1,0.5
2395,0.0,0.0,0.0
6875,0.0,0.0,0.0
6891,0.46927872602275644,0.1,0.3333333333333333
7702,0.41183384043543503,0.2,1.0
2695,1.0,0.1,1.0
5616,0.0,0.0,0.0
928,0.8175295903539445,0.2,1.0
10447,0.15642624200758548,0.1,0.3333333333333333
5427,0.0,0.0,0.0
2587,0.6309297535714575,0.1,1.0
5782,0.3391602052736161,0.1,0.2
9871,0.0,0.0,0.0
6668,0.18457569677956817,0.1,0.5
1284,0.6309297535714575,0.1,1.0
2443,0.31546487678572877,0.1,1.0
3179,0.6131471927654584,0.1,0.5
3404,0.31086582344538494,0.2,0.2857142857142857
3453,0.38685280723454163,0.1,0.5
5045,0.0,0.0,0.0
5808,0.6309297535714575,0.1,1.0
4845,0.7653606369886217,0.2,0.6666666666666666
3625,0.46927872602275644,0.1,0.3333333333333333
6679,0.5307212739772434,0.2,0.6666666666666666
6005,0.49828993591603105,0.4,0.3076923076923077
8544,0.38685280723454163,0.1,0.5
4464,0.2890648263178879,0.1,1.0
3822,0.24630238874073,0.1,0.25
7879,0.0,0.0,0.0
3115,0.45390362024822023,0.2,0.3333333333333333
8512,0.0,0.0,0.0
3995,0.11305340175787204,0.1,0.2
559,0.0,0.0,0.0
3791,0.23463936301137822,0.1,0.3333333333333333
8002,0.6508205185601091,0.2,0.6666666666666666
4179,0.0,0.0,0.0
2891,1.0,0.1,1.0
853,0.0,0.0,0.0
10136,0.18154179253735267,0.1,0.3333333333333333
8635,0.0,0.0,0.0
2513,0.43067655807339306,0.1,1.0
5206,0.0,0.0,0.0
8959,0.0,0.0,0.0
4433,0.0,0.0,0.0
4188,0.0,0.0,0.0
2713,0.0,0.0,0.0
9060,0.6131471927654584,0.1,0.5
7098,0.6131471927654584,0.1,0.5
10628,0.31546487678572877,0.1,1.0
6683,0.20438239758848611,0.1,0.5
10183,0.20438239758848611,0.1,0.5
3829,0.0,0.0,0.0
5585,0.0,0.0,0.0
4105,0.0,0.0,0.0
1074,1.0,0.1,1.0
2465,0.0,0.0,0.0
4640,0.0,0.0,0.0
9275,0.0,0.0,0.0
10497,0.5174612499126158,0.4,0.4
9481,0.6934264036172708,0.2,1.0
3500,0.43292617940918415,0.2,0.3333333333333333
4205,0.2960819109658652,0.1,0.3333333333333333
1306,0.19519002499605084,0.1,0.25
1826,1.0,0.4,1.0
6262,0.7653606369886217,0.2,0.6666666666666666
5347,1.0,0.1,1.0
4500,0.0,0.0,0.0
3615,0.9197207891481876,0.2,1.0
8632,0.6131471927654584,0.1,0.5
9979,0.3903800499921017,0.1,0.25
9617,0.6713860725233041,0.2,0.6666666666666666
1948,1.0,0.1,1.0
6133,0.3065735963827292,0.1,0.5
9737,0.7653606369886217,0.2,0.6666666666666666
3771,0.30798345931689824,0.2,0.3333333333333333
1736,0.21398626473452756,0.1,0.2
5255,0.9134015924715543,0.3,1.0
5380,1.0,0.1,1.0
9188,0.6131471927654584,0.1,0.5
2051,0.0,0.0,0.0
5067,0.0,0.0,0.0
10414,0.8772153153380493,0.2,1.0
6814,0.0,0.0,0.0
6146,1.0,0.2,1.0
4756,0.0,0.0,0.0
7754,0.6309297535714575,0.1,1.0
2076,1.0,0.2,1.0
1322,0.123151194370365,0.1,0.25
2880,1.0,0.1,1.0
5172,0.0,0.0,0.0
5185,0.0,0.0,0.0
9644,0.43067655807339306,0.1,1.0
6909,0.0,0.0,0.0
5906,0.38685280723454163,0.1,0.5
2348,0.494639655562801,0.4,0.26666666666666666
687,0.0,0.0,0.0
8017,0.6309297535714575,0.1,1.0
8795,1.0,0.1,1.0
4499,0.0,0.0,0.0
9929,0.6131471927654584,0.1,0.5
42,0.23463936301137822,0.1,0.3333333333333333
3530,0.2960819109658652,0.1,0.3333333333333333
5592,1.0,0.1,1.0
8296,1.0,0.2,1.0
659,0.42838543210841196,0.3,0.3
9108,0.17723928678404774,0.1,0.5
6835,0.3065735963827292,0.1,0.5
6803,0.4144299250118475,0.2,0.5
9381,0.19342640361727081,0.1,0.5
4414,0.39780880120575696,0.2,1.0
3067,0.0,0.0,0.0
4125,0.0,0.0,0.0
1150,0.0,0.0,0.0
7431,0.0,0.0,0.0
2384,0.6309297535714575,0.1,1.0
895,1.0,0.1,1.0
7747,0.0,0.0,0.0
879,0.5,0.1,1.0
8040,0.6309297535714575,0.1,1.0
3051,1.0,0.2,1.0
7705,0.16716045496620227,0.1,0.3333333333333333
10039,1.0,0.1,1.0
9808,0.2960819109658652,0.1,0.3333333333333333
7188,0.5,0.1,1.0
4813,0.6309297535714575,0.1,1.0
3888,0.0,0.0,0.0
10109,0.5546406709327603,0.3,0.42857142857142855
957,0.23463936301137822,0.1,0.3333333333333333
10601,0.5,0.1,1.0
1871,0.4110993609507533,0.3,0.75
5331,0.6309297535714575,0.1,1.0
2790,0.27487633291429087,0.1,0.14285714285714285
9882,0.0,0.0,0.0
4999,0.3903800499921017,0.1,0.25
4142,0.4808336660235954,0.3,0.75
3189,0.0,0.0,0.0
5134,0.19342640361727081,0.1,0.5
1321,0.0,0.0,0.0
10710,1.0,0.1,1.0
6890,0.18457569677956817,0.1,0.5
3049,0.2532778777010656,0.2,0.5
849,0.38685280723454163,0.1,1.0
4539,0.0,0.0,0.0
4084,0.8315546295836225,0.2,1.0
715,0.0,0.0,0.0
2416,0.8838242945899706,0.4,1.0
7509,0.0,0.0,0.0
2204,0.9156857657441142,0.7,0.875
9646,0.6131471927654584,0.1,0.5
2334,0.7653606369886217,0.2,0.6666666666666666
2903,0.0,0.0,0.0
4827,1.0,0.1,1.0
5534,0.38685280723454163,0.1,0.5
9668,0.20210734650054757,0.1,0.3333333333333333
1530,0.6713860725233041,0.2,0.6666666666666666
504,0.0,0.0,0.0
721,1.0,0.1,1.0
2296,0.3525683241217281,0.2,0.2222222222222222
3186,1.0,0.2,1.0
10975,0.0,0.0,0.0
3859,0.43067655807339306,0.1,1.0
1994,0.26761938846816513,0.2,0.4
6647,0.7653606369886217,0.2,0.6666666666666666
9164,0.0,0.0,0.0
1812,0.6934264036172708,0.2,1.0
10462,0.0,0.0,0.0
8855,0.0,0.0,0.0
7594,0.0,0.0,0.0
4968,0.0,0.0,0.0
7876,0.5,0.1,1.0
7071,0.0,0.0,0.0
3534,0.0,0.0,0.0
8974,0.5426309012477634,0.4,0.5
10912,0.31546487678572877,0.1,1.0
2737,1.0,0.1,1.0
2964,0.0,0.0,0.0
5178,0.0,0.0,0.0
5061,0.0,0.0,0.0
7880,0.23719771276929622,0.1,0.5
9385,0.0,0.0,0.0
4411,0.0,0.0,0.0
515,1.0,0.1,1.0
2075,0.6020941629041775,0.4,0.4444444444444444
8230,0.0,0.0,0.0
4335,0.787702056960637,0.3,0.75
7533,0.20438239758848611,0.1,0.5
5683,0.5706417189553201,0.2,1.0
4785,0.38685280723454163,0.1,1.0
7456,0.0,0.0,0.0
3528,0.0,0.0,0.0
1393,0.6013124342022591,0.3,0.5
9487,0.0,0.0,0.0
10792,0.6240505200038379,0.2,1.0
5264,0.4703652827859579,0.2,0.4
9733,0.0,0.0,0.0
4339,1.0,0.2,1.0
7311,0.0,0.0,0.0
744,0.20210734650054757,0.1,0.3333333333333333
7141,0.0,0.0,0.0
672,0.0,0.0,0.0
6002,0.7631925784528222,0.7,0.6363636363636364
4071,0.0,0.0,0.0
4103,0.0,0.0,0.0
1441,1.0,0.4,1.0
3254,0.6049306994552042,0.2,0.6666666666666666
7512,0.0,0.0,0.0
2589,0.7653606369886217,0.2,0.6666666666666666
2598,0.21840743681816419,0.1,0.5
6800,1.0,0.1,1.0
1391,0.15642624200758548,0.1,0.3333333333333333
6278,0.5706417189553201,0.2,1.0
7534,0.0,0.0,0.0
5356,0.3391602052736161,0.1,0.2
2579,0.3026024134988135,0.1,0.16666666666666666
9961,0.5,0.1,1.0
7484,1.0,0.1,1.0
5790,0.0,0.0,0.0
7823,0.46927872602275644,0.1,0.3333333333333333
689,0.0,0.0,0.0
604,0.5307212739772434,0.2,0.6666666666666666
9174,0.0,0.0,0.0
6867,0.17342765698823948,0.1,0.14285714285714285
5970,0.15642624200758548,0.1,0.3333333333333333
4681,1.0,0.2,1.0
1670,0.7653606369886217,0.2,0.6666666666666666
6901,0.0,0.0,0.0
10808,0.40179981797758046,0.2,0.6666666666666666
2383,0.6131471927654584,0.1,0.5
3085,0.9197207891481876,0.2,1.0
104,0.6131471927654584,0.1,0.5
5083,0.6131471927654584,0.1,0.5
684,0.0,0.0,0.0
10674,0.369453583111095,0.2,0.5
3594,0.36331756126716835,0.2,0.5
10526,0.38685280723454163,0.1,0.5
2181,0.0,0.0,0.0
10994,0.5706417189553201,0.2,1.0
5903,0.0,0.0,0.0
5620,0.0,0.0,0.0
5254,0.6131471927654584,0.1,0.5
7221,0.0,0.0,0.0
3446,0.6552438651310554,0.3,0.6
7936,0.4776237035032179,0.2,0.6666666666666666
2472,0.0,0.0,0.0
2306,0.6131471927654584,0.1,0.5
7633,0.3903800499921017,0.1,0.25
2400,0.3501483019834802,0.2,0.6666666666666666
5549,0.0,0.0,0.0
1832,0.43067655807339306,0.1,1.0
2749,0.6509209298071326,0.2,1.0
3801,0.6131471927654584,0.1,0.5
3735,0.15642624200758548,0.1,0.3333333333333333
622,0.0,0.0,0.0
9088,0.0,0.0,0.0
4605,0.5287048779571419,0.4,0.5714285714285714
2330,0.6131471927654584,0.1,0.5
6792,0.0,0.0,0.0
6625,0.43067655807339306,0.1,1.0
2885,0.0,0.0,0.0
15,1.0,0.1,1.0
6110,0.4125317798925535,0.2,0.25
4823,0.46927872602275644,0.1,0.3333333333333333
3694,0.6131471927654584,0.1,0.5
8,0.6131471927654584,0.1,0.5
1309,0.3903800499921017,0.1,0.25
3039,0.3562071871080222,0.1,1.0
699,1.0,0.1,1.0
7109,0.40179981797758046,0.2,0.6666666666666666
5080,0.0,0.0,0.0
4981,0.7653606369886217,0.2,0.6666666666666666
3875,1.0,0.2,1.0
3932,0.2640681225725909,0.1,0.5
3934,0.0,0.0,0.0
7445,0.0,0.0,0.0
2264,0.38685280723454163,0.1,0.5
2895,0.0,0.0,0.0
6787,0.0,0.0,0.0
7096,0.0,0.0,0.0
2747,0.38685280723454163,0.1,1.0
1933,1.0,0.1,1.0
1748,0.46927872602275644,0.1,0.3333333333333333
9735,0.0,0.0,0.0
5862,0.34620964322385606,0.2,0.5
10932,1.0,0.1,1.0
6041,0.8318724637288826,0.3,0.75
7178,0.3333333333333333,0.1,1.0
7068,0.21840743681816419,0.1,0.5
7700,0.0,0.0,0.0
10558,0.38685280723454163,0.1,0.5
3014,0.3065735963827292,0.1,0.5
4863,0.6257049680303419,0.2,0.6666666666666666
3149,0.0,0.0,0.0
1416,0.0,0.0,0.0
2801,0.8065735963827293,0.2,1.0
5343,0.0,0.0,0.0
547,0.0,0.0,0.0
6985,1.0,0.1,1.0
2154,0.0,0.0,0.0
3394,0.3903800499921017,0.1,0.25
5410,0.617319681505689,0.2,0.6666666666666666
810,0.3562071871080222,0.1,1.0
3033,0.6131471927654584,0.1,0.5
8332,0.3171937659698004,0.2,0.6666666666666666
1469,1.0,0.1,1.0
10812,0.5585075862632192,0.2,0.5
3512,0.9197207891481876,0.2,1.0
4102,0.13905617951077562,0.1,0.25
3566,0.6364391809889587,0.2,0.6666666666666666
94,0.5,0.1,1.0
2551,1.0,0.3,1.0
2399,1.0,0.1,1.0
