setting_id,method,clusters,probes,target,leaf_size,node_budget,key_bits,status,predicted_docs_in_opened_clusters,predicted_mask_words_in_opened_clusters,predicted_routing_recall,recall,query_ms_p50,query_ms_p90,search_ms_p50,routing_ms_p50,documents_scored,split_words,leaf_words,nodes,key_lookups,keys,stop_reasons,codes_bytes,row_ids_bytes,bitplanes_bytes,directory_bytes,occupied_keys,logical_index_bytes,routing_payload_bytes,resident_bytes,lifetime_peak_bytes,fits_ram,build_ms,measurements,power_unchanged,predicted_search_ms,search_ms_error_percent,predicted_documents_scored,predicted_recall,predicted_keys,predicted_key_lookups,predicted_split_words,predicted_leaf_words
s157,branch,8192,127,0.8,128,512,0,complete,15614.785,306.605,0.8004,0.66485,0.6281044334173203,0.6837296299636364,0.4867913667112589,0.14018802903592587,12666.92,1038.895,472.125,488.515,0.0,0.0,"[""budget"", ""exhausted""]",32000000,8000000,40310784,0,0,80310784,8454144,192053248,231768064,True,558.3264590241015,400,True,0.501863484599904,3.0962171721474276,,,,,,
s185,branch,8192,2440,0.99,128,4096,0,complete,295858.36,5820.08,0.99,0.4402,5.468167131766677,6.192091340199113,5.081999581307173,0.3742293920367956,143961.955,8093.095,3043.715,4096.0,0.0,0.0,"[""budget""]",32000000,8000000,40310784,0,0,80310784,8454144,183664640,223264768,True,571.4397081173956,400,True,5.250374279433757,3.3131584415297297,,,,,,
s108,scan,1024,420,0.99,0,0,0,complete,412040.445,6644.99,0.99,0.99,10.664895875379443,11.410275707021356,10.59529185295105,0.06649992428719997,412040.445,0.0,0.0,0.0,0.0,0.0,"[""exhausted""]",32000000,8000000,0,0,0,40000000,1056768,139870208,179617792,True,18.938499968498945,400,True,10.762059285463835,1.5739767703174308,412040.445,0.99,,,,
s105,keys,1024,164,0.95,0,0,4,complete,160583.65,2590.795,0.95,0.95,4.698125179857016,4.972703568637371,4.649812588468194,0.04985439591109753,160583.65,0.0,0.0,0.0,2624.0,16.0,"[""exhausted""]",32000000,8000000,0,138360,6918,40138360,1056768,107577344,147357696,True,80.2953327074647,400,True,4.98756176210019,7.263715842432747,160583.65,0.95,16,2624,,
s172,branch,8192,778,0.95,1000000,0,0,complete,93930.33,1849.395,0.95,0.95,3.0218756292015314,3.270195610821247,2.772687468677759,0.2420409582555294,93930.33,0.0,1849.395,778.0,0.0,0.0,"[""exhausted""]",32000000,8000000,40310784,0,0,80310784,8454144,177373184,217006080,True,555.8129167184234,400,True,2.9730278881767953,7.225495904685377,93930.33,0.95,,,0.0,1849.395
s150,keys,4096,1330,0.99,0,0,4,complete,325353.42,5731.67,0.99,0.99,11.55954203568399,12.4571168795228,11.36935455724597,0.19622920081019402,325353.42,0.0,0.0,0.0,21280.0,16.0,"[""exhausted""]",32000000,8000000,0,460980,23049,40460980,4227072,114311168,154042368,True,75.51104109734297,400,True,10.303857121705185,-9.371661602915855,325353.42,0.99,16,21280,,
s159,keys,8192,127,0.8,0,0,4,complete,15614.785,306.605,0.8004,0.8004,0.7093118038028479,0.8081867825239897,0.5633120890706778,0.14560390263795853,15614.785,0.0,0.0,0.0,2032.0,16.0,"[""exhausted""]",32000000,8000000,0,812440,40622,40812440,8454144,123305984,163053568,True,75.84262499585748,400,True,0.5183287170879181,-7.985515108857484,15614.785,0.8004,16,2032,,
s128,branch,4096,211,0.9,128,0,0,complete,52163.9,917.5,0.9,0.9,2.49781203456223,2.9201123863458633,2.369917230680585,0.1143540721386671,52163.9,9169.025,7230.32,3366.375,0.0,0.0,"[""exhausted""]",32000000,8000000,36110336,0,0,76110336,4227072,180928512,220545024,True,560.3335839696229,400,True,2.380974658827208,0.46657444418207394,52163.9,0.9,,,,
s130,branch,4096,211,0.9,128,512,0,complete,52163.9,917.5,0.9,0.0423,0.2580625005066395,0.30821235850453377,0.16522943042218685,0.09172945283353329,1679.175,2237.71,37.555,512.0,0.0,0.0,"[""budget""]",32000000,8000000,36110336,0,0,76110336,4227072,181174272,220872704,True,563.0471250042319,400,True,0.18229473335642338,10.328246542175947,,,,,,
s043,keys,64,37,0.99,0,0,8,complete,580487.105,9088.465,0.99,0.99,16.852250322699547,17.878817580640316,16.831041546538472,0.0258544459939003,580487.105,0.0,0.0,0.0,9472.0,256.0,"[""exhausted""]",32000000,8000000,0,137440,6872,40137440,66048,95551488,135364608,True,169.82183419167995,400,True,18.000273793618803,6.946879929250716,580487.105,0.99,256,9472,,
s047,branch,256,12,0.8,128,0,0,complete,50005.31,787.3,0.8055,0.8055,3.0714375898241997,3.8362665567547087,3.0549787916243076,0.017333077266812325,50005.31,93008.235,85484.4,2506.905,0.0,0.0,"[""exhausted""]",32000000,8000000,32272384,0,0,72272384,264192,141017088,180355072,True,544.5429999381304,400,True,2.3934440718161407,-21.65431464276825,50005.31,0.8055,,,,
s145,branch,4096,1330,0.99,1000000,0,0,complete,325353.42,5731.67,0.99,0.99,9.197770850732923,9.70074231736362,8.999833604320884,0.1957709901034832,325353.42,0.0,5731.67,1330.0,0.0,0.0,"[""exhausted""]",32000000,8000000,36110336,0,0,76110336,4227072,181092352,220577792,True,552.6159168221056,400,True,9.946124633080494,10.514539161093925,325353.42,0.99,,,0.0,5731.67
s175,branch,8192,778,0.95,128,512,0,complete,93930.33,1849.395,0.95,0.37295,1.1685211211442947,1.263462658971548,0.9386874735355377,0.22918800823390484,27784.24,659.38,559.92,512.0,0.0,0.0,"[""budget""]",32000000,8000000,40310784,0,0,80310784,8454144,183795712,223543296,True,563.6687497608364,400,True,0.9536910297666689,1.59835479370154,,,,,,
s087,keys,1024,31,0.8,0,0,4,complete,30625.575,494.11,0.80075,0.80075,0.9206044487655163,1.014566421508789,0.8974580559879541,0.02191704697906971,30625.575,0.0,0.0,0.0,496.0,16.0,"[""exhausted""]",32000000,8000000,0,138360,6918,40138360,1056768,107610112,147423232,True,80.86070790886879,400,True,0.9600778809343472,6.977465356579692,30625.575,0.80075,16,496,,
s058,branch,256,29,0.9,128,512,0,complete,118453.375,1865.415,0.90195,0.12435,0.24647917598485947,0.5846549291163684,0.2368125133216381,0.008500181138515472,1359.855,32014.72,1248.865,512.0,0.0,0.0,"[""budget""]",32000000,8000000,32272384,0,0,72272384,264192,152895488,192561152,True,547.650667373091,400,True,0.18714988507502744,-20.971285490796262,,,,,,
s034,keys,64,18,0.95,0,0,8,complete,286891.74,4491.88,0.9537,0.9537,8.3150421269238,9.121195925399661,8.29062587581575,0.021063024178147316,286891.74,0.0,0.0,0.0,4608.0,256.0,"[""exhausted""]",32000000,8000000,0,137440,6872,40137440,66048,95698944,135512064,True,174.01499999687076,400,True,8.90082193304341,7.360072283657611,286891.74,0.9537,256,4608,,
s168,keys,8192,353,0.9,0,0,4,complete,42847.11,842.46,0.9002,0.9002,1.7408544663339853,1.9168918952345848,1.5547506045550108,0.18679210916161537,42847.11,0.0,0.0,0.0,5648.0,16.0,"[""exhausted""]",32000000,8000000,0,812440,40622,40812440,8454144,123322368,163020800,True,78.90600012615323,400,True,1.4039878030891242,-9.69691222657777,42847.11,0.9002,16,5648,,
s070,keys,256,52,0.95,0,0,8,complete,211418.835,3329.845,0.95025,0.95025,6.77954126149416,7.494025863707066,6.746333325281739,0.030291499570012093,211418.835,0.0,0.0,0.0,13312.0,256.0,"[""exhausted""]",32000000,8000000,0,425820,21291,40425820,264192,102383616,142213120,True,150.23483335971832,400,True,6.69265647178171,-0.7956448475333452,211418.835,0.95025,256,13312,,
s090,scan,1024,84,0.9,0,0,0,complete,82157.245,1325.785,0.9005,0.9005,2.184791723266244,2.3451668675988913,2.1518953144550323,0.031292205676436424,82157.245,0.0,0.0,0.0,0.0,0.0,"[""exhausted""]",32000000,8000000,0,0,0,40000000,1056768,139706368,179535872,True,16.762916930019855,400,True,2.182546250506373,1.4243692918260225,82157.245,0.9005,,,,
s069,keys,256,52,0.95,0,0,4,complete,211418.835,3329.845,0.95025,0.95025,6.205499870702624,6.713445298373699,6.180791417136788,0.02581230364739895,211418.835,0.0,0.0,0.0,832.0,16.0,"[""exhausted""]",32000000,8000000,0,38700,1935,40038700,264192,101056512,140902400,True,87.52308320254087,400,True,6.528444835889864,5.624739540460405,211418.835,0.95025,16,832,,
s137,branch,4096,467,0.95,128,0,0,complete,114476.795,2016.035,0.95005,0.95005,5.131833255290985,5.862979404628277,4.979229532182217,0.1395831350237131,114476.795,18559.07,14931.105,6918.99,0.0,0.0,"[""exhausted""]",32000000,8000000,36110336,0,0,76110336,4227072,180830208,220528640,True,541.2738341838121,400,True,5.098335096916625,2.392048086246955,114476.795,0.95005,,,,
s141,keys,4096,467,0.95,0,0,4,complete,114476.795,2016.035,0.95005,0.95005,3.886624937877059,4.219679115340114,3.7455414421856403,0.13681268319487572,114476.795,0.0,0.0,0.0,7472.0,16.0,"[""exhausted""]",32000000,8000000,0,460980,23049,40460980,4227072,114147328,153845760,True,75.44045802205801,400,True,3.6324047128772654,-3.0205707520447596,114476.795,0.95005,16,7472,,
s063,scan,256,52,0.95,0,0,0,complete,211418.835,3329.845,0.95025,0.95025,5.4838331416249275,5.938600562512875,5.462229484692216,0.02491637133061886,211418.835,0.0,0.0,0.0,0.0,0.0,"[""exhausted""]",32000000,8000000,0,0,0,40000000,264192,118865920,158662656,True,12.400208041071892,400,True,5.544346719048957,1.5033647814847981,211418.835,0.95025,,,,
s005,branch,1,1,,128,4096,0,complete,1000000.0,15625.0,1.0,0.9533,60.759353917092085,65.59919165447354,60.75533293187618,0.003416091203689575,66739.75,48004218.75,15995781.25,4096.0,0.0,0.0,"[""budget""]",32000000,8000000,32000000,0,0,72000000,0,421216256,686129152,True,573.7550002522767,400,True,71.33492472903,17.413437284619153,,,,,,
s160,keys,8192,127,0.8,0,0,8,complete,15614.785,306.605,0.8004,0.8004,1.0754999238997698,1.1997999623417854,0.926958629861474,0.14679157175123692,15614.785,0.0,0.0,0.0,32512.0,256.0,"[""exhausted""]",32000000,8000000,0,4062680,203134,44062680,8454144,133070848,172834816,True,120.37337524816394,400,True,0.919384058593002,-0.8171423216162308,15614.785,0.8004,256,32512,,
s125,keys,4096,72,0.8,0,0,12,complete,18106.705,317.625,0.80005,0.80005,3.747000126168132,4.118441743776202,3.6612499970942736,0.084687490016222,18106.705,0.0,0.0,0.0,294912.0,4096.0,"[""exhausted""]",32000000,8000000,0,7694100,384705,47694100,4227072,136560640,176324608,True,167.0683748088777,400,True,4.448728264014864,21.508453876287266,18106.705,0.80005,4096,294912,,
s067,branch,256,52,0.95,128,512,0,complete,211418.835,3329.845,0.95025,0.0025,0.16454211436212063,0.24192873388528827,0.1543124672025442,0.009750016033649445,200.5,32692.76,129.24,512.0,0.0,0.0,"[""budget""]",32000000,8000000,32272384,0,0,72272384,264192,152666112,192266240,True,550.6054167635739,400,True,0.14956142891718804,-3.07884279960358,,,,,,
s006,keys,1,1,,0,0,4,complete,1000000.0,15625.0,1.0,1.0,27.12210384197533,27.856025006622076,27.118854457512498,0.0017080456018447876,1000000.0,0.0,0.0,0.0,16.0,16.0,"[""exhausted""]",32000000,8000000,0,160,8,40000160,0,104841216,136839168,True,114.75929198786616,400,True,30.786438503858577,13.52411124921274,1000000.0,1.0,16,16,,
s026,keys,64,11,0.9,0,0,12,complete,178239.105,2790.705,0.9085,0.9085,6.730041932314634,7.453299826011062,6.705791223794222,0.022166641429066658,178239.105,0.0,0.0,0.0,45056.0,4096.0,"[""exhausted""]",32000000,8000000,0,1124940,56247,41124940,66048,98680832,138493952,True,251.76812475547194,400,True,6.089231203289961,-9.194441042490489,178239.105,0.9085,4096,45056,,
s019,branch,64,11,0.9,1000000,0,0,complete,178239.105,2790.705,0.9085,0.9085,4.800437483936548,5.41415479965508,4.783583572134376,0.0161672942340374,178239.105,0.0,2790.705,11.0,0.0,0.0,"[""exhausted""]",32000000,8000000,32065536,0,0,72065536,66048,138182656,177930240,True,546.4780409820378,400,True,5.280046641630695,10.378475927301581,178239.105,0.9085,,,0.0,2790.705
s180,scan,8192,2440,0.99,0,0,0,complete,295858.36,5820.08,0.99,0.99,8.784041507169604,9.295383235439658,8.4004164673388,0.3740836400538683,295858.36,0.0,0.0,0.0,0.0,0.0,"[""exhausted""]",32000000,8000000,0,0,0,40000000,8454144,136462336,176078848,True,29.82037514448166,400,True,7.7404270450647,-7.856627404607489,295858.36,0.99,,,,
s032,branch,64,18,0.95,128,4096,0,complete,286891.74,4491.88,0.9537,0.89925,9.107937337830663,10.520191164687276,9.083145763725042,0.02360413782298565,64216.575,781226.145,285545.81,4096.0,0.0,0.0,"[""budget""]",32000000,8000000,32065536,0,0,72065536,66048,142917632,177995776,True,547.5312499329448,400,True,4.0789953513992225,-55.09270182925693,,,,,,
s050,branch,256,12,0.8,128,4096,0,complete,50005.31,787.3,0.8055,0.8055,3.1777287367731333,3.890974447131157,3.1604787800461054,0.019437167793512344,49973.26,92989.55,85377.775,2505.365,0.0,0.0,"[""budget"", ""exhausted""]",32000000,8000000,32272384,0,0,72272384,264192,152977408,192462848,True,538.314875215292,400,True,2.3917787708077745,-24.322264528133203,,,,,,
s134,keys,4096,211,0.9,0,0,12,complete,52163.9,917.5,0.9,0.9,12.25281273946166,13.468058593571186,12.126541696488857,0.12222910299897194,52163.9,0.0,0.0,0.0,864256.0,4096.0,"[""exhausted""]",32000000,8000000,0,7694100,384705,47694100,4227072,136445952,176078848,True,166.59224964678288,400,True,12.988263752794639,7.10608249139395,52163.9,0.9,4096,864256,,
s018,scan,64,11,0.9,0,0,0,complete,178239.105,2790.705,0.9085,0.9085,4.704999970272183,5.369250848889351,4.684271523728967,0.018979422748088837,178239.105,0.0,0.0,0.0,0.0,0.0,"[""exhausted""]",32000000,8000000,0,0,0,40000000,66048,106708992,146538496,True,11.125292163342237,400,True,4.6814172760480135,-0.060932583999337826,178239.105,0.9085,,,,
s103,branch,1024,164,0.95,128,512,0,complete,160583.65,2590.795,0.95,0.0008,0.15208288095891476,0.18002516590058806,0.11820811778306961,0.03408361226320267,60.155,8085.08,9.365,512.0,0.0,0.0,"[""budget""]",32000000,8000000,33024000,0,0,73024000,1056768,160038912,199655424,True,545.366708189249,400,True,0.1364680182149929,15.447247426300342,,,,,,
s028,branch,64,18,0.95,1000000,0,0,complete,286891.74,4491.88,0.9537,0.9537,8.014062652364373,9.154653735458853,7.991541642695665,0.02445792779326439,286891.74,0.0,4491.88,18.0,0.0,0.0,"[""exhausted""]",32000000,8000000,32065536,0,0,72065536,66048,138264576,178126848,True,559.266374912113,400,True,8.493131986727079,6.276515426655769,286891.74,0.9537,,,0.0,4491.88
s131,branch,4096,211,0.9,128,4096,0,complete,52163.9,917.5,0.9,0.8976,2.3762290365993977,2.8471914585679774,2.272167010232806,0.10431231930851936,50973.765,9138.73,6849.885,3286.72,0.0,0.0,"[""budget"", ""exhausted""]",32000000,8000000,36110336,0,0,76110336,4227072,180715520,220430336,True,553.8047077134252,400,True,2.3255471398617735,2.349304843727046,,,,,,
s009,scan,64,6,0.8,0,0,0,complete,98609.57,1543.98,0.8255,0.8255,2.645103959366679,3.131428826600313,2.634708071127534,0.0119796022772789,98609.57,0.0,0.0,0.0,0.0,0.0,"[""exhausted""]",32000000,8000000,0,0,0,40000000,66048,107577344,147423232,True,11.340791825205088,400,True,2.6104338688902633,-0.921324168824608,98609.57,0.8255,,,,
s163,branch,8192,353,0.9,1000000,0,0,complete,42847.11,842.46,0.9002,0.9002,1.4957711100578308,1.6614167485386133,1.304500037804246,0.1879790797829628,42847.11,0.0,842.46,353.0,0.0,0.0,"[""exhausted""]",32000000,8000000,40310784,0,0,80310784,8454144,191922176,231686144,True,567.8919171914458,400,True,1.360750911296173,4.31206376863043,42847.11,0.9002,,,0.0,842.46
s037,branch,64,37,0.99,1000000,0,0,complete,580487.105,9088.465,0.99,0.99,15.46629099175334,16.595870489254594,15.439708717167377,0.023875152692198753,580487.105,0.0,9088.465,37.0,0.0,0.0,"[""exhausted""]",32000000,8000000,32065536,0,0,72065536,66048,134545408,174358528,True,552.8726670891047,400,True,17.175379694478668,11.241604418232331,580487.105,0.99,,,0.0,9088.465
s036,scan,64,37,0.99,0,0,0,complete,580487.105,9088.465,0.99,0.99,14.913729159161448,15.748983481898904,14.887146186083555,0.02539600245654583,580487.105,0.0,0.0,0.0,0.0,0.0,"[""exhausted""]",32000000,8000000,0,0,0,40000000,66048,105955328,145801216,True,10.528375394642353,400,True,15.142974455333192,1.718450709436737,580487.105,0.99,,,,
s143,keys,4096,467,0.95,0,0,12,complete,114476.795,2016.035,0.95005,0.95005,29.508270788937807,31.59117843024433,29.36189598403871,0.14727097004652023,114476.795,0.0,0.0,0.0,1912832.0,4096.0,"[""exhausted""]",32000000,8000000,0,7694100,384705,47694100,4227072,136478720,176128000,True,166.25108290463686,400,True,28.703100431057276,-2.243709171027509,114476.795,0.95005,4096,1912832,,
s140,branch,4096,467,0.95,128,4096,0,complete,114476.795,2016.035,0.95005,0.64535,2.5163539685308933,3.5839290823787455,2.3747500963509083,0.13314606621861458,52125.23,15711.935,3529.225,4091.805,0.0,0.0,"[""budget"", ""exhausted""]",32000000,8000000,36110336,0,0,76110336,4227072,180830208,220528640,True,552.7519593015313,400,True,2.543847253307725,7.120629543995176,,,,,,
s111,branch,1024,420,0.99,128,64,0,complete,412040.445,6644.99,0.99,0.0,0.09068707004189491,0.1037962269037962,0.04770886152982712,0.04224991425871849,0.0,1012.965,0.0,64.0,0.0,0.0,"[""budget""]",32000000,8000000,33024000,0,0,73024000,1056768,177717248,217415680,True,543.3324170298874,400,True,0.024935881757670995,-47.73322825554887,,,,,,
s016,keys,64,6,0.8,0,0,8,complete,98609.57,1543.98,0.8255,0.8255,2.885562600567937,3.342716675251723,2.8724586591124535,0.012437812983989716,98609.57,0.0,0.0,0.0,1536.0,256.0,"[""exhausted""]",32000000,8000000,0,137440,6872,40137440,66048,95813632,135626752,True,170.78958312049508,400,True,3.065982150382942,6.737207188572192,98609.57,0.8255,256,1536,,
s060,keys,256,29,0.9,0,0,4,complete,118453.375,1865.415,0.90195,0.90195,3.4997917246073484,3.82093358784914,3.475978970527649,0.020541949197649956,118453.375,0.0,0.0,0.0,464.0,16.0,"[""exhausted""]",32000000,8000000,0,38700,1935,40038700,264192,100810752,140640256,True,93.07441674172878,400,True,3.66257354534222,5.368115756645276,118453.375,0.90195,16,464,,
s158,branch,8192,127,0.8,128,4096,0,complete,15614.785,306.605,0.8004,0.8004,0.7147914730012417,0.8202672936022282,0.5692914128303528,0.1415410079061985,15614.785,1194.56,959.685,673.43,0.0,0.0,"[""exhausted""]",32000000,8000000,40310784,0,0,80310784,8454144,177520640,217219072,True,552.47558420524,400,True,0.6347469702258071,11.497724349999961,,,,,,
s064,branch,256,52,0.95,1000000,0,0,complete,211418.835,3329.845,0.95025,0.95025,5.672833416610956,6.227899948135018,5.646646022796631,0.02491706982254982,211418.835,0.0,3329.845,52.0,0.0,0.0,"[""exhausted""]",32000000,8000000,32272384,0,0,72272384,264192,152535040,192331776,True,541.0632500424981,400,True,6.270608891160796,11.050150228030997,211418.835,0.95025,,,0.0,3329.845
s001,branch,1,1,,1000000,0,0,complete,1000000.0,15625.0,1.0,1.0,26.002062717452645,27.143899630755186,25.998728582635522,0.0018333084881305695,1000000.0,0.0,15625.0,1.0,0.0,0.0,"[""exhausted""]",32000000,8000000,32000000,0,0,72000000,0,153911296,185892864,True,583.382457960397,400,True,29.566058791378534,13.721171777321535,1000000.0,1.0,,,0.0,15625.0
s092,branch,1024,84,0.9,128,0,0,complete,82157.245,1325.785,0.9005,0.9005,4.120937315747142,4.7963622491806746,4.077437333762646,0.039146048948168755,82157.245,40824.055,35861.25,4506.69,0.0,0.0,"[""exhausted""]",32000000,8000000,33024000,0,0,73024000,1056768,177995776,217235456,True,543.1866669096053,400,True,3.6424855088610477,-10.667284112499797,82157.245,0.9005,,,,
s049,branch,256,12,0.8,128,512,0,complete,50005.31,787.3,0.8055,0.6064,0.6417497061192989,0.8276711218059063,0.6313750054687262,0.00883336178958416,5970.745,26807.98,7957.84,512.0,0.0,0.0,"[""budget""]",32000000,8000000,32272384,0,0,72272384,264192,152371200,192069632,True,538.4914577007294,400,True,0.3430571381382718,-45.66507461225998,,,,,,
s015,keys,64,6,0.8,0,0,4,complete,98609.57,1543.98,0.8255,0.8255,2.803083276376128,3.2792875543236732,2.791499951854348,0.010666437447071075,98609.57,0.0,0.0,0.0,96.0,16.0,"[""exhausted""]",32000000,8000000,0,10140,507,40010140,66048,95256576,135102464,True,98.17587491124868,400,True,3.047034653933883,9.154028532573943,98609.57,0.8255,16,96,,
s000,scan,1,1,,0,0,0,complete,1000000.0,15625.0,1.0,1.0,26.84850012883544,27.47785863466561,26.84599976055324,0.0016670674085617065,1000000.0,0.0,0.0,0.0,0.0,0.0,"[""exhausted""]",32000000,8000000,0,0,0,40000000,0,122175488,154173440,True,9.7976247780025,400,True,26.053552353768882,-2.9518267669388805,1000000.0,1.0,,,,
s115,keys,1024,420,0.99,0,0,8,complete,412040.445,6644.99,0.99,0.99,17.05802045762539,18.996108695864677,16.985041787847877,0.0663751270622015,412040.445,0.0,0.0,0.0,107520.0,256.0,"[""exhausted""]",32000000,8000000,0,1175340,58767,41175340,1056768,110952448,150716416,True,137.23362516611814,400,True,14.106410790433184,-16.948036003504203,412040.445,0.99,256,107520,,
s044,keys,64,37,0.99,0,0,12,complete,580487.105,9088.465,0.99,0.99,22.46914547868073,24.140112474560738,22.443124558776617,0.02333289012312889,580487.105,0.0,0.0,0.0,151552.0,4096.0,"[""exhausted""]",32000000,8000000,0,1124940,56247,41124940,66048,98959360,138805248,True,224.37766706570983,400,True,19.869760109925966,-11.466159456145379,580487.105,0.99,4096,151552,,
s031,branch,64,18,0.95,128,512,0,complete,286891.74,4491.88,0.9537,0.38115,0.6573963910341263,0.8737957570701839,0.6509581580758095,0.005125068128108978,3200.62,116931.63,13717.615,512.0,0.0,0.0,"[""budget""]",32000000,8000000,32065536,0,0,72065536,66048,139100160,178061312,True,531.7010409198701,400,True,0.311295128890668,-52.17893423275677,,,,,,
s161,keys,8192,127,0.8,0,0,12,complete,15614.785,306.605,0.8004,0.8004,5.645750090479851,5.910641327500343,5.489500006660819,0.15779188834130764,15614.785,0.0,0.0,0.0,520192.0,4096.0,"[""exhausted""]",32000000,8000000,0,9392520,469626,49392520,8454144,149602304,189284352,True,156.76912479102612,400,True,7.336269522674344,33.64185287863562,15614.785,0.8004,4096,520192,,
s186,keys,8192,2440,0.99,0,0,4,complete,295858.36,5820.08,0.99,0.99,11.12956297583878,11.782654142007232,10.768374195322394,0.3629166167229414,295858.36,0.0,0.0,0.0,39040.0,16.0,"[""exhausted""]",32000000,8000000,0,812440,40622,40812440,8454144,123502592,163053568,True,71.75124995410442,400,True,9.629827007759753,-10.573064855576881,295858.36,0.99,16,39040,,
s178,keys,8192,778,0.95,0,0,8,complete,93930.33,1849.395,0.95,0.95,6.74331234768033,7.323441607877612,6.493062945082784,0.24283351376652718,93930.33,0.0,0.0,0.0,199168.0,256.0,"[""exhausted""]",32000000,8000000,0,4062680,203134,44062680,8454144,132907008,172621824,True,119.02483273297548,400,True,5.522416301390764,-14.948979424681132,93930.33,0.95,256,199168,,
s138,branch,4096,467,0.95,128,64,0,complete,114476.795,2016.035,0.95005,0.02865,0.1901665236800909,0.2061333041638136,0.07229135371744633,0.11679111048579216,369.985,276.285,6.805,64.0,0.0,0.0,"[""budget""]",32000000,8000000,36110336,0,0,76110336,4227072,168607744,208289792,True,531.5508753992617,400,True,0.035618257302845686,-50.72957487826126,,,,,,
s022,branch,64,11,0.9,128,512,0,complete,178239.105,2790.705,0.9085,0.5757,0.8361246436834335,1.0019045323133469,0.8311255369335413,0.005041249096393585,5802.69,107484.2,26824.73,512.0,0.0,0.0,"[""budget""]",32000000,8000000,32065536,0,0,72065536,66048,139264000,178372608,True,532.6366252265871,400,True,0.4271201179014058,-48.60943396381776,,,,,,
s104,branch,1024,164,0.95,128,4096,0,complete,160583.65,2590.795,0.95,0.86625,3.391729202121496,4.239029437303543,3.3480837009847164,0.04354212433099747,53954.305,49537.385,18252.225,4096.0,0.0,0.0,"[""budget""]",32000000,8000000,33024000,0,0,73024000,1056768,159563776,198524928,True,527.8352918103337,400,True,2.6581499234632897,-20.60682584842511,,,,,,
s171,scan,8192,778,0.95,0,0,0,complete,93930.33,1849.395,0.95,0.95,2.8718544635921717,3.033508127555251,2.6344789657741785,0.23416709154844284,93930.33,0.0,0.0,0.0,0.0,0.0,"[""exhausted""]",32000000,8000000,0,0,0,40000000,8454144,142639104,190251008,True,31.608249992132187,400,True,2.4887374606654906,-5.53208080239349,93930.33,0.95,,,,
s097,keys,1024,84,0.9,0,0,8,complete,82157.245,1325.785,0.9005,0.9005,3.0101037118583918,3.3891712315380573,2.9798957984894514,0.03512483090162277,82157.245,0.0,0.0,0.0,21504.0,256.0,"[""exhausted""]",32000000,8000000,0,1175340,58767,41175340,1056768,110755840,150552576,True,131.67841685935855,400,True,2.8223974359778996,-5.285364763136678,82157.245,0.9005,256,21504,,
s072,scan,256,119,0.99,0,0,0,complete,480127.3,7562.63,0.9903,0.9903,12.171353911980987,12.714954372495413,12.146499939262867,0.02706260420382023,480127.3,0.0,0.0,0.0,0.0,0.0,"[""exhausted""]",32000000,8000000,0,0,0,40000000,264192,119193600,158973952,True,12.808333151042461,400,True,12.532843793379843,3.180701074785683,480127.3,0.9903,,,,
s173,branch,8192,778,0.95,128,0,0,complete,93930.33,1849.395,0.95,0.95,3.499687183648348,3.862091759219766,3.268167143687606,0.23618689738214016,93930.33,5746.285,5120.435,3472.445,0.0,0.0,"[""exhausted""]",32000000,8000000,40310784,0,0,80310784,8454144,177160192,216793088,True,542.0780000276864,400,True,3.6307288762061845,11.093732865494923,93930.33,0.95,,,,
s085,branch,1024,31,0.8,128,512,0,complete,30625.575,494.11,0.80075,0.26275,0.22308342158794403,0.38758791051805025,0.2026245929300785,0.01954217441380024,2555.69,7679.595,673.48,512.0,0.0,0.0,"[""budget""]",32000000,8000000,33024000,0,0,73024000,1056768,158941184,198623232,True,529.5188748277724,400,True,0.21210547713609768,4.67903923651105,,,,,,
s093,branch,1024,84,0.9,128,64,0,complete,82157.245,1325.785,0.9005,0.0,0.04531256854534149,0.04892973229289055,0.021667219698429108,0.02366676926612854,0.0,1012.965,0.0,64.0,0.0,0.0,"[""budget""]",32000000,8000000,33024000,0,0,73024000,1056768,178126848,217858048,True,533.6574581451714,400,True,0.024935881757670995,15.085747524306816,,,,,,
s144,scan,4096,1330,0.99,0,0,0,complete,325353.42,5731.67,0.99,0.99,8.702374529093504,8.986504143103957,8.512895554304123,0.1865830272436142,325353.42,0.0,0.0,0.0,0.0,0.0,"[""exhausted""]",32000000,8000000,0,0,0,40000000,4227072,143638528,183353344,True,23.75933388248086,400,True,8.507526587378017,-0.06306863383742045,325353.42,0.99,,,,
s094,branch,1024,84,0.9,128,512,0,complete,82157.245,1325.785,0.9005,0.0069,0.14087464660406113,0.1923915930092335,0.11612521484494209,0.024207867681980133,264.735,8052.225,41.76,512.0,0.0,0.0,"[""budget""]",32000000,8000000,33024000,0,0,73024000,1056768,177766400,217530368,True,527.0219170488417,400,True,0.14259757534544634,22.796393131200542,,,,,,
s152,keys,4096,1330,0.99,0,0,12,complete,325353.42,5731.67,0.99,0.99,101.90056264400482,115.18909949809314,101.69074940495193,0.19835447892546654,325353.42,0.0,0.0,0.0,5447680.0,4096.0,"[""exhausted""]",32000000,8000000,0,7694100,384705,47694100,4227072,136593408,176095232,True,159.6953752450645,400,True,81.7043395739095,-19.65410811503881,325353.42,0.99,4096,5447680,,
s155,branch,8192,127,0.8,128,0,0,complete,15614.785,306.605,0.8004,0.8004,0.7168336305767298,0.825837254524231,0.5710420664399862,0.14210399240255356,15614.785,1194.56,959.685,673.43,0.0,0.0,"[""exhausted""]",32000000,8000000,40310784,0,0,80310784,8454144,191725568,231489536,True,551.9831669516861,400,True,0.6347469702258071,11.155903834365924,15614.785,0.8004,,,,
s126,scan,4096,211,0.9,0,0,0,complete,52163.9,917.5,0.9,0.9,1.516395714133978,1.6331037506461143,1.4172703959047794,0.09866687469184399,52163.9,0.0,0.0,0.0,0.0,0.0,"[""exhausted""]",32000000,8000000,0,0,0,40000000,4227072,143540224,183304192,True,27.59841736406088,400,True,1.402487446694975,-1.0430577857633874,52163.9,0.9,,,,
s132,keys,4096,211,0.9,0,0,4,complete,52163.9,917.5,0.9,0.9,1.8536041025072336,2.0908373408019543,1.750583527609706,0.10291673243045807,52163.9,0.0,0.0,0.0,3376.0,16.0,"[""exhausted""]",32000000,8000000,0,460980,23049,40460980,4227072,113950720,153731072,True,75.0588751398027,400,True,1.6608187923321514,-5.127703640632434,52163.9,0.9,16,3376,,
s182,branch,8192,2440,0.99,128,0,0,complete,295858.36,5820.08,0.99,0.99,11.082312557846308,12.11616201326251,10.719187557697296,0.36737509071826935,295858.36,16475.21,15458.44,10243.78,0.0,0.0,"[""exhausted""]",32000000,8000000,40310784,0,0,80310784,8454144,177520640,216973312,True,553.3883748576045,400,True,11.247233760878908,4.926177476971464,295858.36,0.99,,,,
s179,keys,8192,778,0.95,0,0,12,complete,93930.33,1849.395,0.95,0.95,44.493458000943065,47.45972529053688,44.228853890672326,0.25408342480659485,93930.33,0.0,0.0,0.0,3186688.0,4096.0,"[""exhausted""]",32000000,8000000,0,9392520,469626,49392520,8454144,149569536,189136896,True,156.54020896181464,400,True,44.83215560103867,1.364045543340609,93930.33,0.95,4096,3186688,,
s002,branch,1,1,,128,0,0,complete,1000000.0,15625.0,1.0,1.0,744.8291459586471,826.7411205917597,744.8259168304503,0.001916196197271347,999999.505,290913281.25,286945468.75,36982.96,0.0,0.0,"[""bound"", ""exhausted""]",32000000,8000000,32000000,0,0,72000000,0,841351168,1478705152,True,578.8658750243485,200,True,1066.472040300247,43.184067068790675,1000000.0,1.0,,,,
s164,branch,8192,353,0.9,128,0,0,complete,42847.11,842.46,0.9002,0.9002,1.7331666313111782,1.9521883223205805,1.5509165823459625,0.1827920787036419,42847.11,2865.53,2443.75,1684.395,0.0,0.0,"[""exhausted""]",32000000,8000000,40310784,0,0,80310784,8454144,183697408,223428608,True,570.504916831851,400,True,1.6856985877053516,8.690474194009445,42847.11,0.9002,,,,
s048,branch,256,12,0.8,128,64,0,complete,50005.31,787.3,0.8055,0.0,0.030187424272298813,0.033379532396793365,0.023833708837628365,0.006167218089103699,0.97,4205.83,0.44,64.0,0.0,0.0,"[""budget""]",32000000,8000000,32272384,0,0,72272384,264192,152551424,192348160,True,543.2407078333199,400,True,0.026077262176546028,9.413362201419401,,,,,,
s166,branch,8192,353,0.9,128,512,0,complete,42847.11,842.46,0.9002,0.37945,0.8401039522141218,0.911795487627387,0.6646462716162205,0.17510447651147842,19404.445,960.305,392.675,512.0,0.0,0.0,"[""budget""]",32000000,8000000,40310784,0,0,80310784,8454144,191873024,231620608,True,556.1414579860866,400,True,0.7060005766388231,6.2220021067810025,,,,,,
s102,branch,1024,164,0.95,128,64,0,complete,160583.65,2590.795,0.95,0.0,0.06460398435592651,0.08555436506867409,0.02987496554851532,0.03437511622905731,0.0,1012.965,0.0,64.0,0.0,0.0,"[""budget""]",32000000,8000000,33024000,0,0,73024000,1056768,159121408,198836224,True,537.991666700691,400,True,0.024935881757670995,-16.53251710976376,,,,,,
s149,branch,4096,1330,0.99,128,4096,0,complete,325353.42,5731.67,0.99,0.0689,1.4784790109843016,2.0384835079312325,1.3027498498558998,0.1724583562463522,19869.845,17533.83,618.575,4096.0,0.0,0.0,"[""budget""]",32000000,8000000,36110336,0,0,76110336,4227072,168820736,208371712,True,543.9581251703203,400,True,1.5843540086452084,21.616134426763313,,,,,,
s075,branch,256,119,0.99,128,64,0,complete,480127.3,7562.63,0.9903,0.0,0.03693741746246815,0.03912490792572498,0.02545793540775776,0.011249911040067673,0.0,4093.315,0.0,64.0,0.0,0.0,"[""budget""]",32000000,8000000,32272384,0,0,72272384,264192,152518656,192184320,True,532.137209083885,400,True,0.026008057035927734,2.1609043284882294,,,,,,
s096,keys,1024,84,0.9,0,0,4,complete,82157.245,1325.785,0.9005,0.9005,2.361416583880782,2.5152077432721853,2.3318545427173376,0.02889544703066349,82157.245,0.0,0.0,0.0,1344.0,16.0,"[""exhausted""]",32000000,8000000,0,138360,6918,40138360,1056768,107413504,147210240,True,79.1439157910645,400,True,2.5571324856910724,9.66089174289644,82157.245,0.9005,16,1344,,
s004,branch,1,1,,128,512,0,complete,1000000.0,15625.0,1.0,0.6605,5.67052117548883,6.94808391854167,5.668312078341842,0.001957640051841736,4846.16,6937890.625,1062109.375,512.0,0.0,0.0,"[""budget""]",32000000,8000000,32000000,0,0,72000000,0,201064448,257212416,True,564.2562918365002,400,True,6.120356829663293,7.97494465854619,,,,,,
s033,keys,64,18,0.95,0,0,4,complete,286891.74,4491.88,0.9537,0.9537,8.284562034532428,9.151736833155155,8.268208475783467,0.016582896932959557,286891.74,0.0,0.0,0.0,288.0,16.0,"[""exhausted""]",32000000,8000000,0,10140,507,40010140,66048,95354880,135217152,True,108.0429581925273,400,True,8.843979443696233,6.963672597263669,286891.74,0.9537,16,288,,
s100,branch,1024,164,0.95,1000000,0,0,complete,160583.65,2590.795,0.95,0.95,4.266832955181599,4.459733190014958,4.226666642352939,0.04087481647729874,160583.65,0.0,2590.795,164.0,0.0,0.0,"[""exhausted""]",32000000,8000000,33024000,0,0,73024000,1056768,177717248,217415680,True,528.9263748563826,400,True,4.795090510907614,13.448514317614604,160583.65,0.95,,,0.0,2590.795
s136,branch,4096,467,0.95,1000000,0,0,complete,114476.795,2016.035,0.95005,0.95005,3.3862919081002474,3.58443739823997,3.2475830521434546,0.13529183343052864,114476.795,0.0,2016.035,467.0,0.0,0.0,"[""exhausted""]",32000000,8000000,36110336,0,0,76110336,4227072,180830208,220577792,True,561.5324592217803,400,True,3.5053487633284295,7.9371553258613545,114476.795,0.95005,,,0.0,2016.035
s020,branch,64,11,0.9,128,0,0,complete,178239.105,2790.705,0.9085,0.9085,15.530125005170703,20.504820439964533,15.503374394029379,0.02150004729628563,178239.105,1119919.675,1059724.685,7977.29,0.0,0.0,"[""exhausted""]",32000000,8000000,32065536,0,0,72065536,66048,142966784,177979392,True,535.7164591550827,400,True,10.991171430191299,-29.104650698339636,178239.105,0.9085,,,,
s129,branch,4096,211,0.9,128,64,0,complete,52163.9,917.5,0.9,0.02865,0.14470797032117844,0.15813689678907394,0.0546872615814209,0.08966634050011635,369.985,276.285,6.805,64.0,0.0,0.0,"[""budget""]",32000000,8000000,36110336,0,0,76110336,4227072,180846592,220577792,True,533.1024159677327,400,True,0.035618257302845686,-34.86918841270632,,,,,,
s030,branch,64,18,0.95,128,64,0,complete,286891.74,4491.88,0.9537,0.0,0.033041927963495255,0.03650416620075703,0.029250048100948334,0.0036670826375484467,0.0,16019.06,0.0,64.0,0.0,0.0,"[""budget""]",32000000,8000000,32065536,0,0,72065536,66048,138117120,177897472,True,531.2184998765588,400,True,0.03015904278877852,3.107669035938146,,,,,,
s007,keys,1,1,,0,0,8,complete,1000000.0,15625.0,1.0,1.0,27.943458408117294,28.498054388910532,27.94049959629774,0.0014998950064182281,1000000.0,0.0,0.0,0.0,256.0,256.0,"[""exhausted""]",32000000,8000000,0,2560,128,40002560,0,104824832,136822784,True,220.71941709145904,400,True,30.78959641993342,10.197014601747492,1000000.0,1.0,256,256,,
s077,branch,256,119,0.99,128,4096,0,complete,480127.3,7562.63,0.9903,0.8015,6.129375426098704,7.417837809771299,6.102957995608449,0.025270506739616394,51468.515,208536.665,62423.91,4096.0,0.0,0.0,"[""budget""]",32000000,8000000,32272384,0,0,72272384,264192,142016512,180043776,True,522.8537498041987,400,True,2.782822824627975,-54.40206492277299,,,,,,
s117,scan,4096,72,0.8,0,0,0,complete,18106.705,317.625,0.80005,0.80005,0.5685002543032169,0.6203749217092991,0.5032289773225784,0.06458396092057228,18106.705,0.0,0.0,0.0,0.0,0.0,"[""exhausted""]",32000000,8000000,0,0,0,40000000,4227072,143327232,183140352,True,23.79658306017518,400,True,0.5167371313209635,2.684295739536907,18106.705,0.80005,,,,
s013,branch,64,6,0.8,128,512,0,complete,98609.57,1543.98,0.8255,0.5964,0.7932295557111502,0.9005791507661343,0.7878744509071112,0.004417262971401215,6366.055,109415.135,26928.035,512.0,0.0,0.0,"[""budget""]",32000000,8000000,32065536,0,0,72065536,66048,139329536,178388992,True,533.3877080120146,400,True,0.44474859445288584,-43.550829203710165,,,,,,
s057,branch,256,29,0.9,128,64,0,complete,118453.375,1865.415,0.90195,0.0,0.03062468022108078,0.03279596567153931,0.022750115022063255,0.007792375981807709,0.0,4128.085,0.0,64.0,0.0,0.0,"[""budget""]",32000000,8000000,32272384,0,0,72272384,264192,152436736,192200704,True,533.2799172028899,400,True,0.026020159405601633,14.37374879365252,,,,,,
s177,keys,8192,778,0.95,0,0,4,complete,93930.33,1849.395,0.95,0.95,3.6934169474989176,3.991283848881722,3.44295846298337,0.24616648443043232,93930.33,0.0,0.0,0.0,12448.0,16.0,"[""exhausted""]",32000000,8000000,0,812440,40622,40812440,8454144,123207680,162906112,True,72.30341574177146,400,True,3.0655575951627694,-10.961528344828695,93930.33,0.95,16,12448,,
s174,branch,8192,778,0.95,128,64,0,complete,93930.33,1849.395,0.95,0.2803,0.4261876456439495,0.4558790475130081,0.19904202781617641,0.2255421131849289,3337.26,89.32,67.085,64.0,0.0,0.0,"[""budget""]",32000000,8000000,40310784,0,0,80310784,8454144,191840256,231522304,True,562.3231660574675,400,True,0.1233005713827969,-38.05299677881593,,,,,,
s068,branch,256,52,0.95,128,4096,0,complete,211418.835,3329.845,0.95025,0.87125,6.452500121667981,7.699695974588394,6.422625156119466,0.026478897780179977,61821.51,202312.28,73249.155,4096.0,0.0,0.0,"[""budget""]",32000000,8000000,32272384,0,0,72272384,264192,153796608,192233472,True,535.9146250411868,400,True,3.1210986309577278,-51.40462731218324,,,,,,
s148,branch,4096,1330,0.99,128,512,0,complete,325353.42,5731.67,0.99,0.0349,0.45614619739353657,0.5052286200225353,0.28589600697159767,0.17039640806615353,3355.15,2145.89,62.75,512.0,0.0,0.0,"[""budget""]",32000000,8000000,36110336,0,0,76110336,4227072,180944896,220610560,True,551.6521250829101,400,True,0.23179562420030234,-18.923098417624956,,,,,,
s080,keys,256,119,0.99,0,0,12,complete,480127.3,7562.63,0.9903,0.9903,25.417291559278965,28.127308376133442,25.38258326239884,0.03260467201471329,480127.3,0.0,0.0,0.0,487424.0,4096.0,"[""exhausted""]",32000000,8000000,0,2425020,121251,42425020,264192,108216320,147963904,True,208.1317910924554,400,True,21.200566911072524,-16.475928821324718,480127.3,0.9903,4096,487424,,
s065,branch,256,52,0.95,128,0,0,complete,211418.835,3329.845,0.95025,0.95025,15.177957946434617,18.724387604743242,15.151271363720298,0.027437694370746613,211418.835,361089.54,334224.725,9989.55,0.0,0.0,"[""exhausted""]",32000000,8000000,32272384,0,0,72272384,264192,153960448,192135168,True,527.3610004223883,400,True,9.844458648600986,-35.02552748033059,211418.835,0.95025,,,,
s011,branch,64,6,0.8,128,0,0,complete,98609.57,1543.98,0.8255,0.8255,7.185853784903884,9.835442015901208,7.168750045821071,0.015125144273042679,98609.57,644049.645,608230.5,4491.495,0.0,0.0,"[""exhausted""]",32000000,8000000,32065536,0,0,72065536,66048,141656064,177930240,True,534.797334112227,400,True,6.1830280054250615,-13.750263771166397,98609.57,0.8255,,,,
s055,branch,256,29,0.9,1000000,0,0,complete,118453.375,1865.415,0.90195,0.90195,3.1467503868043423,3.460570564493537,3.1306669116020203,0.01329183578491211,118453.375,0.0,1865.415,29.0,0.0,0.0,"[""exhausted""]",32000000,8000000,32272384,0,0,72272384,264192,152403968,192233472,True,523.7892079167068,400,True,3.517324538366822,12.350647248095198,118453.375,0.90195,,,0.0,1865.415
s098,keys,1024,84,0.9,0,0,12,complete,82157.245,1325.785,0.9005,0.9005,6.990562425926328,7.614158326759934,6.95139542222023,0.03877049311995506,82157.245,0.0,0.0,0.0,344064.0,4096.0,"[""exhausted""]",32000000,8000000,0,4665280,233264,44665280,1056768,121929728,161677312,True,177.52120783552527,400,True,7.066636640567134,1.6578141703539715,82157.245,0.9005,4096,344064,,
s110,branch,1024,420,0.99,128,0,0,complete,412040.445,6644.99,0.99,0.99,30.676332768052816,33.93590832129121,30.59733286499977,0.06868736818432808,412040.445,187629.15,167428.7,20770.265,0.0,0.0,"[""exhausted""]",32000000,8000000,33024000,0,0,73024000,1056768,179175424,217399296,True,540.3871252201498,400,True,17.746128786433584,-42.0010598154673,412040.445,0.99,,,,
s113,branch,1024,420,0.99,128,4096,0,complete,412040.445,6644.99,0.99,0.14015,1.5569578390568495,3.436628915369511,1.4975625090301037,0.054688192903995514,14532.95,62451.995,3116.025,4096.0,0.0,0.0,"[""budget""]",32000000,8000000,33024000,0,0,73024000,1056768,178503680,217464832,True,543.3402499184012,400,True,1.4505845870223717,-3.136959006683283,,,,,,
s116,keys,1024,420,0.99,0,0,12,complete,412040.445,6644.99,0.99,0.99,50.62858294695616,59.10187587141992,50.55179190821946,0.07120799273252487,412040.445,0.0,0.0,0.0,1720320.0,4096.0,"[""exhausted""]",32000000,8000000,0,4665280,233264,44665280,1056768,121962496,161726464,True,179.77399984374642,400,True,35.327606813379354,-30.11601472501854,412040.445,0.99,4096,1720320,,
s101,branch,1024,164,0.95,128,0,0,complete,160583.65,2590.795,0.95,0.95,9.693708503618836,11.124679679051042,9.638417046517134,0.05262554623186588,160583.65,76807.34,67955.32,8498.06,0.0,0.0,"[""exhausted""]",32000000,8000000,33024000,0,0,73024000,1056768,178405376,217251840,True,537.8526668064296,400,True,7.02839189488244,-27.0793963265766,160583.65,0.95,,,,
s124,keys,4096,72,0.8,0,0,8,complete,18106.705,317.625,0.80005,0.80005,0.9002494625747204,0.9814000688493252,0.8300207555294037,0.07004197686910629,18106.705,0.0,0.0,0.0,18432.0,256.0,"[""exhausted""]",32000000,8000000,0,2797700,139885,42797700,4227072,121094144,160890880,True,122.2067498601973,400,True,0.810808945795521,-2.3146179906825375,18106.705,0.80005,256,18432,,
s169,keys,8192,353,0.9,0,0,8,complete,42847.11,842.46,0.9002,0.9002,3.1725000590085983,3.5283249337226152,2.977791940793395,0.19756262190639973,42847.11,0.0,0.0,0.0,90368.0,256.0,"[""exhausted""]",32000000,8000000,0,4062680,203134,44062680,8454144,132956160,172703744,True,117.86320898681879,400,True,2.5187321775087668,-15.416112757774393,42847.11,0.9002,256,90368,,
s187,keys,8192,2440,0.99,0,0,8,complete,295858.36,5820.08,0.99,0.99,28.339166659861803,30.99252013489604,27.943854685872793,0.3765835426747799,295858.36,0.0,0.0,0.0,624640.0,256.0,"[""exhausted""]",32000000,8000000,0,4062680,203134,44062680,8454144,132988928,172556288,True,120.62458274886012,400,True,17.335142230377112,-37.964384565952486,295858.36,0.99,256,624640,,
s084,branch,1024,31,0.8,128,64,0,complete,30625.575,494.11,0.80075,0.0,0.04072953015565872,0.043625012040138245,0.02206256613135338,0.0185410026460886,0.0,1022.125,0.0,64.0,0.0,0.0,"[""budget""]",32000000,8000000,33024000,0,0,73024000,1056768,177520640,217350144,True,533.2725830376148,400,True,0.024939070072488738,13.037939122809135,,,,,,
s040,branch,64,37,0.99,128,512,0,complete,580487.105,9088.465,0.99,0.0054,0.24777092039585114,0.5059831310063602,0.24058343842625618,0.005667097866535187,287.425,125173.725,774.62,512.0,0.0,0.0,"[""budget""]",32000000,8000000,32065536,0,0,72065536,66048,139182080,178077696,True,542.5519999116659,400,True,0.18640063069479804,-22.52142046264182,,,,,,
s052,keys,256,12,0.8,0,0,8,complete,50005.31,787.3,0.8055,0.8055,1.6059789340943098,1.8260542303323746,1.593166496604681,0.011854339390993118,50005.31,0.0,0.0,0.0,3072.0,256.0,"[""exhausted""]",32000000,8000000,0,425820,21291,40425820,264192,102137856,141983744,True,149.3714996613562,400,True,1.5903877605153787,-0.1744159254681996,50005.31,0.8055,256,3072,,
s088,keys,1024,31,0.8,0,0,8,complete,30625.575,494.11,0.80075,0.80075,1.0843335185199976,1.187158189713955,1.0610832832753658,0.02243742346763611,30625.575,0.0,0.0,0.0,7936.0,256.0,"[""exhausted""]",32000000,8000000,0,1175340,58767,41175340,1056768,110346240,150192128,True,133.56579234823585,400,True,1.0579732792544858,-0.2930970706917574,30625.575,0.80075,256,7936,,
s188,keys,8192,2440,0.99,0,0,12,complete,295858.36,5820.08,0.99,0.99,172.10062476806343,192.57304999046028,171.7065831180662,0.3821663558483124,295858.36,0.0,0.0,0.0,9994240.0,4096.0,"[""exhausted""]",32000000,8000000,0,9392520,469626,49392520,8454144,149831680,189431808,True,159.89358304068446,400,True,140.62018579225486,-18.104371283444728,295858.36,0.99,4096,9994240,,
s167,branch,8192,353,0.9,128,4096,0,complete,42847.11,842.46,0.9002,0.9002,1.6962084919214249,1.893537351861596,1.5082086902111769,0.18664542585611343,42847.11,2865.53,2443.75,1684.395,0.0,0.0,"[""exhausted""]",32000000,8000000,40310784,0,0,80310784,8454144,191807488,231538688,True,546.8934592790902,400,True,1.6856985877053516,11.768258507337132,,,,,,
s086,branch,1024,31,0.8,128,4096,0,complete,30625.575,494.11,0.80075,0.80075,1.4583119191229343,1.7332668881863358,1.4320414047688246,0.024937326088547707,30625.575,16216.91,14103.115,1768.255,0.0,0.0,"[""exhausted""]",32000000,8000000,33024000,0,0,73024000,1056768,177831936,217497600,True,535.2083747275174,400,True,1.3874749657757144,-3.112091511090392,,,,,,
s061,keys,256,29,0.9,0,0,8,complete,118453.375,1865.415,0.90195,0.90195,3.8084581028670073,4.145124601200223,3.788687288761139,0.01856265589594841,118453.375,0.0,0.0,0.0,7424.0,256.0,"[""exhausted""]",32000000,8000000,0,425820,21291,40425820,264192,102367232,142163968,True,148.8214167766273,400,True,3.754153111512672,-0.9115077232927074,118453.375,0.90195,256,7424,,
s076,branch,256,119,0.99,128,512,0,complete,480127.3,7562.63,0.9903,0.0,0.15224982053041458,0.1666789874434471,0.14037499204277992,0.01214561052620411,15.035,32556.89,9.26,512.0,0.0,0.0,"[""budget""]",32000000,8000000,32272384,0,0,72272384,264192,152797184,192282624,True,546.1497502401471,400,True,0.14365425011882155,2.336069999592417,,,,,,
s114,keys,1024,420,0.99,0,0,4,complete,412040.445,6644.99,0.99,0.99,12.606937438249588,13.202542113140225,12.536103837192059,0.06724987179040909,412040.445,0.0,0.0,0.0,6720.0,16.0,"[""exhausted""]",32000000,8000000,0,138360,6918,40138360,1056768,107560960,147357696,True,82.1553748100996,400,True,12.780086038999048,1.9462362866135838,412040.445,0.99,16,6720,,
s095,branch,1024,84,0.9,128,4096,0,complete,82157.245,1325.785,0.9005,0.89485,4.107833374291658,4.7138838563114405,4.069041460752487,0.037750229239463806,70433.61,38904.14,28129.745,3979.785,0.0,0.0,"[""budget"", ""exhausted""]",32000000,8000000,33024000,0,0,73024000,1056768,159236096,198590464,True,531.1598749831319,400,True,3.1447678681242115,-22.71477451245606,,,,,,
s062,keys,256,29,0.9,0,0,12,complete,118453.375,1865.415,0.90195,0.90195,6.106978980824351,6.753250537440181,6.086917128413916,0.02174987457692623,118453.375,0.0,0.0,0.0,118784.0,4096.0,"[""exhausted""]",32000000,8000000,0,2425020,121251,42425020,264192,108593152,148406272,True,201.17600029334426,400,True,5.219426170239908,-14.251729403781981,118453.375,0.90195,4096,118784,,
s078,keys,256,119,0.99,0,0,4,complete,480127.3,7562.63,0.9903,0.9903,13.97062512114644,14.50990797020495,13.935979222878814,0.03145867958664894,480127.3,0.0,0.0,0.0,1904.0,16.0,"[""exhausted""]",32000000,8000000,0,38700,1935,40038700,264192,101122048,140886016,True,86.99000021442771,400,True,14.812102691664771,6.286773643775373,480127.3,0.9903,16,1904,,
s081,scan,1024,31,0.8,0,0,0,complete,30625.575,494.11,0.80075,0.80075,0.8255622815340757,0.9095923975110054,0.8024373091757298,0.02129189670085907,30625.575,0.0,0.0,0.0,0.0,0.0,"[""exhausted""]",32000000,8000000,0,0,0,40000000,1056768,139591680,179453952,True,16.205458901822567,400,True,0.8423245160314851,4.9707567681178455,30625.575,0.80075,,,,
s181,branch,8192,2440,0.99,1000000,0,0,complete,295858.36,5820.08,0.99,0.99,9.023457765579224,9.424704127013683,8.655249373987317,0.37004146724939346,295858.36,0.0,5820.08,2440.0,0.0,0.0,"[""exhausted""]",32000000,8000000,40310784,0,0,80310784,8454144,183566336,223215616,True,552.2234160453081,400,True,9.341895383336078,7.93328972602942,295858.36,0.99,,,0.0,5820.08
s162,scan,8192,353,0.9,0,0,0,complete,42847.11,842.46,0.9002,0.9002,1.441500149667263,1.5854414086788895,1.2487084604799747,0.193312531337142,42847.11,0.0,0.0,0.0,0.0,0.0,"[""exhausted""]",32000000,8000000,0,0,0,40000000,8454144,150880256,190660608,True,31.30541555583477,400,True,1.1601788924886336,-7.089690731919317,42847.11,0.9002,,,,
s008,keys,1,1,,0,0,12,complete,1000000.0,15625.0,1.0,1.0,27.324291644617915,27.793179033324122,27.32129185460508,0.0018328428268432617,1000000.0,0.0,0.0,0.0,4096.0,4096.0,"[""exhausted""]",32000000,8000000,0,40720,2036,40040720,0,105005056,137003008,True,356.63379170000553,400,True,30.84012307713091,12.879446701319594,1000000.0,1.0,4096,4096,,
s112,branch,1024,420,0.99,128,512,0,complete,412040.445,6644.99,0.99,0.0,0.1441878266632557,0.1598004251718521,0.10066619142889977,0.0430629588663578,10.81,8097.17,0.23,512.0,0.0,0.0,"[""budget""]",32000000,8000000,33024000,0,0,73024000,1056768,177717248,217333760,True,539.1962076537311,400,True,0.13498674197522165,34.09342308391828,,,,,,
s024,keys,64,11,0.9,0,0,4,complete,178239.105,2790.705,0.9085,0.9085,4.940583603456616,5.561396200209856,4.927374888211489,0.012750737369060516,178239.105,0.0,0.0,0.0,176.0,16.0,"[""exhausted""]",32000000,8000000,0,10140,507,40010140,66048,95305728,135151616,True,109.98033406212926,400,True,5.498700897294286,11.594936899355234,178239.105,0.9085,16,176,,
s156,branch,8192,127,0.8,128,64,0,complete,15614.785,306.605,0.8004,0.2803,0.2856042701750994,0.31117508187890053,0.1451456919312477,0.1391461119055748,3337.26,89.32,67.085,64.0,0.0,0.0,"[""budget""]",32000000,8000000,40310784,0,0,80310784,8454144,183500800,223232000,True,552.1086249500513,400,True,0.1233005713827969,-15.050478080188805,,,,,,
s133,keys,4096,211,0.9,0,0,8,complete,52163.9,917.5,0.9,0.9,2.871396020054817,3.1420672778040175,2.7601877227425575,0.10854192078113556,52163.9,0.0,0.0,0.0,54016.0,256.0,"[""exhausted""]",32000000,8000000,0,2797700,139885,42797700,4227072,121356288,161071104,True,121.56237522140145,400,True,2.3271390841240622,-15.68910096405373,52163.9,0.9,256,54016,,
s041,branch,64,37,0.99,128,4096,0,complete,580487.105,9088.465,0.99,0.81485,8.384708315134048,9.894358878955247,8.365146117284894,0.021707965061068535,52227.345,839340.635,203984.62,4096.0,0.0,0.0,"[""budget""]",32000000,8000000,32065536,0,0,72065536,66048,144130048,177963008,True,542.7840841002762,400,True,3.48202244037074,-58.37463695731698,,,,,,
s153,scan,8192,127,0.8,0,0,0,complete,15614.785,306.605,0.8004,0.8004,0.6102500483393669,0.6572168320417404,0.4655413795262575,0.14304136857390404,15614.785,0.0,0.0,0.0,0.0,0.0,"[""exhausted""]",32000000,8000000,0,0,0,40000000,8454144,150814720,190611456,True,30.05525004118681,400,True,0.45192795000445146,-2.924214714416858,15614.785,0.8004,,,,
s021,branch,64,11,0.9,128,64,0,complete,178239.105,2790.705,0.9085,0.0,0.0358126126229763,0.04034247249364853,0.03206310793757439,0.003541819751262665,0.0,16249.595,0.0,64.0,0.0,0.0,"[""budget""]",32000000,8000000,32065536,0,0,72065536,66048,138461184,178143232,True,545.527458190918,400,True,0.030239284945602553,-5.688228962465977,,,,,,
s073,branch,256,119,0.99,1000000,0,0,complete,480127.3,7562.63,0.9903,0.9903,12.725124368444085,13.463179161772132,12.691020965576172,0.034582801163196564,480127.3,0.0,7562.63,119.0,0.0,0.0,"[""exhausted""]",32000000,8000000,32272384,0,0,72272384,264192,152862720,192577536,True,558.3396251313388,400,True,14.228859108713218,12.117528978230856,480127.3,0.9903,,,0.0,7562.63
s014,branch,64,6,0.8,128,4096,0,complete,98609.57,1543.98,0.8255,0.8246,7.857750169932842,9.341712854802608,7.838416611775756,0.018979422748088837,82956.825,595361.645,467948.95,3884.78,0.0,0.0,"[""budget"", ""exhausted""]",32000000,8000000,32065536,0,0,72065536,66048,141967360,178192384,True,552.2851250134408,400,True,5.105848868275608,-34.86122107103845,,,,,,
s012,branch,64,6,0.8,128,64,0,complete,98609.57,1543.98,0.8255,0.0001,0.033999793231487274,0.038633449003100395,0.030667055398225784,0.0032498501241207123,2.535,16481.545,4.355,64.0,0.0,0.0,"[""budget""]",32000000,8000000,32065536,0,0,72065536,66048,134758400,174391296,True,543.9363326877356,400,True,0.03040888436091476,-0.8418514068551886,,,,,,
s051,keys,256,12,0.8,0,0,4,complete,50005.31,787.3,0.8055,0.8055,1.4269789680838585,1.6065576579421759,1.4155623503029346,0.008875038474798203,50005.31,0.0,0.0,0.0,192.0,16.0,"[""exhausted""]",32000000,8000000,0,38700,1935,40038700,264192,100892672,140738560,True,86.49487514048815,400,True,1.5524927676172606,9.673216957559125,50005.31,0.8055,16,192,,
s165,branch,8192,353,0.9,128,64,0,complete,42847.11,842.46,0.9002,0.2803,0.3261254169046879,0.34916242584586143,0.15506264753639698,0.17012492753565311,3337.26,89.32,67.085,64.0,0.0,0.0,"[""budget""]",32000000,8000000,40310784,0,0,80310784,8454144,191709184,231473152,True,542.6608752459288,400,True,0.1233005713827969,-20.483383108846212,,,,,,
s119,branch,4096,72,0.8,128,0,0,complete,18106.705,317.625,0.80005,0.80005,0.7859375327825546,0.911383330821991,0.7178953383117914,0.06633345037698746,18106.705,3570.635,2742.27,1278.115,0.0,0.0,"[""exhausted""]",32000000,8000000,36110336,0,0,76110336,4227072,180682752,220413952,True,534.3320416286588,400,True,0.8596393415343637,19.74438273354702,18106.705,0.80005,,,,
s107,keys,1024,164,0.95,0,0,12,complete,160583.65,2590.795,0.95,0.95,15.647104009985924,18.039116030558944,15.581562649458647,0.05847960710525513,160583.65,0.0,0.0,0.0,671744.0,4096.0,"[""exhausted""]",32000000,8000000,0,4665280,233264,44665280,1056768,121602048,161300480,True,178.28320898115635,400,True,13.791831778762976,-11.486209123947216,160583.65,0.95,4096,671744,,
s184,branch,8192,2440,0.99,128,512,0,complete,295858.36,5820.08,0.99,0.37295,1.4082707930356264,1.4981082174926996,1.069582998752594,0.33981259912252426,27784.24,659.38,559.92,512.0,0.0,0.0,"[""budget""]",32000000,8000000,40310784,0,0,80310784,8454144,191709184,231358464,True,543.3502499945462,400,True,0.9536910297666689,-10.835247860248776,,,,,,
s029,branch,64,18,0.95,128,0,0,complete,286891.74,4491.88,0.9537,0.9537,28.116666711866856,35.8084537088871,28.09183346107602,0.02383347600698471,286891.74,1735673.335,1645476.92,12622.69,0.0,0.0,"[""exhausted""]",32000000,8000000,32065536,0,0,72065536,66048,141770752,174555136,True,534.0599999763072,400,True,17.415666524393576,-38.004521675223934,286891.74,0.9537,,,,
s091,branch,1024,84,0.9,1000000,0,0,complete,82157.245,1325.785,0.9005,0.9005,2.1897919941693544,2.351600304245949,2.160124946385622,0.02733292058110237,82157.245,0.0,1325.785,84.0,0.0,0.0,"[""exhausted""]",32000000,8000000,33024000,0,0,73024000,1056768,158908416,198688768,True,522.2032503224909,400,True,2.4577933607785862,13.780147990560955,82157.245,0.9005,,,0.0,1325.785
s106,keys,1024,164,0.95,0,0,8,complete,160583.65,2590.795,0.95,0.95,5.646541947498918,6.114720227196813,5.597166949883103,0.046146102249622345,160583.65,0.0,0.0,0.0,41984.0,256.0,"[""exhausted""]",32000000,8000000,0,1175340,58767,41175340,1056768,110788608,150519808,True,129.15158411487937,400,True,5.505459998374472,-1.6384530304308071,160583.65,0.95,256,41984,,
s151,keys,4096,1330,0.99,0,0,8,complete,325353.42,5731.67,0.99,0.99,19.39712418243289,21.195549983531237,19.202812341973186,0.19293720833957195,325353.42,0.0,0.0,0.0,340480.0,256.0,"[""exhausted""]",32000000,8000000,0,2797700,139885,42797700,4227072,121552896,161153024,True,116.93712510168552,400,True,14.503885501246614,-24.469993025218162,325353.42,0.99,256,340480,,
s042,keys,64,37,0.99,0,0,4,complete,580487.105,9088.465,0.99,0.99,16.57589594833553,17.49744671396911,16.555208014324307,0.022104475647211075,580487.105,0.0,0.0,0.0,592.0,16.0,"[""exhausted""]",32000000,8000000,0,10140,507,40010140,66048,95076352,134905856,True,96.93970810621977,400,True,17.883430898849607,8.022991214462914,580487.105,0.99,16,592,,
s054,scan,256,29,0.9,0,0,0,complete,118453.375,1865.415,0.90195,0.90195,3.037229413166642,3.3193292561918497,3.0263124499469995,0.011417083442211151,118453.375,0.0,0.0,0.0,0.0,0.0,"[""exhausted""]",32000000,8000000,0,0,0,40000000,264192,118800384,158662656,True,11.652207933366299,400,True,3.12652618174722,3.3114139223124694,118453.375,0.90195,,,,
s120,branch,4096,72,0.8,128,64,0,complete,18106.705,317.625,0.80005,0.02865,0.10635401122272015,0.12032529339194299,0.042250147089362144,0.06395764648914337,369.985,276.285,6.805,64.0,0.0,0.0,"[""budget""]",32000000,8000000,36110336,0,0,76110336,4227072,180568064,220364800,True,530.2100828848779,400,True,0.035618257302845686,-15.696725913141858,,,,,,
s035,keys,64,18,0.95,0,0,12,complete,286891.74,4491.88,0.9537,0.9537,10.19893679767847,11.233325907960536,10.181582998484373,0.019478844478726387,286891.74,0.0,0.0,0.0,73728.0,4096.0,"[""exhausted""]",32000000,8000000,0,1124940,56247,41124940,66048,98598912,138395648,True,219.93162482976913,400,True,9.810301762598245,-3.6465963685744835,286891.74,0.9537,4096,73728,,
s154,branch,8192,127,0.8,1000000,0,0,complete,15614.785,306.605,0.8004,0.8004,0.6140205077826977,0.6607173942029476,0.47585461288690567,0.1371670514345169,15614.785,0.0,306.605,127.0,0.0,0.0,"[""exhausted""]",32000000,8000000,40310784,0,0,80310784,8454144,191676416,231456768,True,543.9237500540912,400,True,0.5013890937294099,5.366025704278058,15614.785,0.8004,,,0.0,306.605
s147,branch,4096,1330,0.99,128,64,0,complete,325353.42,5731.67,0.99,0.02865,0.3062498290091753,0.32892921008169657,0.1399789471179247,0.16477052122354507,369.985,276.285,6.805,64.0,0.0,0.0,"[""budget""]",32000000,8000000,36110336,0,0,76110336,4227072,180862976,220495872,True,534.6730421297252,400,True,0.035618257302845686,-74.55456121352361,,,,,,
s045,scan,256,12,0.8,0,0,0,complete,50005.31,787.3,0.8055,0.8055,1.3321870937943459,1.5022084582597017,1.3242915738373995,0.007541850209236145,50005.31,0.0,0.0,0.0,0.0,0.0,"[""exhausted""]",32000000,8000000,0,0,0,40000000,264192,106545152,146358272,True,11.498708743602037,400,True,1.3463474218554898,1.6654827723610084,50005.31,0.8055,,,,
s066,branch,256,52,0.95,128,64,0,complete,211418.835,3329.845,0.95025,0.0,0.030020717531442642,0.03204634413123131,0.021166866645216942,0.008708331733942032,0.0,4117.145,0.0,64.0,0.0,0.0,"[""budget""]",32000000,8000000,32272384,0,0,72272384,264192,152485888,192249856,True,524.1359998472035,400,True,0.02601635152742411,22.91073574322822,,,,,,
s025,keys,64,11,0.9,0,0,8,complete,178239.105,2790.705,0.9085,0.9085,5.047999322414398,5.631591752171516,5.032500019297004,0.010916497558355331,178239.105,0.0,0.0,0.0,2816.0,256.0,"[""exhausted""]",32000000,8000000,0,137440,6872,40137440,66048,95584256,135413760,True,165.70020793005824,400,True,5.533437974117561,9.954057683054593,178239.105,0.9085,256,2816,,
s142,keys,4096,467,0.95,0,0,8,complete,114476.795,2016.035,0.95005,0.95005,5.9417495504021645,6.5590666607022285,5.803708685562015,0.13487506657838821,114476.795,0.0,0.0,0.0,119552.0,256.0,"[""exhausted""]",32000000,8000000,0,2797700,139885,42797700,4227072,120995840,160743424,True,118.37762501090765,400,True,5.1071515198290305,-12.001931927869178,114476.795,0.95005,256,119552,,
s083,branch,1024,31,0.8,128,0,0,complete,30625.575,494.11,0.80075,0.80075,1.2600624468177557,1.52402063831687,1.238708384335041,0.02112472429871559,30625.575,16216.91,14103.115,1768.255,0.0,0.0,"[""exhausted""]",32000000,8000000,33024000,0,0,73024000,1056768,177963008,217595904,True,523.3521671034396,400,True,1.3874749657757144,12.009814684554161,30625.575,0.80075,,,,
s039,branch,64,37,0.99,128,64,0,complete,580487.105,9088.465,0.99,0.0,0.0311252661049366,0.0338749960064888,0.027020461857318878,0.003917142748832703,0.0,15757.375,0.0,64.0,0.0,0.0,"[""budget""]",32000000,8000000,32065536,0,0,72065536,66048,134676480,174260224,True,532.9312076792121,400,True,0.030067958273158342,11.278476407737662,,,,,,
s082,branch,1024,31,0.8,1000000,0,0,complete,30625.575,494.11,0.80075,0.80075,0.8458751253783703,0.9335784241557122,0.8258332964032888,0.01987488940358162,30625.575,0.0,494.11,31.0,0.0,0.0,"[""exhausted""]",32000000,8000000,33024000,0,0,73024000,1056768,177504256,217333760,True,525.8304579183459,400,True,0.9219190332129451,11.635003968492644,30625.575,0.80075,,,0.0,494.11
s056,branch,256,29,0.9,128,0,0,complete,118453.375,1865.415,0.90195,0.90195,7.3683124501258135,9.544757753610611,7.345312274992466,0.021832995116710663,118453.375,207944.895,191884.48,5723.385,0.0,0.0,"[""exhausted""]",32000000,8000000,32272384,0,0,72272384,264192,153337856,192397312,True,524.2669158615172,400,True,5.566887733805967,-24.211694133702753,118453.375,0.90195,,,,
s139,branch,4096,467,0.95,128,512,0,complete,114476.795,2016.035,0.95005,0.03475,0.3110209945589304,0.3422329667955637,0.1953954342752695,0.11558365076780319,3050.96,2164.875,56.995,512.0,0.0,0.0,"[""budget""]",32000000,8000000,36110336,0,0,76110336,4227072,180944896,220659712,True,534.4876670278609,400,True,0.22280818581024622,14.029371585191766,,,,,,
s010,branch,64,6,0.8,1000000,0,0,complete,98609.57,1543.98,0.8255,0.8255,2.6776462327688932,3.1344751361757517,2.6669995859265327,0.00658305361866951,98609.57,0.0,1543.98,6.0,0.0,0.0,"[""exhausted""]",32000000,8000000,32065536,0,0,72065536,66048,134791168,174637056,True,537.6402917318046,400,True,2.9252662610551026,9.683791347078381,98609.57,0.8255,,,0.0,1543.98
s135,scan,4096,467,0.95,0,0,0,complete,114476.795,2016.035,0.95005,0.95005,3.138562198728323,3.3092252910137177,3.0131458770483732,0.12418767437338829,114476.795,0.0,0.0,0.0,0.0,0.0,"[""exhausted""]",32000000,8000000,0,0,0,40000000,4227072,143343616,183107584,True,24.010416585952044,400,True,3.0231043647388027,0.33050134632660644,114476.795,0.95005,,,,
s053,keys,256,12,0.8,0,0,12,complete,50005.31,787.3,0.8055,0.8055,2.2276875097304583,2.485533896833658,2.2136871702969074,0.010209158062934875,50005.31,0.0,0.0,0.0,49152.0,4096.0,"[""exhausted""]",32000000,8000000,0,2425020,121251,42425020,264192,108167168,147914752,True,195.04345767199993,400,True,2.1967076468852693,-0.7670245208748604,50005.31,0.8055,4096,49152,,
s038,branch,64,37,0.99,128,0,0,complete,580487.105,9088.465,0.99,0.99,72.46795878745615,81.88516250811517,72.4412496201694,0.025791814550757408,580487.105,3358735.815,3189838.935,24907.04,0.0,0.0,"[""exhausted""]",32000000,8000000,32065536,0,0,72065536,66048,151781376,178094080,True,530.5192917585373,400,True,34.573060808283394,-52.27434508714298,580487.105,0.99,,,,
s003,branch,1,1,,128,64,0,complete,1000000.0,15625.0,1.0,0.3323,0.7756671402603388,0.8537753485143185,0.7751041557639837,0.0004163011908531189,643.985,835859.375,164140.625,64.0,0.0,0.0,"[""budget""]",32000000,8000000,32000000,0,0,72000000,0,158056448,186056704,True,554.0718752890825,400,True,0.8647016903062454,11.559418676313202,,,,,,
s118,branch,4096,72,0.8,1000000,0,0,complete,18106.705,317.625,0.80005,0.80005,0.5763745866715908,0.6317948456853628,0.51137525588274,0.0642088707536459,18106.705,0.0,317.625,72.0,0.0,0.0,"[""exhausted""]",32000000,8000000,36110336,0,0,76110336,4227072,181010432,220758016,True,530.8998334221542,400,True,0.5617827668181499,9.857244822766406,18106.705,0.80005,,,0.0,317.625
s176,branch,8192,778,0.95,128,4096,0,complete,93930.33,1849.395,0.95,0.94805,3.4009788651019335,3.6273710429668427,3.1666045542806387,0.233333557844162,92497.38,5735.095,4742.66,3357.415,0.0,0.0,"[""budget"", ""exhausted""]",32000000,8000000,40310784,0,0,80310784,8454144,191873024,231587840,True,536.2990000285208,400,True,3.559682184384699,12.413221271114992,,,,,,
s127,branch,4096,211,0.9,1000000,0,0,complete,52163.9,917.5,0.9,0.9,1.52668752707541,1.6343459486961365,1.4321873895823956,0.09374995715916157,52163.9,0.0,917.5,211.0,0.0,0.0,"[""exhausted""]",32000000,8000000,36110336,0,0,76110336,4227072,180731904,220512256,True,534.8995421081781,400,True,1.6018960520880645,11.849612958479788,52163.9,0.9,,,0.0,917.5
s059,branch,256,29,0.9,128,4096,0,complete,118453.375,1865.415,0.90195,0.893,5.197061924263835,6.539500877261162,5.179666448384523,0.018042046576738358,76132.86,174771.97,105963.275,4093.465,0.0,0.0,"[""budget"", ""exhausted""]",32000000,8000000,32272384,0,0,72272384,264192,153387008,192413696,True,526.3154162093997,400,True,3.638845466043291,-29.74749431639167,,,,,,
s074,branch,256,119,0.99,128,0,0,complete,480127.3,7562.63,0.9903,0.9903,45.69504177197814,51.73482573591173,45.66177097149193,0.032667070627212524,480127.3,788471.71,732666.035,21977.135,0.0,0.0,"[""exhausted""]",32000000,8000000,32272384,0,0,72272384,264192,156385280,192430080,True,525.2638747915626,400,True,22.078939592566826,-51.64677338872512,480127.3,0.9903,,,,
s023,branch,64,11,0.9,128,4096,0,complete,178239.105,2790.705,0.9085,0.8918,7.297499570995569,8.62542581744492,7.278603967279196,0.016271136701107025,74776.42,722643.025,365002.755,4096.0,0.0,0.0,"[""budget""]",32000000,8000000,32065536,0,0,72065536,66048,142049280,178307072,True,543.5612499713898,400,True,4.626832799249971,-36.43241451176907,,,,,,
s121,branch,4096,72,0.8,128,512,0,complete,18106.705,317.625,0.80005,0.2119,0.25014602579176426,0.4114670678973198,0.1846665982156992,0.06408290937542915,3362.615,2217.65,157.89,512.0,0.0,0.0,"[""budget""]",32000000,8000000,36110336,0,0,76110336,4227072,180666368,220446720,True,525.4704169929028,400,True,0.23234817012324954,25.82035536922386,,,,,,
s170,keys,8192,353,0.9,0,0,12,complete,42847.11,842.46,0.9002,0.9002,16.91783289425075,17.80562922358513,16.71945839188993,0.19906298257410526,42847.11,0.0,0.0,0.0,1445888.0,4096.0,"[""exhausted""]",32000000,8000000,0,9392520,469626,49392520,8454144,149618688,189366272,True,153.69066689163446,400,True,20.35464216822305,21.742234055239685,42847.11,0.9002,4096,1445888,,
s109,branch,1024,420,0.99,1000000,0,0,complete,412040.445,6644.99,0.99,0.99,10.74070855975151,11.152824480086565,10.676124831661582,0.058687757700681686,412040.445,0.0,6644.99,420.0,0.0,0.0,"[""exhausted""]",32000000,8000000,33024000,0,0,73024000,1056768,177766400,217399296,True,526.1213751509786,400,True,12.28898711681771,15.107188334600144,412040.445,0.99,,,0.0,6644.99
s146,branch,4096,1330,0.99,128,0,0,complete,325353.42,5731.67,0.99,0.99,14.225541381165385,16.09585857950151,14.030853984877467,0.19510416314005852,325353.42,47963.205,39598.57,18078.92,0.0,0.0,"[""exhausted""]",32000000,8000000,36110336,0,0,76110336,4227072,181698560,220774400,True,529.8809995874763,400,True,14.082431330683171,0.36759947656282654,325353.42,0.99,,,,
s099,scan,1024,164,0.95,0,0,0,complete,160583.65,2590.795,0.95,0.95,4.166937433183193,4.3740833178162575,4.125041421502829,0.04283362068235874,160583.65,0.0,0.0,0.0,0.0,0.0,"[""exhausted""]",32000000,8000000,0,0,0,40000000,1056768,139902976,179666944,True,15.051290858536959,400,True,4.222238978060711,2.356280740630021,160583.65,0.95,,,,
s046,branch,256,12,0.8,1000000,0,0,complete,50005.31,787.3,0.8055,0.8055,1.3441250193864107,1.5315753407776356,1.3328741770237684,0.007645925506949425,50005.31,0.0,787.3,12.0,0.0,0.0,"[""exhausted""]",32000000,8000000,32272384,0,0,72272384,264192,152698880,192561152,True,530.3019578568637,400,True,1.4901370591221919,11.798779270342113,50005.31,0.8055,,,0.0,787.3
s122,branch,4096,72,0.8,128,4096,0,complete,18106.705,317.625,0.80005,0.80005,0.7821046747267246,0.9097498841583729,0.714125344529748,0.06591668352484703,18106.705,3570.635,2742.27,1278.115,0.0,0.0,"[""exhausted""]",32000000,8000000,36110336,0,0,76110336,4227072,180649984,220446720,True,535.8260837383568,400,True,0.8596393415343637,20.376534472451308,,,,,,
s027,scan,64,18,0.95,0,0,0,complete,286891.74,4491.88,0.9537,0.9537,7.4282914865761995,8.236528979614377,7.405416574329138,0.0191456638276577,286891.74,0.0,0.0,0.0,0.0,0.0,"[""exhausted""]",32000000,8000000,0,0,0,40000000,66048,106381312,146227200,True,10.43908391147852,400,True,7.507225617500306,1.3747915751841575,286891.74,0.9537,,,,
s089,keys,1024,31,0.8,0,0,12,complete,30625.575,494.11,0.80075,0.80075,2.4632499553263187,2.7167339343577623,2.4346255231648684,0.02550007775425911,30625.575,0.0,0.0,0.0,126976.0,4096.0,"[""exhausted""]",32000000,8000000,0,4665280,233264,44665280,1056768,121765888,161595392,True,175.17008306458592,400,True,2.624299652376703,7.790690083839653,30625.575,0.80075,4096,126976,,
s183,branch,8192,2440,0.99,128,64,0,complete,295858.36,5820.08,0.99,0.2803,0.6386663299053907,0.6724996957927942,0.30283350497484207,0.33364584669470787,3337.26,89.32,67.085,64.0,0.0,0.0,"[""budget""]",32000000,8000000,40310784,0,0,80310784,8454144,191840256,231538688,True,546.1063752882183,400,True,0.1233005713827969,-59.28436934577628,,,,,,
s079,keys,256,119,0.99,0,0,8,complete,480127.3,7562.63,0.9903,0.9903,14.876562636345625,15.794058796018362,14.847124926745892,0.031667063012719154,480127.3,0.0,0.0,0.0,30464.0,256.0,"[""exhausted""]",32000000,8000000,0,425820,21291,40425820,264192,102268928,142000128,True,143.25633412227035,400,True,15.18789470457111,2.2951903449761515,480127.3,0.9903,256,30464,,
s071,keys,256,52,0.95,0,0,12,complete,211418.835,3329.845,0.95025,0.95025,10.217916686087847,11.558333225548267,10.190499946475029,0.026916619390249252,211418.835,0.0,0.0,0.0,212992.0,4096.0,"[""exhausted""]",32000000,8000000,0,2425020,121251,42425020,264192,108216320,148062208,True,198.2486667111516,400,True,9.320042646051236,-8.54185079236363,211418.835,0.95025,4096,212992,,
s017,keys,64,6,0.8,0,0,12,complete,98609.57,1543.98,0.8255,0.8255,3.5733538679778576,4.086929792538285,3.560332814231515,0.010499730706214905,98609.57,0.0,0.0,0.0,24576.0,4096.0,"[""exhausted""]",32000000,8000000,0,1124940,56247,41124940,66048,98795520,138641408,True,219.5347910746932,400,True,3.3691420935678873,-5.370023833148179,98609.57,0.8255,4096,24576,,
s123,keys,4096,72,0.8,0,0,4,complete,18106.705,317.625,0.80005,0.80005,0.6207500118762255,0.6737211719155312,0.5547914188355207,0.06462493911385536,18106.705,0.0,0.0,0.0,1152.0,16.0,"[""exhausted""]",32000000,8000000,0,460980,23049,40460980,4227072,113901568,153714688,True,73.56270914897323,400,True,0.5834389884068121,5.163664865513086,18106.705,0.80005,16,1152,,
