method,clusters,router,setting_id,top_k,probes,repetitions,exploration,seed,leaf_size,node_budget,prefer_deeper_ties,measurements,complete_processes,complete,qualified,recall,p50_ms,p95_ms,total_query_ms,process_p50_median_ms,process_p50_min_ms,process_p50_max_ms,logical_index_bytes,lifetime_peak_bytes,mean_documents_scored,mean_nodes,mean_bitplane_words,mean_leaf_words,mean_prefix_levels,mean_prefix_lookups,mean_final_depth,start_depth,candidate_target,stop_when_exact
branch,4096,/Users/vinroger/DATA/STUDY/latihan/about/exa-interview/e2e-inverted-bitplane-project/data/prefix-study-2026-09-13/pools/qwen-quora-d32/routers/ivf-binary-4096-seed42,main-s02801,50,31,1,0,42,2048,8192,True,3000,3,True,True,0.80312,0.04004199581686407,0.04554099068627693,121.47587479557842,0.04008399264421314,0.039749997085891664,0.04025000089313835,10965040,80642048,4191.465,31.0,0.0,80.446,0.0,0.0,0.0,,,
branch,4096,/Users/vinroger/DATA/STUDY/latihan/about/exa-interview/e2e-inverted-bitplane-project/data/prefix-study-2026-09-13/pools/qwen-quora-d32/routers/ivf-binary-4096-seed42,main-s02849,100,82,1,0,42,2048,1024,True,3000,3,True,True,0.90087,0.08320800407091156,0.09708605430205351,253.50719976995606,0.08320799679495394,0.08272949344245717,0.08370849536731839,10965040,80478208,11059.047,82.0,0.0,212.417,0.0,0.0,0.0,,,
branch,256,/Users/vinroger/DATA/STUDY/latihan/about/exa-interview/e2e-inverted-bitplane-project/data/prefix-study-2026-09-13/pools/qwen-quora-d32/routers/ivf-binary-256-seed42,main-s01341,2,7,1,0,42,128,8192,True,3000,3,True,True,0.814,0.019458006136119366,0.03379410627530886,63.17704792309087,0.019417006114963442,0.019041995983570814,0.01979200169444084,10490416,84426752,807.506,88.711,2635.386,379.322,0.0,0.0,0.0,,,
branch,16,/Users/vinroger/DATA/STUDY/latihan/about/exa-interview/e2e-inverted-bitplane-project/data/prefix-study-2026-09-13/pools/qwen-quora-d32/routers/ivf-binary-16-seed42,main-s00198,5,9,1,0,42,128,8192,True,3000,3,True,True,0.992,0.058707999414764345,0.20373719817143848,251.8593782588141,0.05729150143451989,0.05670850077876821,0.06477099668700248,10460464,72220672,1544.457,150.058,65766.94,11493.883,0.0,0.0,0.0,,,
branch,16,/Users/vinroger/DATA/STUDY/latihan/about/exa-interview/e2e-inverted-bitplane-project/data/prefix-study-2026-09-13/pools/qwen-quora-d32/routers/ivf-binary-16-seed42,main-s00190,5,6,1,0,42,128,1024,True,3000,3,True,True,0.9672,0.04279200220480561,0.1471416500862687,181.1143694067141,0.04264601011527702,0.042625004425644875,0.04316650301916525,10460464,72056832,1182.183,111.897,49055.737,8659.82,0.0,0.0,0.0,,,
prefix,4096,/Users/vinroger/DATA/STUDY/latihan/about/exa-interview/e2e-inverted-bitplane-project/data/prefix-study-2026-09-13/pools/qwen-quora-d32/routers/ivf-binary-4096-seed42,main-s02955,3,208,1,,,,,,3000,3,True,True,0.99,0.13854200369678438,0.15425414603669194,418.56011147319805,0.1385829964419827,0.1382289920002222,0.13899999612476677,10458620,77135872,27934.374,0.0,0.0,0.0,1.0,0.0,0.0,0,0,True
prefix,4096,/Users/vinroger/DATA/STUDY/latihan/about/exa-interview/e2e-inverted-bitplane-project/data/prefix-study-2026-09-13/pools/qwen-quora-d32/routers/ivf-binary-4096-seed42,main-s03035,20,53,1,,,,,,3000,3,True,True,0.90055,0.0457499991171062,0.051417009672150016,138.5972659336403,0.045583496103063226,0.045082997530698776,0.04641700070351362,10458620,76922880,7154.509,0.0,0.0,0.0,1.0,0.0,0.0,0,0,True
prefix,4096,/Users/vinroger/DATA/STUDY/latihan/about/exa-interview/e2e-inverted-bitplane-project/data/prefix-study-2026-09-13/pools/qwen-quora-d32/routers/ivf-binary-4096-seed42,main-s02941,3,17,1,,,,,,3000,3,True,True,0.805,0.021750005544163287,0.025586048286641006,66.29857058578636,0.021625004592351615,0.020958003005944192,0.022791995434090495,10458620,76922880,2041.205,0.0,0.0,0.0,1.544,34.0,0.456,1,0,True
branch,4096,/Users/vinroger/DATA/STUDY/latihan/about/exa-interview/e2e-inverted-bitplane-project/data/prefix-study-2026-09-13/pools/qwen-quora-d32/routers/ivf-binary-4096-seed42,main-s02816,50,121,1,0,42,522931,0,False,3000,3,True,True,0.95036,0.11016649659723043,0.1315041474299505,343.8250767212594,0.11110400373581797,0.10831250256160274,0.11120799899799749,10965040,80609280,16283.632,121.0,0.0,312.843,0.0,0.0,0.0,,,
branch,16,/Users/vinroger/DATA/STUDY/latihan/about/exa-interview/e2e-inverted-bitplane-project/data/prefix-study-2026-09-13/pools/qwen-quora-d32/routers/ivf-binary-16-seed42,main-s00155,3,9,1,0,42,128,1024,True,3000,3,True,True,0.9913333333333333,0.05404101102612913,0.15538124062004496,207.13177310244646,0.0537704981979914,0.053604497225023806,0.05456250801216811,10460464,72089600,1226.244,134.513,60167.616,9047.812,0.0,0.0,0.0,,,
branch,256,/Users/vinroger/DATA/STUDY/latihan/about/exa-interview/e2e-inverted-bitplane-project/data/prefix-study-2026-09-13/pools/qwen-quora-d32/routers/ivf-binary-256-seed42,main-s01298,1,7,1,0,42,128,1024,True,3000,3,True,True,0.819,0.01891700958367437,0.028291054331930354,59.551647063926794,0.01895800232887268,0.01866600359790027,0.019291001081001014,10490416,84082688,677.045,84.29,2558.716,308.303,0.0,0.0,0.0,,,
prefix,4096,/Users/vinroger/DATA/STUDY/latihan/about/exa-interview/e2e-inverted-bitplane-project/data/prefix-study-2026-09-13/pools/qwen-quora-d32/routers/ivf-binary-4096-seed42,main-s02881,1,16,1,,,,,,3000,3,True,True,0.803,0.020540988771244884,0.023832995793782175,62.09099804982543,0.020541003323160112,0.020354498701635748,0.02068749745376408,10458620,77135872,1783.422,0.0,0.0,0.0,1.364,32.0,0.636,1,0,True
scan,4096,/Users/vinroger/DATA/STUDY/latihan/about/exa-interview/e2e-inverted-bitplane-project/data/prefix-study-2026-09-13/pools/qwen-quora-d32/routers/ivf-binary-4096-seed42,main-s02502,2,16,1,,,,,,3000,3,True,True,0.8,0.02012499317061156,0.022586054546991353,61.03042484028265,0.019917002646252513,0.019875005818903446,0.02058300015050918,8366896,78053376,2166.455,0.0,0.0,0.0,0.0,0.0,0.0,,,
scan,4096,/Users/vinroger/DATA/STUDY/latihan/about/exa-interview/e2e-inverted-bitplane-project/data/prefix-study-2026-09-13/pools/qwen-quora-d32/routers/ivf-binary-4096-seed42,main-s02516,5,73,1,,,,,,3000,3,True,True,0.9502,0.05745800444856286,0.06925208945176563,176.53264106775168,0.05633299588225782,0.05566699837800115,0.061708007706329226,8366896,78053376,9852.251,0.0,0.0,0.0,0.0,0.0,0.0,,,
scan,4096,/Users/vinroger/DATA/STUDY/latihan/about/exa-interview/e2e-inverted-bitplane-project/data/prefix-study-2026-09-13/pools/qwen-quora-d32/routers/ivf-binary-4096-seed42,main-s02535,50,322,1,,,,,,3000,3,True,True,0.99004,0.21581249893642962,0.24879199918359518,663.692313930369,0.21516649576369673,0.21293750614859164,0.2193749969592318,8366896,78053376,43157.822,0.0,0.0,0.0,0.0,0.0,0.0,,,
branch,256,/Users/vinroger/DATA/STUDY/latihan/about/exa-interview/e2e-inverted-bitplane-project/data/prefix-study-2026-09-13/pools/qwen-quora-d32/routers/ivf-binary-256-seed42,main-s01383,3,7,1,0,42,128,8192,True,3000,3,True,True,0.8056666666666666,0.020332998246885836,0.03767114249058066,68.24164777935948,0.020416999177541584,0.019999497453682125,0.020624996977858245,10490416,84344832,929.993,92.962,2710.628,446.023,0.0,0.0,0.0,,,
scan,4096,/Users/vinroger/DATA/STUDY/latihan/about/exa-interview/e2e-inverted-bitplane-project/data/prefix-study-2026-09-13/pools/qwen-quora-d32/routers/ivf-binary-4096-seed42,main-s02514,5,18,1,,,,,,3000,3,True,True,0.802,0.021916988771408796,0.024499997380189598,66.45410635974258,0.02183300966862589,0.021667001419700682,0.022167005226947367,8366896,78053376,2436.542,0.0,0.0,0.0,0.0,0.0,0.0,,,
scan,4096,/Users/vinroger/DATA/STUDY/latihan/about/exa-interview/e2e-inverted-bitplane-project/data/prefix-study-2026-09-13/pools/qwen-quora-d32/routers/ivf-binary-4096-seed42,main-s02539,100,82,1,,,,,,3000,3,True,True,0.90087,0.07529198774136603,0.08483300916850567,228.04389588418417,0.07550000009359792,0.07481250213459134,0.07550000736955553,8366896,78053376,11059.047,0.0,0.0,0.0,0.0,0.0,0.0,,,
scan,4096,/Users/vinroger/DATA/STUDY/latihan/about/exa-interview/e2e-inverted-bitplane-project/data/prefix-study-2026-09-13/pools/qwen-quora-d32/routers/ivf-binary-4096-seed42,main-s02533,50,67,1,,,,,,3000,3,True,True,0.90092,0.05920800322201103,0.0662079983158037,179.1426843701629,0.059187506849411875,0.058999998145736754,0.059457990573719144,8366896,78053376,9044.784,0.0,0.0,0.0,0.0,0.0,0.0,,,
scan,4096,/Users/vinroger/DATA/STUDY/latihan/about/exa-interview/e2e-inverted-bitplane-project/data/prefix-study-2026-09-13/pools/qwen-quora-d32/routers/ivf-binary-4096-seed42,main-s02504,2,67,1,,,,,,3000,3,True,True,0.95,0.05279149627313018,0.0600829953327775,159.64325786626432,0.05170849908608943,0.05152050289325416,0.055665994295850396,8366896,78053376,9044.784,0.0,0.0,0.0,0.0,0.0,0.0,,,
branch,16,/Users/vinroger/DATA/STUDY/latihan/about/exa-interview/e2e-inverted-bitplane-project/data/prefix-study-2026-09-13/pools/qwen-quora-d32/routers/ivf-binary-16-seed42,main-s00064,1,5,1,0,42,128,1024,True,3000,3,True,True,0.953,0.03266699786763638,0.06299999949987978,109.18905724247452,0.03258399374317378,0.03258350625401363,0.03281249519204721,10460464,71843840,517.706,72.341,33698.108,3569.619,0.0,0.0,0.0,,,
branch,4096,/Users/vinroger/DATA/STUDY/latihan/about/exa-interview/e2e-inverted-bitplane-project/data/prefix-study-2026-09-13/pools/qwen-quora-d32/routers/ivf-binary-4096-seed42,main-s02857,100,147,1,0,42,2048,8192,True,3000,3,True,True,0.95032,0.13250000483822078,0.1488330017309636,403.0116997600999,0.132937500893604,0.13154150656191632,0.13310449867276475,10965040,80330752,19772.328,147.0,0.0,379.936,0.0,0.0,0.0,,,
branch,256,/Users/vinroger/DATA/STUDY/latihan/about/exa-interview/e2e-inverted-bitplane-project/data/prefix-study-2026-09-13/pools/qwen-quora-d32/routers/ivf-binary-256-seed42,main-s01523,20,27,1,0,42,128,8192,True,3000,3,True,True,0.9521,0.07712500519119203,0.17871424643089992,275.83276393124834,0.07735400140518323,0.07622899283887818,0.07747899508103728,10490416,84410368,5617.373,395.086,10332.882,2972.214,0.0,0.0,0.0,,,
branch,16,/Users/vinroger/DATA/STUDY/latihan/about/exa-interview/e2e-inverted-bitplane-project/data/prefix-study-2026-09-13/pools/qwen-quora-d32/routers/ivf-binary-16-seed42,main-s00284,20,9,1,0,42,2048,8192,True,3000,3,True,True,0.9905,0.10756250412669033,0.39362050301860996,495.71724454290234,0.10577100329101086,0.10574950283626094,0.10964550165226683,10460464,72122368,23400.408,90.864,36427.588,10488.066,0.0,0.0,0.0,,,
prefix,4096,/Users/vinroger/DATA/STUDY/latihan/about/exa-interview/e2e-inverted-bitplane-project/data/prefix-study-2026-09-13/pools/qwen-quora-d32/routers/ivf-binary-4096-seed42,main-s02985,5,218,1,,,,,,3000,3,True,True,0.99,0.14537500101141632,0.16263335128314788,439.14065751596354,0.14547900354955345,0.1440419946447946,0.14660399756394327,10458620,77185024,29270.203,0.0,0.0,0.0,1.0,0.0,0.0,0,0,True
prefix,4096,/Users/vinroger/DATA/STUDY/latihan/about/exa-interview/e2e-inverted-bitplane-project/data/prefix-study-2026-09-13/pools/qwen-quora-d32/routers/ivf-binary-4096-seed42,main-s02915,2,36,1,,,,,,3000,3,True,True,0.9025,0.03275000199209899,0.037290999898687005,99.56224009511061,0.032957992516458035,0.031916002626530826,0.033437499951105565,10458620,77119488,4868.495,0.0,0.0,0.0,1.0,0.0,0.0,0,0,True
branch,256,/Users/vinroger/DATA/STUDY/latihan/about/exa-interview/e2e-inverted-bitplane-project/data/prefix-study-2026-09-13/pools/qwen-quora-d32/routers/ivf-binary-256-seed42,main-s01425,5,7,1,0,42,128,8192,True,3000,3,True,True,0.803,0.02170799416489899,0.04496315086726097,75.54989009804558,0.02170799416489899,0.021479499991983175,0.02204100019298494,10490416,84197376,1165.514,101.597,2874.703,573.621,0.0,0.0,0.0,,,
prefix,4096,/Users/vinroger/DATA/STUDY/latihan/about/exa-interview/e2e-inverted-bitplane-project/data/prefix-study-2026-09-13/pools/qwen-quora-d32/routers/ivf-binary-4096-seed42,main-s02910,2,16,1,,,,,,3000,3,True,True,0.8,0.020207997295074165,0.02254200808238238,61.16557653876953,0.020166000467725098,0.019917002646252513,0.020499996026046574,10458620,77152256,2166.455,0.0,0.0,0.0,1.0,0.0,0.0,0,0,True
prefix,4096,/Users/vinroger/DATA/STUDY/latihan/about/exa-interview/e2e-inverted-bitplane-project/data/prefix-study-2026-09-13/pools/qwen-quora-d32/routers/ivf-binary-4096-seed42,main-s02950,3,70,1,,,,,,3000,3,True,True,0.95,0.05316699389368296,0.059294047241564826,160.59130587382242,0.05266649532131851,0.052624993259087205,0.05412500468082726,10458620,77152256,9447.94,0.0,0.0,0.0,1.0,0.0,0.0,0,0,True
prefix,4096,/Users/vinroger/DATA/STUDY/latihan/about/exa-interview/e2e-inverted-bitplane-project/data/prefix-study-2026-09-13/pools/qwen-quora-d32/routers/ivf-binary-4096-seed42,main-s03095,100,82,1,,,,,,3000,3,True,True,0.90087,0.07458300387952477,0.08608605785411781,226.73013570602052,0.07545850530732423,0.07260450365720317,0.0756250083213672,10458620,76955648,11059.047,0.0,0.0,0.0,1.0,0.0,0.0,0,0,True
scan,4096,/Users/vinroger/DATA/STUDY/latihan/about/exa-interview/e2e-inverted-bitplane-project/data/prefix-study-2026-09-13/pools/qwen-quora-d32/routers/ivf-binary-4096-seed42,main-s02511,3,208,1,,,,,,3000,3,True,True,0.99,0.14070850738789886,0.1567930929013528,425.1332989515504,0.1409169999533333,0.14027049473952502,0.14102050045039505,8366896,77742080,27934.374,0.0,0.0,0.0,0.0,0.0,0.0,,,
scan,4096,/Users/vinroger/DATA/STUDY/latihan/about/exa-interview/e2e-inverted-bitplane-project/data/prefix-study-2026-09-13/pools/qwen-quora-d32/routers/ivf-binary-4096-seed42,main-s02503,2,36,1,,,,,,3000,3,True,True,0.9025,0.0321669940603897,0.03546105072018689,96.93956396949943,0.03212499723304063,0.031916992156766355,0.032416501198895276,8366896,77742080,4868.495,0.0,0.0,0.0,0.0,0.0,0.0,,,
scan,4096,/Users/vinroger/DATA/STUDY/latihan/about/exa-interview/e2e-inverted-bitplane-project/data/prefix-study-2026-09-13/pools/qwen-quora-d32/routers/ivf-binary-4096-seed42,main-s02523,10,243,1,,,,,,3000,3,True,True,0.99,0.16199999663513154,0.17900209495564923,488.4085372032132,0.16189550660783425,0.1617499947315082,0.1625829972908832,8366896,77742080,32612.65,0.0,0.0,0.0,0.0,0.0,0.0,,,
scan,4096,/Users/vinroger/DATA/STUDY/latihan/about/exa-interview/e2e-inverted-bitplane-project/data/prefix-study-2026-09-13/pools/qwen-quora-d32/routers/ivf-binary-4096-seed42,main-s02496,1,16,1,,,,,,3000,3,True,True,0.803,0.01937500201165676,0.021500003640539944,58.56373491405975,0.019374987459741533,0.019166996935382485,0.0195419997908175,8366896,77742080,2166.455,0.0,0.0,0.0,0.0,0.0,0.0,,,
branch,64,/Users/vinroger/DATA/STUDY/latihan/about/exa-interview/e2e-inverted-bitplane-project/data/prefix-study-2026-09-13/pools/qwen-quora-d32/routers/ivf-binary-64-seed42,main-s00849,10,8,1,0,42,128,1024,True,3000,3,True,True,0.9012,0.038833510188851506,0.11312915303278712,159.23066608957015,0.03839599958155304,0.0381459976779297,0.039374499465338886,10467120,78217216,1952.978,155.941,16678.999,3807.691,0.0,0.0,0.0,,,
prefix,4096,/Users/vinroger/DATA/STUDY/latihan/about/exa-interview/e2e-inverted-bitplane-project/data/prefix-study-2026-09-13/pools/qwen-quora-d32/routers/ivf-binary-4096-seed42,main-s03040,20,98,1,,,,,,3000,3,True,True,0.9502,0.0728330051060766,0.08204309124266727,220.39589015184902,0.07256249955389649,0.07254199590533972,0.07360449671978131,10458620,77201408,13196.612,0.0,0.0,0.0,1.0,0.0,0.0,0,0,True
prefix,4096,/Users/vinroger/DATA/STUDY/latihan/about/exa-interview/e2e-inverted-bitplane-project/data/prefix-study-2026-09-13/pools/qwen-quora-d32/routers/ivf-binary-4096-seed42,main-s02886,1,35,1,,,,,,3000,3,True,True,0.901,0.031499992473982275,0.03708299482241273,94.97913799714297,0.03162500070175156,0.030791998142376542,0.0321455008815974,10458620,76955648,3803.984,0.0,0.0,0.0,1.352,70.0,0.648,1,0,True
prefix,4096,/Users/vinroger/DATA/STUDY/latihan/about/exa-interview/e2e-inverted-bitplane-project/data/prefix-study-2026-09-13/pools/qwen-quora-d32/routers/ivf-binary-4096-seed42,main-s03000,10,20,1,,,,,,3000,3,True,True,0.801,0.02329199924133718,0.02591600059531629,70.6098917289637,0.02333299198653549,0.023250002413988113,0.023333006538450718,10458620,76955648,2705.636,0.0,0.0,0.0,1.0,0.0,0.0,0,0,True
prefix,4096,/Users/vinroger/DATA/STUDY/latihan/about/exa-interview/e2e-inverted-bitplane-project/data/prefix-study-2026-09-13/pools/qwen-quora-d32/routers/ivf-binary-4096-seed42,main-s02891,1,67,1,,,,,,3000,3,True,True,0.95,0.04941649967804551,0.05966699973214418,149.25720934115816,0.04916699981549755,0.049124995712190866,0.05008300649933517,10458620,77283328,7148.419,0.0,0.0,0.0,1.345,134.0,0.655,1,0,True
prefix,4096,/Users/vinroger/DATA/STUDY/latihan/about/exa-interview/e2e-inverted-bitplane-project/data/prefix-study-2026-09-13/pools/qwen-quora-d32/routers/ivf-binary-4096-seed42,main-s03065,50,67,1,,,,,,3000,3,True,True,0.90092,0.05758300540037453,0.06508305377792567,174.26244005037006,0.05750000127591193,0.057187491620425135,0.05808299465570599,10458620,77283328,9044.784,0.0,0.0,0.0,1.0,0.0,0.0,0,0,True
prefix,4096,/Users/vinroger/DATA/STUDY/latihan/about/exa-interview/e2e-inverted-bitplane-project/data/prefix-study-2026-09-13/pools/qwen-quora-d32/routers/ivf-binary-4096-seed42,main-s03070,50,121,1,,,,,,3000,3,True,True,0.95036,0.09450000652577728,0.10462499703862704,285.0781336455839,0.09443749877391383,0.09395900269737467,0.09491700620856136,10458620,77283328,16283.632,0.0,0.0,0.0,1.0,0.0,0.0,0,0,True
branch,16,/Users/vinroger/DATA/STUDY/latihan/about/exa-interview/e2e-inverted-bitplane-project/data/prefix-study-2026-09-13/pools/qwen-quora-d32/routers/ivf-binary-16-seed42,main-s00071,1,9,1,0,42,128,1024,True,3000,3,True,True,0.992,0.05075000808574259,0.0819461587525437,166.31901035725605,0.05054099892731756,0.050166498112957925,0.05181250162422657,10460464,72155136,817.826,115.738,53692.536,5838.185,0.0,0.0,0.0,,,
prefix,4096,/Users/vinroger/DATA/STUDY/latihan/about/exa-interview/e2e-inverted-bitplane-project/data/prefix-study-2026-09-13/pools/qwen-quora-d32/routers/ivf-binary-4096-seed42,main-s03010,10,84,1,,,,,,3000,3,True,True,0.95,0.06299999949987978,0.07200205873232333,191.0296576534165,0.06312500045169145,0.0625829998170957,0.06318750092759728,10458620,77086720,11326.941,0.0,0.0,0.0,1.0,0.0,0.0,0,0,True
branch,16,/Users/vinroger/DATA/STUDY/latihan/about/exa-interview/e2e-inverted-bitplane-project/data/prefix-study-2026-09-13/pools/qwen-quora-d32/routers/ivf-binary-16-seed42,main-s00057,1,4,1,0,42,128,1024,True,3000,3,True,True,0.913,0.027750007575377822,0.05611219385173156,93.15780173346866,0.02785449760267511,0.027458008844405413,0.02791599399643019,10460464,71991296,438.079,60.17,28024.727,2999.777,0.0,0.0,0.0,,,
prefix,4096,/Users/vinroger/DATA/STUDY/latihan/about/exa-interview/e2e-inverted-bitplane-project/data/prefix-study-2026-09-13/pools/qwen-quora-d32/routers/ivf-binary-4096-seed42,main-s02970,5,18,1,,,,,,3000,3,True,True,0.802,0.0221250083995983,0.02474999928381294,66.949052416021,0.022124993847683072,0.021708001440856606,0.0225000039790757,10458620,77201408,2436.542,0.0,0.0,0.0,1.0,0.0,0.0,0,0,True
branch,64,/Users/vinroger/DATA/STUDY/latihan/about/exa-interview/e2e-inverted-bitplane-project/data/prefix-study-2026-09-13/pools/qwen-quora-d32/routers/ivf-binary-64-seed42,main-s00765,3,7,1,0,42,128,1024,True,3000,3,True,True,0.9003333333333333,0.02804099494824186,0.07067949627526098,103.60662007587962,0.027750000299420208,0.02772949665086344,0.028665992431342602,10467120,78331904,1012.771,106.342,12081.945,1899.785,0.0,0.0,0.0,,,
prefix,4096,/Users/vinroger/DATA/STUDY/latihan/about/exa-interview/e2e-inverted-bitplane-project/data/prefix-study-2026-09-13/pools/qwen-quora-d32/routers/ivf-binary-4096-seed42,main-s03005,10,45,1,,,,,,3000,3,True,True,0.9009,0.03912499232683331,0.04441700002644211,118.6106212408049,0.03897949500242248,0.03866599581670016,0.03977050073444843,10458620,76955648,6077.925,0.0,0.0,0.0,1.0,0.0,0.0,0,0,True
branch,4096,/Users/vinroger/DATA/STUDY/latihan/about/exa-interview/e2e-inverted-bitplane-project/data/prefix-study-2026-09-13/pools/qwen-quora-d32/routers/ivf-binary-4096-seed42,main-s02808,50,67,1,0,42,2048,8192,True,3000,3,True,True,0.90092,0.06616699101869017,0.08822050513117567,212.00022201810498,0.06558399763889611,0.06531250255648047,0.06808299804106355,10965040,80560128,9044.784,67.0,0.0,173.713,0.0,0.0,0.0,,,
branch,4096,/Users/vinroger/DATA/STUDY/latihan/about/exa-interview/e2e-inverted-bitplane-project/data/prefix-study-2026-09-13/pools/qwen-quora-d32/routers/ivf-binary-4096-seed42,main-s02766,20,53,1,0,42,2048,8192,True,3000,3,True,True,0.90055,0.05075000808574259,0.05646009667543693,153.287559733144,0.05066700396127999,0.05054099892731756,0.051041992264799774,10965040,80560128,7154.509,53.0,0.0,137.411,0.0,0.0,0.0,,,
branch,64,/Users/vinroger/DATA/STUDY/latihan/about/exa-interview/e2e-inverted-bitplane-project/data/prefix-study-2026-09-13/pools/qwen-quora-d32/routers/ivf-binary-64-seed42,main-s00856,10,12,1,0,42,128,1024,True,3000,3,True,True,0.9503,0.05020849494030699,0.15342849656008178,208.8139300904004,0.04939600330544636,0.04902100045001134,0.052270501328166574,10467120,78266368,2553.973,210.879,22659.303,5058.579,0.0,0.0,0.0,,,
scan,4096,/Users/vinroger/DATA/STUDY/latihan/about/exa-interview/e2e-inverted-bitplane-project/data/prefix-study-2026-09-13/pools/qwen-quora-d32/routers/ivf-binary-4096-seed42,main-s02510,3,70,1,,,,,,3000,3,True,True,0.95,0.05416599742602557,0.06170799388200976,163.97645584947895,0.05354199674911797,0.05345800309441984,0.05583399615716189,8366896,77742080,9447.94,0.0,0.0,0.0,0.0,0.0,0.0,,,
scan,4096,/Users/vinroger/DATA/STUDY/latihan/about/exa-interview/e2e-inverted-bitplane-project/data/prefix-study-2026-09-13/pools/qwen-quora-d32/routers/ivf-binary-4096-seed42,main-s02529,20,280,1,,,,,,3000,3,True,True,0.99005,0.18510399968363345,0.20463543769437814,558.1736742315115,0.18399998953100294,0.18381200061412528,0.1874584995675832,8366896,77742080,37553.53,0.0,0.0,0.0,0.0,0.0,0.0,,,
scan,4096,/Users/vinroger/DATA/STUDY/latihan/about/exa-interview/e2e-inverted-bitplane-project/data/prefix-study-2026-09-13/pools/qwen-quora-d32/routers/ivf-binary-4096-seed42,main-s02499,1,180,1,,,,,,3000,3,True,True,0.99,0.12320799578446895,0.13741910952376202,371.7400194291258,0.12237499322509393,0.1213750074384734,0.12537500879261643,8366896,77742080,24181.137,0.0,0.0,0.0,0.0,0.0,0.0,,,
scan,4096,/Users/vinroger/DATA/STUDY/latihan/about/exa-interview/e2e-inverted-bitplane-project/data/prefix-study-2026-09-13/pools/qwen-quora-d32/routers/ivf-binary-4096-seed42,main-s02541,100,380,1,,,,,,3000,3,True,True,0.99,0.25329100026283413,0.27875419764313847,763.3343169145519,0.2524579977034591,0.2514789957785979,0.2559374988777563,8366896,77742080,50864.535,0.0,0.0,0.0,0.0,0.0,0.0,,,
scan,4096,/Users/vinroger/DATA/STUDY/latihan/about/exa-interview/e2e-inverted-bitplane-project/data/prefix-study-2026-09-13/pools/qwen-quora-d32/routers/ivf-binary-4096-seed42,main-s02522,10,84,1,,,,,,3000,3,True,True,0.95,0.0634580064797774,0.07062499935273081,191.46198280213866,0.06343750283122063,0.06297950312728062,0.06389550253516063,8366896,77742080,11326.941,0.0,0.0,0.0,0.0,0.0,0.0,,,
prefix,4096,/Users/vinroger/DATA/STUDY/latihan/about/exa-interview/e2e-inverted-bitplane-project/data/prefix-study-2026-09-13/pools/qwen-quora-d32/routers/ivf-binary-4096-seed42,main-s02921,2,67,1,,,,,,3000,3,True,True,0.95,0.05162500019650906,0.06046009802957995,154.29686025890987,0.05193749530008063,0.05079200491309166,0.052292001782916486,10458620,77168640,7572.215,0.0,0.0,0.0,1.464,134.0,0.536,1,0,True
scan,4096,/Users/vinroger/DATA/STUDY/latihan/about/exa-interview/e2e-inverted-bitplane-project/data/prefix-study-2026-09-13/pools/qwen-quora-d32/routers/ivf-binary-4096-seed42,main-s02505,2,208,1,,,,,,3000,3,True,True,0.99,0.14047949662199244,0.15583400090690702,423.9219124574447,0.1398129970766604,0.13937499898020178,0.14266600192058831,8366896,78086144,27934.374,0.0,0.0,0.0,0.0,0.0,0.0,,,
scan,4096,/Users/vinroger/DATA/STUDY/latihan/about/exa-interview/e2e-inverted-bitplane-project/data/prefix-study-2026-09-13/pools/qwen-quora-d32/routers/ivf-binary-4096-seed42,main-s02497,1,35,1,,,,,,3000,3,True,True,0.901,0.03112500417046249,0.03454199759289622,93.9806265378138,0.031208008294925094,0.030812494514975697,0.03125000512227416,8366896,78086144,4732.377,0.0,0.0,0.0,0.0,0.0,0.0,,,
scan,4096,/Users/vinroger/DATA/STUDY/latihan/about/exa-interview/e2e-inverted-bitplane-project/data/prefix-study-2026-09-13/pools/qwen-quora-d32/routers/ivf-binary-4096-seed42,main-s02534,50,121,1,,,,,,3000,3,True,True,0.95036,0.09662499360274523,0.10766604755190201,291.5906697162427,0.0962705016718246,0.09612500434741378,0.09718750516185537,8366896,78086144,16283.632,0.0,0.0,0.0,0.0,0.0,0.0,,,
scan,4096,/Users/vinroger/DATA/STUDY/latihan/about/exa-interview/e2e-inverted-bitplane-project/data/prefix-study-2026-09-13/pools/qwen-quora-d32/routers/ivf-binary-4096-seed42,main-s02527,20,53,1,,,,,,3000,3,True,True,0.90055,0.045666994992643595,0.05137704793014562,138.3283674804261,0.04587500006891787,0.045249995309859514,0.045958004193380475,8366896,78086144,7154.509,0.0,0.0,0.0,0.0,0.0,0.0,,,
branch,16,/Users/vinroger/DATA/STUDY/latihan/about/exa-interview/e2e-inverted-bitplane-project/data/prefix-study-2026-09-13/pools/qwen-quora-d32/routers/ivf-binary-16-seed42,main-s00239,10,9,1,0,42,128,1024,True,3000,3,True,True,0.9913,0.07577100768685341,0.2717392555496188,338.82755509694107,0.07912500586826354,0.07010399713180959,0.08106299355858937,10460464,72073216,2199.027,183.303,77802.079,16570.438,0.0,0.0,0.0,,,
branch,16,/Users/vinroger/DATA/STUDY/latihan/about/exa-interview/e2e-inverted-bitplane-project/data/prefix-study-2026-09-13/pools/qwen-quora-d32/routers/ivf-binary-16-seed42,main-s00148,3,5,1,0,42,128,1024,True,3000,3,True,True,0.9516666666666667,0.035500008380040526,0.10504310630494727,138.73841997701675,0.035729499359149486,0.03491650568321347,0.035770492104347795,10460464,71892992,814.459,86.138,38554.072,5850.288,0.0,0.0,0.0,,,
branch,16,/Users/vinroger/DATA/STUDY/latihan/about/exa-interview/e2e-inverted-bitplane-project/data/prefix-study-2026-09-13/pools/qwen-quora-d32/routers/ivf-binary-16-seed42,main-s00184,5,4,1,0,42,128,8192,True,3000,3,True,True,0.9078,0.03199999628122896,0.10804200428538024,137.04780378611758,0.032208001357503235,0.03141650086035952,0.032290998206008226,10460464,71892992,908.486,83.004,36276.599,6573.44,0.0,0.0,0.0,,,
prefix,4096,/Users/vinroger/DATA/STUDY/latihan/about/exa-interview/e2e-inverted-bitplane-project/data/prefix-study-2026-09-13/pools/qwen-quora-d32/routers/ivf-binary-4096-seed42,main-s03030,20,24,1,,,,,,3000,3,True,True,0.80445,0.028041002224199474,0.033043110306607545,85.72824049042538,0.02820900408551097,0.02766599936876446,0.028270500479266047,10458620,77103104,3245.004,0.0,0.0,0.0,1.0,0.0,0.0,0,0,True
prefix,4096,/Users/vinroger/DATA/STUDY/latihan/about/exa-interview/e2e-inverted-bitplane-project/data/prefix-study-2026-09-13/pools/qwen-quora-d32/routers/ivf-binary-4096-seed42,main-s03100,100,147,1,,,,,,3000,3,True,True,0.95032,0.11708300735335797,0.13080030257697212,353.9399641304044,0.11675000132527202,0.11666700447676703,0.11768750118790194,10458620,77250560,19772.328,0.0,0.0,0.0,1.0,0.0,0.0,0,0,True
branch,16,/Users/vinroger/DATA/STUDY/latihan/about/exa-interview/e2e-inverted-bitplane-project/data/prefix-study-2026-09-13/pools/qwen-quora-d32/routers/ivf-binary-16-seed42,main-s00324,50,10,1,0,42,128,8192,True,3000,3,True,True,0.99326,0.19618750229710713,0.49222434972762097,661.7035247763852,0.19497900211717933,0.1938960049301386,0.19791650265688077,10460464,72056832,5460.969,362.089,145007.407,41705.383,0.0,0.0,0.0,,,
branch,16,/Users/vinroger/DATA/STUDY/latihan/about/exa-interview/e2e-inverted-bitplane-project/data/prefix-study-2026-09-13/pools/qwen-quora-d32/routers/ivf-binary-16-seed42,main-s00099,2,4,1,0,42,128,1024,True,3000,3,True,True,0.909,0.02972949732793495,0.07762914465274659,111.22740499558859,0.030042006983421743,0.029104005079716444,0.030104500183369964,10460464,72056832,588.812,66.863,30333.292,4145.55,0.0,0.0,0.0,,,
prefix,4096,/Users/vinroger/DATA/STUDY/latihan/about/exa-interview/e2e-inverted-bitplane-project/data/prefix-study-2026-09-13/pools/qwen-quora-d32/routers/ivf-binary-4096-seed42,main-s03045,20,280,1,,,,,,3000,3,True,True,0.99005,0.18150000687455758,0.20287500228732824,547.9445990349632,0.1816040021367371,0.18120800086762756,0.18172949785366654,10458620,77103104,37553.53,0.0,0.0,0.0,1.0,0.0,0.0,0,0,True
prefix,4096,/Users/vinroger/DATA/STUDY/latihan/about/exa-interview/e2e-inverted-bitplane-project/data/prefix-study-2026-09-13/pools/qwen-quora-d32/routers/ivf-binary-4096-seed42,main-s02980,5,73,1,,,,,,3000,3,True,True,0.9502,0.05704199429601431,0.06649999777437188,173.5511177830631,0.055791497288737446,0.05539599806070328,0.06091699469834566,10458620,77152256,9852.251,0.0,0.0,0.0,1.0,0.0,0.0,0,0,True
branch,16,/Users/vinroger/DATA/STUDY/latihan/about/exa-interview/e2e-inverted-bitplane-project/data/prefix-study-2026-09-13/pools/qwen-quora-d32/routers/ivf-binary-16-seed42,main-s00365,100,10,1,0,42,128,1024,True,3000,3,True,True,0.99202,0.28222950641065836,0.671033647086005,955.72339980572,0.2763960073934868,0.27391650655772537,0.29912499303463846,10460464,71827456,7595.454,476.537,187811.604,58092.664,0.0,0.0,0.0,,,
branch,4096,/Users/vinroger/DATA/STUDY/latihan/about/exa-interview/e2e-inverted-bitplane-project/data/prefix-study-2026-09-13/pools/qwen-quora-d32/routers/ivf-binary-4096-seed42,main-s02843,100,38,1,0,42,2048,8192,True,3000,3,True,True,0.80108,0.05143750604474917,0.0586249960178975,155.99018341163173,0.05147950287209824,0.05120800051372498,0.05162500019650906,10965040,80625664,5139.612,38.0,0.0,98.674,0.0,0.0,0.0,,,
prefix,4096,/Users/vinroger/DATA/STUDY/latihan/about/exa-interview/e2e-inverted-bitplane-project/data/prefix-study-2026-09-13/pools/qwen-quora-d32/routers/ivf-binary-4096-seed42,main-s03060,50,31,1,,,,,,3000,3,True,True,0.80312,0.03679099609144032,0.04287499250494875,111.94659117609262,0.036770499718841165,0.036770499718841165,0.03679099609144032,10458620,77250560,4191.465,0.0,0.0,0.0,1.0,0.0,0.0,0,0,True
prefix,4096,/Users/vinroger/DATA/STUDY/latihan/about/exa-interview/e2e-inverted-bitplane-project/data/prefix-study-2026-09-13/pools/qwen-quora-d32/routers/ivf-binary-4096-seed42,main-s03075,50,322,1,,,,,,3000,3,True,True,0.99004,0.20945799769833684,0.23212499218061566,631.7674852762138,0.209396006539464,0.2086870008497499,0.21050000214017928,10458620,76955648,43157.822,0.0,0.0,0.0,1.0,0.0,0.0,0,0,True
branch,256,/Users/vinroger/DATA/STUDY/latihan/about/exa-interview/e2e-inverted-bitplane-project/data/prefix-study-2026-09-13/pools/qwen-quora-d32/routers/ivf-binary-256-seed42,main-s01467,10,8,1,0,42,128,8192,True,3000,3,True,True,0.8089,0.026500005333218724,0.057836047199089066,96.13509436894674,0.02658349694684148,0.026146008167415857,0.026749999960884452,10490416,84492288,1748.493,130.101,3522.598,887.513,0.0,0.0,0.0,,,
scan,4096,/Users/vinroger/DATA/STUDY/latihan/about/exa-interview/e2e-inverted-bitplane-project/data/prefix-study-2026-09-13/pools/qwen-quora-d32/routers/ivf-binary-4096-seed42,main-s02528,20,98,1,,,,,,3000,3,True,True,0.9502,0.07487500261049718,0.10516815746086648,237.83118784194812,0.07449999975506216,0.07404200005112216,0.07662500138394535,8366896,78069760,13196.612,0.0,0.0,0.0,0.0,0.0,0.0,,,
scan,4096,/Users/vinroger/DATA/STUDY/latihan/about/exa-interview/e2e-inverted-bitplane-project/data/prefix-study-2026-09-13/pools/qwen-quora-d32/routers/ivf-binary-4096-seed42,main-s02517,5,218,1,,,,,,3000,3,True,True,0.99,0.14641700545325875,0.16287498947349377,441.73404536559246,0.14656250277766958,0.14599999849451706,0.14672950055683032,8366896,78069760,29270.203,0.0,0.0,0.0,0.0,0.0,0.0,,,
scan,4096,/Users/vinroger/DATA/STUDY/latihan/about/exa-interview/e2e-inverted-bitplane-project/data/prefix-study-2026-09-13/pools/qwen-quora-d32/routers/ivf-binary-4096-seed42,main-s02526,20,24,1,,,,,,3000,3,True,True,0.80445,0.02779198985081166,0.03158299659844488,84.3666207510978,0.02804200630635023,0.02720800694078207,0.028187503630761057,8366896,78069760,3245.004,0.0,0.0,0.0,0.0,0.0,0.0,,,
scan,4096,/Users/vinroger/DATA/STUDY/latihan/about/exa-interview/e2e-inverted-bitplane-project/data/prefix-study-2026-09-13/pools/qwen-quora-d32/routers/ivf-binary-4096-seed42,main-s02538,100,38,1,,,,,,3000,3,True,True,0.80108,0.04697949771070853,0.053669048065785305,142.43445804459043,0.04704199091065675,0.0466250057797879,0.04720850120065734,8366896,78069760,5139.612,0.0,0.0,0.0,0.0,0.0,0.0,,,
branch,16,/Users/vinroger/DATA/STUDY/latihan/about/exa-interview/e2e-inverted-bitplane-project/data/prefix-study-2026-09-13/pools/qwen-quora-d32/routers/ivf-binary-16-seed42,main-s00106,2,6,1,0,42,128,1024,True,3000,3,True,True,0.966,0.04066700057592243,0.1047152545652352,154.56427811295725,0.04029200499644503,0.038459002098534256,0.04470849671633914,10460464,72040448,777.623,91.855,41771.106,5573.342,0.0,0.0,0.0,,,
branch,16,/Users/vinroger/DATA/STUDY/latihan/about/exa-interview/e2e-inverted-bitplane-project/data/prefix-study-2026-09-13/pools/qwen-quora-d32/routers/ivf-binary-16-seed42,main-s00113,2,9,1,0,42,128,1024,True,3000,3,True,True,0.993,0.05249999958323315,0.1210586509841959,186.03697966318578,0.05250000685919076,0.05143749149283394,0.05312499706633389,10460464,72040448,1034.332,125.13,56820.596,7552.408,0.0,0.0,0.0,,,
prefix,4096,/Users/vinroger/DATA/STUDY/latihan/about/exa-interview/e2e-inverted-bitplane-project/data/prefix-study-2026-09-13/pools/qwen-quora-d32/routers/ivf-binary-4096-seed42,main-s03090,100,38,1,,,,,,3000,3,True,True,0.80108,0.047249995986931026,0.06804410513723268,152.63566086650826,0.04679099947679788,0.046249988372437656,0.04983349208487198,10458620,77135872,5139.612,0.0,0.0,0.0,1.0,0.0,0.0,0,0,True
prefix,4096,/Users/vinroger/DATA/STUDY/latihan/about/exa-interview/e2e-inverted-bitplane-project/data/prefix-study-2026-09-13/pools/qwen-quora-d32/routers/ivf-binary-4096-seed42,main-s02945,3,37,1,,,,,,3000,3,True,True,0.9,0.03312499029561877,0.03746011134353465,100.47511869925074,0.03304099664092064,0.03287500294391066,0.0334584983647801,10458620,77119488,5003.783,0.0,0.0,0.0,1.0,0.0,0.0,0,0,True
prefix,1024,/Users/vinroger/DATA/STUDY/latihan/about/exa-interview/e2e-inverted-bitplane-project/data/prefix-study-2026-09-13/pools/qwen-quora-d32/routers/ivf-binary-1024-seed42,main-s02273,1,78,1,,,,,,3000,3,True,True,0.99,0.10679099068511277,0.16925209420151077,331.40934706898406,0.10643749556038529,0.10497950279386714,0.10929150448646396,10458620,77512704,26153.499,0.0,0.0,0.0,3.511,494.988,1.489,4,0,True
prefix,4096,/Users/vinroger/DATA/STUDY/latihan/about/exa-interview/e2e-inverted-bitplane-project/data/prefix-study-2026-09-13/pools/qwen-quora-d32/routers/ivf-binary-4096-seed42,main-s03105,100,380,1,,,,,,3000,3,True,True,0.99,0.2494369982741773,0.2752500004135072,751.7935159557965,0.24958299763966352,0.2483334974385798,0.2506044984329492,10458620,77201408,50864.535,0.0,0.0,0.0,1.0,0.0,0.0,0,0,True
prefix,4096,/Users/vinroger/DATA/STUDY/latihan/about/exa-interview/e2e-inverted-bitplane-project/data/prefix-study-2026-09-13/pools/qwen-quora-d32/routers/ivf-binary-4096-seed42,main-s02975,5,40,1,,,,,,3000,3,True,True,0.901,0.03529099922161549,0.03979105385951698,106.60808547982015,0.03533301060087979,0.0348330067936331,0.03554200520738959,10458620,77201408,5407.89,0.0,0.0,0.0,1.0,0.0,0.0,0,0,True
prefix,4096,/Users/vinroger/DATA/STUDY/latihan/about/exa-interview/e2e-inverted-bitplane-project/data/prefix-study-2026-09-13/pools/qwen-quora-d32/routers/ivf-binary-4096-seed42,main-s03015,10,243,1,,,,,,3000,3,True,True,0.99,0.16108399722725153,0.17933300114236772,485.51163329102565,0.16204150597332045,0.15829149924684316,0.16275000234600157,10458620,77201408,32612.65,0.0,0.0,0.0,1.0,0.0,0.0,0,0,True
scan,4096,/Users/vinroger/DATA/STUDY/latihan/about/exa-interview/e2e-inverted-bitplane-project/data/prefix-study-2026-09-13/pools/qwen-quora-d32/routers/ivf-binary-4096-seed42,main-s02521,10,45,1,,,,,,3000,3,True,True,0.9009,0.040166996768675745,0.04537704589893109,121.6605315275956,0.04041699867229909,0.03945900243707001,0.04062500374857336,8366896,77905920,6077.925,0.0,0.0,0.0,0.0,0.0,0.0,,,
scan,4096,/Users/vinroger/DATA/STUDY/latihan/about/exa-interview/e2e-inverted-bitplane-project/data/prefix-study-2026-09-13/pools/qwen-quora-d32/routers/ivf-binary-4096-seed42,main-s02515,5,40,1,,,,,,3000,3,True,True,0.901,0.03520799509715289,0.03933605112251824,106.45974631188437,0.035041994124185294,0.03493749682093039,0.03558301250450313,8366896,77905920,5407.89,0.0,0.0,0.0,0.0,0.0,0.0,,,
scan,4096,/Users/vinroger/DATA/STUDY/latihan/about/exa-interview/e2e-inverted-bitplane-project/data/prefix-study-2026-09-13/pools/qwen-quora-d32/routers/ivf-binary-4096-seed42,main-s02520,10,20,1,,,,,,3000,3,True,True,0.801,0.0236249907175079,0.026291992980986834,71.42348880006466,0.023625005269423127,0.023250002413988113,0.023916996724437922,8366896,77905920,2705.636,0.0,0.0,0.0,0.0,0.0,0.0,,,
scan,4096,/Users/vinroger/DATA/STUDY/latihan/about/exa-interview/e2e-inverted-bitplane-project/data/prefix-study-2026-09-13/pools/qwen-quora-d32/routers/ivf-binary-4096-seed42,main-s02508,3,17,1,,,,,,3000,3,True,True,0.805,0.020540996047202498,0.022790991351939738,62.16136598959565,0.020541003323160112,0.02016699727391824,0.020874998881481588,8366896,77905920,2303.095,0.0,0.0,0.0,0.0,0.0,0.0,,,
prefix,4096,/Users/vinroger/DATA/STUDY/latihan/about/exa-interview/e2e-inverted-bitplane-project/data/prefix-study-2026-09-13/pools/qwen-quora-d32/routers/ivf-binary-4096-seed42,main-s02926,2,208,1,,,,,,3000,3,True,True,0.99,0.1394795035594143,0.1768402005836833,427.89149498275947,0.1384164934279397,0.13577050413005054,0.1451459975214675,10458620,76890112,22758.714,0.0,0.0,0.0,1.461,416.0,0.539,1,0,True
scan,4096,/Users/vinroger/DATA/STUDY/latihan/about/exa-interview/e2e-inverted-bitplane-project/data/prefix-study-2026-09-13/pools/qwen-quora-d32/routers/ivf-binary-4096-seed42,main-s02532,50,31,1,,,,,,3000,3,True,True,0.80312,0.03708399890456349,0.054459000239148736,124.267538471031,0.036791003367397934,0.036375000490807,0.03862500307150185,8366896,78020608,4191.465,0.0,0.0,0.0,0.0,0.0,0.0,,,
scan,4096,/Users/vinroger/DATA/STUDY/latihan/about/exa-interview/e2e-inverted-bitplane-project/data/prefix-study-2026-09-13/pools/qwen-quora-d32/routers/ivf-binary-4096-seed42,main-s02540,100,147,1,,,,,,3000,3,True,True,0.95032,0.12043750029988587,0.13612710317829624,364.2712381988531,0.12150000111432746,0.11843699030578136,0.121520490210969,8366896,78020608,19772.328,0.0,0.0,0.0,0.0,0.0,0.0,,,
scan,4096,/Users/vinroger/DATA/STUDY/latihan/about/exa-interview/e2e-inverted-bitplane-project/data/prefix-study-2026-09-13/pools/qwen-quora-d32/routers/ivf-binary-4096-seed42,main-s02498,1,67,1,,,,,,3000,3,True,True,0.95,0.05091649654787034,0.05666605138685554,153.77492005063687,0.05062499258201569,0.050374997954349965,0.05166600021766499,8366896,78020608,9044.784,0.0,0.0,0.0,0.0,0.0,0.0,,,
scan,4096,/Users/vinroger/DATA/STUDY/latihan/about/exa-interview/e2e-inverted-bitplane-project/data/prefix-study-2026-09-13/pools/qwen-quora-d32/routers/ivf-binary-4096-seed42,main-s02509,3,37,1,,,,,,3000,3,True,True,0.9,0.032625001040287316,0.03616699541453272,98.44882956531364,0.032457995985168964,0.03245798870921135,0.03300000389572233,8366896,78020608,5003.783,0.0,0.0,0.0,0.0,0.0,0.0,,,
branch,4096,/Users/vinroger/DATA/STUDY/latihan/about/exa-interview/e2e-inverted-bitplane-project/data/prefix-study-2026-09-13/pools/qwen-quora-d32/routers/ivf-binary-4096-seed42,main-s02760,20,24,1,0,42,522931,0,False,3000,3,True,True,0.80445,0.030791008612141013,0.034669048181967796,93.43608128256164,0.030625000363215804,0.030583003535866737,0.03110450052190572,10965040,80707584,3245.004,24.0,0.0,62.267,0.0,0.0,0.0,,,
