setting_id,method,router,clusters,probes,leaf_size,node_budget,key_bits,key_limit,recall,p50_ms,process_p50_min_ms,process_p50_max_ms,mean_scored,mean_split_words,mean_leaf_words,mean_key_lookups,logical_index_bytes,lifetime_peak_bytes,complete_processes,qualified
extra-050,keys,ivf,4096,72,0,0,16,4096,0.2246,0.1937500201165676,0.1937500201165676,0.1937500201165676,1204.995,0.0,0.0,4096.0,51988500,189775872,1,True
extra-020,keys,ivf,256,29,0,0,20,4096,0.16275,0.19739591516554356,0.19739591516554356,0.19739591516554356,1771.375,0.0,0.0,4096.0,50736860,173604864,1,True
extra-084,keys,ivf,4096,4096,0,0,20,4096,0.00455,0.546750146895647,0.546750146895647,0.546750146895647,52.7,0.0,0.0,4096.0,55410780,200769536,1,True
extra-040,branch,ivf,256,256,32,4096,0,0,0.07555,1.5114585403352976,1.5114585403352976,1.5114585403352976,2246.68,247240.28,7363.32,0.0,72272384,192299008,1,True
extra-028,keys,ivf,256,52,0,0,20,4096,0.12135,0.19772956147789955,0.19772956147789955,0.19772956147789955,1588.035,0.0,0.0,4096.0,50736860,173965312,1,True
extra-022,keys,ivf,256,29,0,0,24,4096,0.0696,0.15404168516397476,0.15404168516397476,0.15404168516397476,324.15,0.0,0.0,4096.0,54726800,186351616,1,True
extra-006,keys,none,1,1,0,0,24,4096,0.34615,1.0138747747987509,1.0138747747987509,1.0138747747987509,14943.9,0.0,0.0,4096.0,45717340,150732800,1,True
extra-058,keys,ivf,4096,211,0,0,16,4096,0.1401,0.2738123293966055,0.2738123293966055,0.2738123293966055,1212.89,0.0,0.0,4096.0,51988500,189890560,1,True
extra-116,keys,ivf,8192,2440,0,0,20,4096,0.0081,0.6012287922203541,0.6012287922203541,0.6012287922203541,56.45,0.0,0.0,4096.0,56242800,210714624,1,True
extra-126,keys,ivf,8192,8192,0,0,24,4096,0.0015,0.9373750071972609,0.9373750071972609,0.9373750071972609,6.81,0.0,0.0,4096.0,57961500,215990272,1,True
extra-011,keys,ivf,256,12,0,0,16,65536,0.76215,2.4548335932195187,2.4548335932195187,2.4548335932195187,33262.085,0.0,0.0,65536.0,46037980,159039488,1,True
extra-014,keys,ivf,256,12,0,0,24,4096,0.1031,0.15716650523245335,0.15716650523245335,0.15716650523245335,407.335,0.0,0.0,4096.0,54726800,186499072,1,True
extra-013,keys,ivf,256,12,0,0,20,65536,0.54695,1.6570000443607569,1.6570000443607569,1.6570000443607569,10559.65,0.0,0.0,65536.0,50736860,173572096,1,True
extra-100,keys,ivf,8192,353,0,0,20,4096,0.03635,0.304332934319973,0.304332934319973,0.304332934319973,121.06,0.0,0.0,4096.0,56242800,210468864,1,True
extra-024,branch,ivf,256,52,32,4096,0,0,0.6431,2.3975626099854708,2.3975626099854708,2.3975626099854708,12319.535,221711.735,50489.0,0.0,72272384,179879936,1,True
extra-041,branch,ivf,256,256,128,4096,0,0,0.336,3.517291508615017,3.517291508615017,3.517291508615017,23272.285,236171.44,22710.6,0.0,72272384,192151552,1,True
extra-030,keys,ivf,256,52,0,0,24,4096,0.0499,0.15241699293255806,0.15241699293255806,0.15241699293255806,270.305,0.0,0.0,4096.0,54726800,186318848,1,True
extra-081,branch,ivf,4096,4096,128,4096,0,0,0.03685,2.061124425381422,2.061124425381422,2.061124425381422,34786.0,16966.0,666.0,0.0,76110336,220561408,1,True
extra-125,keys,ivf,8192,8192,0,0,20,65536,0.02805,3.0353956390172243,3.0353956390172243,3.0353956390172243,435.98,0.0,0.0,65536.0,56242800,210452480,1,True
extra-029,keys,ivf,256,52,0,0,20,65536,0.41865,1.9342079758644104,1.9342079758644104,1.9342079758644104,12638.025,0.0,0.0,65536.0,50736860,173735936,1,True
extra-019,keys,ivf,256,29,0,0,16,65536,0.76725,3.086792305111885,3.086792305111885,3.086792305111885,49295.66,0.0,0.0,65536.0,46037980,159121408,1,True
extra-039,keys,ivf,256,119,0,0,24,65536,0.1454,1.9329995848238468,1.9329995848238468,1.9329995848238468,2173.37,0.0,0.0,65536.0,54726800,186286080,1,True
extra-127,keys,ivf,8192,8192,0,0,24,65536,0.00995,3.119667060673237,3.119667060673237,3.119667060673237,66.985,0.0,0.0,65536.0,57961500,215728128,1,True
extra-114,keys,ivf,8192,2440,0,0,16,4096,0.0283,0.6088125519454479,0.6088125519454479,0.6088125519454479,470.12,0.0,0.0,4096.0,53357460,201850880,1,True
extra-098,keys,ivf,8192,353,0,0,16,4096,0.0999,0.3262085374444723,0.3262085374444723,0.3262085374444723,697.695,0.0,0.0,4096.0,53357460,201555968,1,True
extra-078,keys,ivf,4096,1330,0,0,24,4096,0.00545,0.35847886465489864,0.35847886465489864,0.35847886465489864,17.7,0.0,0.0,4096.0,57538580,207601664,1,True
extra-086,keys,ivf,4096,4096,0,0,24,4096,0.0015,0.529854092746973,0.529854092746973,0.529854092746973,8.735,0.0,0.0,4096.0,57538580,207618048,1,True
extra-085,keys,ivf,4096,4096,0,0,20,65536,0.0461,2.5924169458448887,2.5924169458448887,2.5924169458448887,850.2,0.0,0.0,65536.0,55410780,200867840,1,True
extra-009,branch,ivf,256,12,128,4096,0,0,0.8055,2.962646074593067,2.962646074593067,2.962646074593067,49973.26,92989.55,85377.775,0.0,72272384,192200704,1,True
extra-064,branch,ivf,4096,467,32,4096,0,0,0.04045,1.0741045698523521,1.0741045698523521,1.0741045698523521,1858.755,17438.14,371.71,0.0,76110336,220626944,1,True
extra-107,keys,ivf,8192,778,0,0,16,65536,0.3059,1.6639374662190676,1.6639374662190676,1.6639374662190676,5546.49,0.0,0.0,65536.0,53357460,201801728,1,True
extra-037,keys,ivf,256,119,0,0,20,65536,0.32205,2.1851249039173126,2.1851249039173126,2.1851249039173126,11959.58,0.0,0.0,65536.0,50736860,173867008,1,True
extra-062,keys,ivf,4096,211,0,0,24,4096,0.019,0.20756269805133343,0.20756269805133343,0.20756269805133343,41.645,0.0,0.0,4096.0,57538580,207601664,1,True
extra-005,keys,none,1,1,0,0,20,65536,0.95315,29.708833433687687,29.708833433687687,29.708833433687687,476504.32,0.0,0.0,65536.0,42001160,141590528,1,True
extra-047,keys,ivf,256,256,0,0,24,65536,0.09805,2.1800834219902754,2.1800834219902754,2.1800834219902754,1575.33,0.0,0.0,65536.0,54726800,186351616,1,True
extra-027,keys,ivf,256,52,0,0,16,65536,0.7244,4.119333578273654,4.119333578273654,4.119333578273654,59011.075,0.0,0.0,65536.0,46037980,159170560,1,True
extra-104,branch,ivf,8192,778,32,4096,0,0,0.03005,1.183604123070836,1.183604123070836,1.183604123070836,2091.295,9684.11,180.275,0.0,80310784,231882752,1,True
extra-119,keys,ivf,8192,2440,0,0,24,65536,0.0256,2.387417247518897,2.387417247518897,2.387417247518897,131.795,0.0,0.0,65536.0,57961500,215924736,1,True
extra-038,keys,ivf,256,119,0,0,24,4096,0.03055,0.161333242431283,0.161333242431283,0.161333242431283,196.19,0.0,0.0,4096.0,54726800,186318848,1,True
extra-118,keys,ivf,8192,2440,0,0,24,4096,0.0031,0.5906454753130674,0.5906454753130674,0.5906454753130674,9.275,0.0,0.0,4096.0,57961500,216154112,1,True
extra-007,keys,none,1,1,0,0,24,65536,0.738,15.95677062869072,15.95677062869072,15.95677062869072,109492.305,0.0,0.0,65536.0,45717340,150519808,1,True
extra-034,keys,ivf,256,119,0,0,16,4096,0.2029,0.40204147808253765,0.40204147808253765,0.40204147808253765,8359.535,0.0,0.0,4096.0,46037980,159023104,1,True
extra-074,keys,ivf,4096,1330,0,0,16,4096,0.05015,0.40125008672475815,0.40125008672475815,0.40125008672475815,875.445,0.0,0.0,4096.0,51988500,189988864,1,True
extra-082,keys,ivf,4096,4096,0,0,16,4096,0.0137,0.5837078206241131,0.5837078206241131,0.5837078206241131,493.67,0.0,0.0,4096.0,51988500,189661184,1,True
extra-017,branch,ivf,256,29,128,4096,0,0,0.893,6.124541629105806,6.124541629105806,6.124541629105806,76132.86,174771.97,105963.275,0.0,72272384,192380928,1,True
extra-035,keys,ivf,256,119,0,0,16,65536,0.6119,4.4482911471277475,4.4482911471277475,4.4482911471277475,66353.9,0.0,0.0,65536.0,46037980,158875648,1,True
extra-094,keys,ivf,8192,127,0,0,24,4096,0.02735,0.23243739269673824,0.23243739269673824,0.23243739269673824,34.315,0.0,0.0,4096.0,57961500,215875584,1,True
extra-079,keys,ivf,4096,1330,0,0,24,65536,0.03835,2.0566873718053102,2.0566873718053102,2.0566873718053102,228.295,0.0,0.0,65536.0,57538580,207798272,1,True
extra-089,branch,ivf,8192,127,128,4096,0,0,0.8004,0.7225833833217621,0.7225833833217621,0.7225833833217621,15614.785,1194.56,959.685,0.0,80310784,231522304,1,True
extra-012,keys,ivf,256,12,0,0,20,4096,0.22955,0.19341660663485527,0.19341660663485527,0.19341660663485527,1913.34,0.0,0.0,4096.0,50736860,173670400,1,True
extra-051,keys,ivf,4096,72,0,0,16,65536,0.57735,1.153311925008893,1.153311925008893,1.153311925008893,6141.705,0.0,0.0,65536.0,51988500,189743104,1,True
extra-055,keys,ivf,4096,72,0,0,24,65536,0.1658,0.8984787855297327,0.8984787855297327,0.8984787855297327,467.79,0.0,0.0,65536.0,57538580,207437824,1,True
extra-099,keys,ivf,8192,353,0,0,16,65536,0.3981,1.3507078401744366,1.3507078401744366,1.3507078401744366,5115.42,0.0,0.0,65536.0,53357460,201555968,1,True
extra-101,keys,ivf,8192,353,0,0,20,65536,0.1866,1.2309376616030931,1.2309376616030931,1.2309376616030931,1174.015,0.0,0.0,65536.0,56242800,210894848,1,True
extra-003,keys,none,1,1,0,0,16,65536,1.0,35.764062544330955,35.764062544330955,35.764062544330955,1000000.0,0.0,0.0,65532.35,40404640,137707520,1,True
extra-108,keys,ivf,8192,778,0,0,20,4096,0.02105,0.4062920343130827,0.4062920343130827,0.4062920343130827,89.905,0.0,0.0,4096.0,56242800,210714624,1,True
extra-075,keys,ivf,4096,1330,0,0,16,65536,0.24565,2.339062513783574,2.339062513783574,2.339062513783574,8811.99,0.0,0.0,65536.0,51988500,189841408,1,True
extra-033,branch,ivf,256,119,128,4096,0,0,0.8015,6.843542214483023,6.843542214483023,6.843542214483023,51468.515,208536.665,62423.91,0.0,72272384,192053248,1,True
extra-068,keys,ivf,4096,467,0,0,20,4096,0.03095,0.278624938800931,0.278624938800931,0.278624938800931,162.86,0.0,0.0,4096.0,55410780,200556544,1,True
extra-092,keys,ivf,8192,127,0,0,20,4096,0.06675,0.24391640909016132,0.24391640909016132,0.24391640909016132,154.835,0.0,0.0,4096.0,56242800,211894272,1,True
extra-061,keys,ivf,4096,211,0,0,20,65536,0.24115,1.2296459171921015,1.2296459171921015,1.2296459171921015,1922.75,0.0,0.0,65536.0,55410780,200916992,1,True
extra-021,keys,ivf,256,29,0,0,20,65536,0.48165,1.9488334655761719,1.9488334655761719,1.9488334655761719,12253.315,0.0,0.0,65536.0,50736860,173604864,1,True
extra-109,keys,ivf,8192,778,0,0,20,65536,0.1265,1.7089794855564833,1.7089794855564833,1.7089794855564833,1053.745,0.0,0.0,65536.0,56242800,210632704,1,True
extra-121,branch,ivf,8192,8192,128,4096,0,0,0.4039,8.107875008136034,8.107875008136034,8.107875008136034,217839.6,5405.11,4402.11,0.0,80310784,223100928,1,True
extra-120,branch,ivf,8192,8192,32,4096,0,0,0.00445,1.8956037238240242,1.8956037238240242,1.8956037238240242,1636.575,9731.43,75.79,0.0,80310784,231604224,1,True
extra-123,keys,ivf,8192,8192,0,0,16,65536,0.0839,3.400166518986225,3.400166518986225,3.400166518986225,3548.84,0.0,0.0,65536.0,53357460,201752576,1,True
extra-102,keys,ivf,8192,353,0,0,24,4096,0.01345,0.31012482941150665,0.31012482941150665,0.31012482941150665,25.55,0.0,0.0,4096.0,57961500,215908352,1,True
extra-023,keys,ivf,256,29,0,0,24,65536,0.26065,1.5366042498499155,1.5366042498499155,1.5366042498499155,2798.61,0.0,0.0,65536.0,54726800,186482688,1,True
extra-015,keys,ivf,256,12,0,0,24,65536,0.32915,1.3893544673919678,1.3893544673919678,1.3893544673919678,2849.6,0.0,0.0,65536.0,54726800,186384384,1,True
extra-025,branch,ivf,256,52,128,4096,0,0,0.87125,6.773624569177628,6.773624569177628,6.773624569177628,61821.51,202312.28,73249.155,0.0,72272384,192462848,1,True
extra-057,branch,ivf,4096,211,128,4096,0,0,0.8976,2.316896105185151,2.316896105185151,2.316896105185151,50973.765,9138.73,6849.885,0.0,76110336,208273408,1,True
extra-045,keys,ivf,256,256,0,0,20,65536,0.2337,2.4330834858119488,2.4330834858119488,2.4330834858119488,9913.265,0.0,0.0,65536.0,50736860,173670400,1,True
extra-091,keys,ivf,8192,127,0,0,16,65536,0.50315,1.1051672045141459,1.1051672045141459,1.1051672045141459,4045.985,0.0,0.0,65536.0,53357460,201637888,1,True
extra-093,keys,ivf,8192,127,0,0,20,65536,0.2759,1.0025834199041128,1.0025834199041128,1.0025834199041128,1136.63,0.0,0.0,65536.0,56242800,210534400,1,True
extra-048,branch,ivf,4096,72,32,4096,0,0,0.78915,1.2190209235996008,1.2190209235996008,1.2190209235996008,16247.88,11241.075,7011.12,0.0,76110336,220463104,1,True
extra-122,keys,ivf,8192,8192,0,0,16,4096,0.0137,0.9789373725652695,0.9789373725652695,0.9789373725652695,348.96,0.0,0.0,4096.0,53357460,201670656,1,True
extra-010,keys,ivf,256,12,0,0,16,4096,0.4407,0.3674586769193411,0.3674586769193411,0.3674586769193411,8228.86,0.0,0.0,4096.0,46037980,158973952,1,True
extra-042,keys,ivf,256,256,0,0,16,4096,0.12805,0.3607291728258133,0.3607291728258133,0.3607291728258133,6499.035,0.0,0.0,4096.0,46037980,158810112,1,True
extra-060,keys,ivf,4096,211,0,0,20,4096,0.0512,0.21804124116897583,0.21804124116897583,0.21804124116897583,215.01,0.0,0.0,4096.0,55410780,200638464,1,True
extra-097,branch,ivf,8192,353,128,4096,0,0,0.9002,1.6896040178835392,1.6896040178835392,1.6896040178835392,42847.11,2865.53,2443.75,0.0,80310784,231833600,1,True
extra-105,branch,ivf,8192,778,128,4096,0,0,0.94805,3.516395343467593,3.516395343467593,3.516395343467593,92497.38,5735.095,4742.66,0.0,80310784,223100928,1,True
extra-063,keys,ivf,4096,211,0,0,24,65536,0.1042,1.0951042640954256,1.0951042640954256,1.0951042640954256,412.43,0.0,0.0,65536.0,57538580,207454208,1,True
extra-067,keys,ivf,4096,467,0,0,16,65536,0.37665,1.7390623688697815,1.7390623688697815,1.7390623688697815,9063.22,0.0,0.0,65536.0,51988500,189661184,1,True
extra-083,keys,ivf,4096,4096,0,0,16,65536,0.12805,2.7858749963343143,2.7858749963343143,2.7858749963343143,6499.035,0.0,0.0,65536.0,51988500,189808640,1,True
extra-036,keys,ivf,256,119,0,0,20,4096,0.07755,0.20537502132356167,0.20537502132356167,0.20537502132356167,1248.475,0.0,0.0,4096.0,50736860,173637632,1,True
extra-090,keys,ivf,8192,127,0,0,16,4096,0.1717,0.27152104303240776,0.27152104303240776,0.27152104303240776,744.455,0.0,0.0,4096.0,53357460,201523200,1,True
extra-070,keys,ivf,4096,467,0,0,24,4096,0.01105,0.2967079635709524,0.2967079635709524,0.2967079635709524,31.1,0.0,0.0,4096.0,57538580,207634432,1,True
extra-004,keys,none,1,1,0,0,20,4096,0.6128,2.7787084691226482,2.7787084691226482,2.7787084691226482,81067.945,0.0,0.0,4096.0,42001160,141590528,1,True
extra-065,branch,ivf,4096,467,128,4096,0,0,0.64535,2.577042207121849,2.577042207121849,2.577042207121849,52125.23,15711.935,3529.225,0.0,76110336,220495872,1,True
extra-052,keys,ivf,4096,72,0,0,20,4096,0.0949,0.17031258903443813,0.17031258903443813,0.17031258903443813,265.03,0.0,0.0,4096.0,55410780,200720384,1,True
extra-018,keys,ivf,256,29,0,0,16,4096,0.3617,0.4362291656434536,0.4362291656434536,0.4362291656434536,9208.405,0.0,0.0,4096.0,46037980,159023104,1,True
extra-000,branch,none,1,1,32,4096,0,0,0.8343,46.17085470817983,46.17085470817983,46.17085470817983,13313.26,52207187.5,11792812.5,0.0,72000000,740507648,1,True
extra-088,branch,ivf,8192,127,32,4096,0,0,0.78805,1.2351460754871368,1.2351460754871368,1.2351460754871368,14193.43,6236.54,3605.8,0.0,80310784,231686144,1,True
extra-016,branch,ivf,256,29,32,4096,0,0,0.69195,2.2901459597051144,2.2901459597051144,2.2901459597051144,12335.76,224646.87,49906.855,0.0,72272384,192266240,1,True
extra-031,keys,ivf,256,52,0,0,24,65536,0.21155,1.754083437845111,1.754083437845111,1.754083437845111,2627.55,0.0,0.0,65536.0,54726800,186761216,1,True
extra-112,branch,ivf,8192,2440,32,4096,0,0,0.0044,1.3961459044367075,1.3961459044367075,1.3961459044367075,953.565,9757.05,43.65,0.0,80310784,231440384,1,True
extra-117,keys,ivf,8192,2440,0,0,20,65536,0.0671,2.3857285268604755,2.3857285268604755,2.3857285268604755,776.85,0.0,0.0,65536.0,56242800,210485248,1,True
extra-026,keys,ivf,256,52,0,0,16,4096,0.294,0.4130415618419647,0.4130415618419647,0.4130415618419647,9361.045,0.0,0.0,4096.0,46037980,159023104,1,True
extra-046,keys,ivf,256,256,0,0,24,4096,0.01645,0.17147976905107498,0.17147976905107498,0.17147976905107498,129.37,0.0,0.0,4096.0,54726800,186335232,1,True
extra-073,branch,ivf,4096,1330,128,4096,0,0,0.0689,1.5772914048284292,1.5772914048284292,1.5772914048284292,19869.845,17533.83,618.575,0.0,76110336,208289792,1,True
extra-095,keys,ivf,8192,127,0,0,24,65536,0.1264,0.9371249470859766,0.9371249470859766,0.9371249470859766,289.68,0.0,0.0,65536.0,57961500,216252416,1,True
extra-053,keys,ivf,4096,72,0,0,20,65536,0.33195,0.9892289526760578,0.9892289526760578,0.9892289526760578,1763.875,0.0,0.0,65536.0,55410780,200556544,1,True
extra-115,keys,ivf,8192,2440,0,0,16,65536,0.17655,2.4815623182803392,2.4815623182803392,2.4815623182803392,5080.01,0.0,0.0,65536.0,53357460,201621504,1,True
extra-059,keys,ivf,4096,211,0,0,16,65536,0.47625,1.4100000262260437,1.4100000262260437,1.4100000262260437,8179.46,0.0,0.0,65536.0,51988500,189530112,1,True
extra-001,branch,none,1,1,128,4096,0,0,0.9533,60.374499997124076,60.374499997124076,60.374499997124076,66739.75,48004218.75,15995781.25,0.0,72000000,637845504,1,True
extra-087,keys,ivf,4096,4096,0,0,24,65536,0.01645,2.6582912541925907,2.6582912541925907,2.6582912541925907,129.37,0.0,0.0,65536.0,57538580,207437824,1,True
extra-111,keys,ivf,8192,778,0,0,24,65536,0.0523,1.570041524246335,1.570041524246335,1.570041524246335,196.36,0.0,0.0,65536.0,57961500,215973888,1,True
extra-077,keys,ivf,4096,1330,0,0,20,65536,0.0968,2.127104438841343,2.127104438841343,2.127104438841343,1399.88,0.0,0.0,65536.0,55410780,200605696,1,True
extra-080,branch,ivf,4096,4096,32,4096,0,0,0.0,1.061437651515007,1.061437651515007,1.061437651515007,106.0,17626.0,6.0,0.0,76110336,221020160,1,True
extra-069,keys,ivf,4096,467,0,0,20,65536,0.16695,1.4356875326484442,1.4356875326484442,1.4356875326484442,1772.985,0.0,0.0,65536.0,55410780,200458240,1,True
extra-106,keys,ivf,8192,778,0,0,16,4096,0.0666,0.411708140745759,0.411708140745759,0.411708140745759,630.215,0.0,0.0,4096.0,53357460,201506816,1,True
extra-043,keys,ivf,256,256,0,0,16,65536,0.48175,4.435687325894833,4.435687325894833,4.435687325894833,62910.505,0.0,0.0,65536.0,46037980,158990336,1,True
extra-008,branch,ivf,256,12,32,4096,0,0,0.76155,2.0630203653126955,2.0630203653126955,2.0630203653126955,16735.03,202299.285,80595.335,0.0,72272384,192544768,1,True
extra-072,branch,ivf,4096,1330,32,4096,0,0,0.00085,1.1083332356065512,1.1083332356065512,1.1083332356065512,233.98,17629.605,38.66,0.0,76110336,220545024,1,True
extra-002,keys,none,1,1,0,0,16,4096,0.9165,13.595229480415583,13.595229480415583,13.595229480415583,421208.025,0.0,0.0,4096.0,40404640,137805824,1,True
extra-066,keys,ivf,4096,467,0,0,16,4096,0.08755,0.339999794960022,0.339999794960022,0.339999794960022,1078.945,0.0,0.0,4096.0,51988500,189923328,1,True
extra-110,keys,ivf,8192,778,0,0,24,4096,0.0071,0.4132289905101061,0.4132289905101061,0.4132289905101061,17.865,0.0,0.0,4096.0,57961500,216023040,1,True
extra-032,branch,ivf,256,119,32,4096,0,0,0.55035,2.535145962610841,2.535145962610841,2.535145962610841,9930.705,225142.965,43527.055,0.0,72272384,192282624,1,True
extra-044,keys,ivf,256,256,0,0,20,4096,0.0461,0.18625054508447647,0.18625054508447647,0.18625054508447647,850.2,0.0,0.0,4096.0,50736860,173785088,1,True
extra-076,keys,ivf,4096,1330,0,0,20,4096,0.01635,0.38070790469646454,0.38070790469646454,0.38070790469646454,108.065,0.0,0.0,4096.0,55410780,200949760,1,True
extra-096,branch,ivf,8192,353,32,4096,0,0,0.3007,1.2135833967477083,1.2135833967477083,1.2135833967477083,6295.81,9404.02,831.865,0.0,80310784,222920704,1,True
extra-071,keys,ivf,4096,467,0,0,24,65536,0.07075,1.4013333711773157,1.4013333711773157,1.4013333711773157,334.79,0.0,0.0,65536.0,57538580,207388672,1,True
extra-056,branch,ivf,4096,211,32,4096,0,0,0.5415,1.3325628824532032,1.3325628824532032,1.3325628824532032,8313.875,16026.96,2514.425,0.0,76110336,220413952,1,True
extra-054,keys,ivf,4096,72,0,0,24,4096,0.03795,0.15781261026859283,0.15781261026859283,0.15781261026859283,57.37,0.0,0.0,4096.0,57538580,207339520,1,True
extra-124,keys,ivf,8192,8192,0,0,20,4096,0.00455,0.9657081682235003,0.9657081682235003,0.9657081682235003,40.14,0.0,0.0,4096.0,56242800,210534400,1,True
extra-113,branch,ivf,8192,2440,128,4096,0,0,0.4402,5.363854579627514,5.363854579627514,5.363854579627514,143961.955,8093.095,3043.715,0.0,80310784,223166464,1,True
extra-049,branch,ivf,4096,72,128,4096,0,0,0.80005,0.8162916637957096,0.8162916637957096,0.8162916637957096,18106.705,3570.635,2742.27,0.0,76110336,208322560,1,True
extra-103,keys,ivf,8192,353,0,0,24,65536,0.08005,1.2156874872744083,1.2156874872744083,1.2156874872744083,244.15,0.0,0.0,65536.0,57961500,216563712,1,True
