method,clusters,router,setting_id,top_k,probes,repetitions,measurements,complete_processes,complete,qualified,recall,p50_ms,p95_ms,total_query_ms,process_p50_median_ms,process_p50_min_ms,process_p50_max_ms,logical_index_bytes,lifetime_peak_bytes,mean_documents_scored,mean_nodes,mean_bitplane_words,mean_leaf_words,mean_prefix_levels,mean_prefix_lookups,mean_final_depth,original_setting_id,source_study,source_folder,source_ram_budget_bytes,router_stored_fields_bytes,stored_fields_with_router_bytes,mean_opened_rows,opened_rows_scan_setting_id,target,repeat_status,repeat_setting_id,repeat_p50_ms,repeat_p95_ms,repeat_recall,repeat_meets_target,repeat_process_p50_min_ms,repeat_process_p50_max_ms,exploration,seed,leaf_size,node_budget,prefer_deeper_ties,start_depth,candidate_target,stop_when_exact
scan,4096,/Users/vinroger/DATA/STUDY/latihan/about/exa-interview/e2e-inverted-bitplane-project/data/prefix-study-2026-09-13/pools/nomic-msmarco-d64/routers/ivf-binary-4096-seed42,nomic-msmarco-d64-binary::nomic-msmarco-d64-binary-main-s00448,1,5,1,1000,1,True,True,0.506,0.035207998735131696,0.03916905006917659,35.49121097967145,0.035207998735131696,0.035207998735131696,0.035207998735131696,16000000,107053056,1216.902,0.0,0.0,0.0,0.0,0.0,0.0,nomic-msmarco-d64-binary-main-s00448,nomic-msmarco-d64-binary,/Users/vinroger/DATA/STUDY/latihan/about/exa-interview/e2e-inverted-bitplane-project/.worktrees/optima-study/results/prefix-study-2026-09-13/nomic-msmarco-d64-binary,32000000000,1081344,17081344,1216.902,nomic-msmarco-d64-binary::nomic-msmarco-d64-binary-main-s00448,0.5,qualified,nomic-msmarco-d64-binary::nomic-msmarco-d64-binary-main-s00448,0.0362089995178394,0.04033299792354228,0.506,True,0.035270501030026935,0.03691700112540275,,,,,,,,
branch,1024,/Users/vinroger/DATA/STUDY/latihan/about/exa-interview/e2e-inverted-bitplane-project/data/prefix-study-2026-09-13/pools/nomic-msmarco-d64/routers/ivf-1024-seed42,nomic-msmarco-d64::main-s00241,1,3,1,1000,1,True,True,0.501,0.03991700032202061,0.04875210015597986,40.1720959598606,0.03991700032202061,0.03991700032202061,0.03991700032202061,24260096,114819072,2977.957,3.039,1.32,48.163,0.0,0.0,0.0,main-s00241,nomic-msmarco-d64,/Users/vinroger/DATA/STUDY/latihan/about/exa-interview/e2e-inverted-bitplane-project/.worktrees/optima-study/results/prefix-study-2026-09-13/nomic-msmarco-d64,32000000000,270336,24530432,2979.475,nomic-msmarco-d64::main-s00224,0.5,qualified,nomic-msmarco-d64::main-s00241,0.040041000829660334,0.049294050768367,0.501,True,0.03970900070271455,0.04025000089313835,0,42,2048,8192,False,,,
prefix,1024,/Users/vinroger/DATA/STUDY/latihan/about/exa-interview/e2e-inverted-bitplane-project/data/prefix-study-2026-09-13/pools/nomic-msmarco-d64/routers/ivf-binary-1024-seed42,nomic-msmarco-d64-binary::nomic-msmarco-d64-binary-main-s00392,1,3,1,1000,1,True,True,0.503,0.03658300011011306,0.04533299943432212,36.79789296438685,0.03658300011011306,0.03658300011011306,0.03658300011011306,20000000,103694336,2927.925,0.0,0.0,0.0,1.935,6.0,0.065,nomic-msmarco-d64-binary-main-s00392,nomic-msmarco-d64-binary,/Users/vinroger/DATA/STUDY/latihan/about/exa-interview/e2e-inverted-bitplane-project/.worktrees/optima-study/results/prefix-study-2026-09-13/nomic-msmarco-d64-binary,32000000000,270336,20270336,2945.889,nomic-msmarco-d64-binary::nomic-msmarco-d64-binary-main-s00336,0.5,qualified,nomic-msmarco-d64-binary::nomic-msmarco-d64-binary-main-s00392,0.036833000194747,0.0456669986306224,0.503,True,0.036541998269967735,0.03716649916896131,,,,,,1,0,True
scan,4096,/Users/vinroger/DATA/STUDY/latihan/about/exa-interview/e2e-inverted-bitplane-project/data/prefix-study-2026-09-13/pools/nomic-msmarco-d64/routers/ivf-binary-4096-seed42,nomic-msmarco-d64-binary::nomic-msmarco-d64-binary-main-s00449,1,28,1,1000,1,True,True,0.801,0.08924999929149635,0.10491905213712016,89.92720393143827,0.08924999929149635,0.08924999929149635,0.08924999929149635,16000000,107053056,6758.865,0.0,0.0,0.0,0.0,0.0,0.0,nomic-msmarco-d64-binary-main-s00449,nomic-msmarco-d64-binary,/Users/vinroger/DATA/STUDY/latihan/about/exa-interview/e2e-inverted-bitplane-project/.worktrees/optima-study/results/prefix-study-2026-09-13/nomic-msmarco-d64-binary,32000000000,1081344,17081344,6758.865,nomic-msmarco-d64-binary::nomic-msmarco-d64-binary-main-s00449,0.8,qualified,nomic-msmarco-d64-binary::nomic-msmarco-d64-binary-main-s00449,0.09029200009535998,0.10483305122761521,0.801,True,0.08866600001056213,0.09118749949266203,,,,,,,,
branch,4096,/Users/vinroger/DATA/STUDY/latihan/about/exa-interview/e2e-inverted-bitplane-project/data/prefix-study-2026-09-13/pools/nomic-msmarco-d64/routers/ivf-binary-4096-seed42,nomic-msmarco-d64-binary::nomic-msmarco-d64-binary-main-s00467,1,28,1,1000,1,True,True,0.801,0.09929199950420298,0.11534554778336313,99.84407298543374,0.09929199950420298,0.09929199950420298,0.09929199950420298,25026560,116899840,6758.865,28.0,0.0,119.19,0.0,0.0,0.0,nomic-msmarco-d64-binary-main-s00467,nomic-msmarco-d64-binary,/Users/vinroger/DATA/STUDY/latihan/about/exa-interview/e2e-inverted-bitplane-project/.worktrees/optima-study/results/prefix-study-2026-09-13/nomic-msmarco-d64-binary,32000000000,1081344,26107904,6758.865,nomic-msmarco-d64-binary::nomic-msmarco-d64-binary-main-s00449,0.8,qualified,nomic-msmarco-d64-binary::nomic-msmarco-d64-binary-main-s00467,0.09802099884836935,0.11420805003581336,0.801,True,0.09662500087870285,0.09929200132319238,0,42,2048,8192,False,,,
prefix,4096,/Users/vinroger/DATA/STUDY/latihan/about/exa-interview/e2e-inverted-bitplane-project/data/prefix-study-2026-09-13/pools/nomic-msmarco-d64/routers/ivf-binary-4096-seed42,nomic-msmarco-d64-binary::nomic-msmarco-d64-binary-main-s00511,1,28,1,1000,1,True,True,0.801,0.09095799941860605,0.10563125015323749,91.27301102489582,0.09095799941860605,0.09095799941860605,0.09095799941860605,20000000,104251392,6758.865,0.0,0.0,0.0,1.0,0.0,0.0,nomic-msmarco-d64-binary-main-s00511,nomic-msmarco-d64-binary,/Users/vinroger/DATA/STUDY/latihan/about/exa-interview/e2e-inverted-bitplane-project/.worktrees/optima-study/results/prefix-study-2026-09-13/nomic-msmarco-d64-binary,32000000000,1081344,21081344,6758.865,nomic-msmarco-d64-binary::nomic-msmarco-d64-binary-main-s00449,0.8,qualified,nomic-msmarco-d64-binary::nomic-msmarco-d64-binary-main-s00511,0.09020800280268304,0.10554199980106205,0.801,True,0.08937500024330802,0.09068699910130817,,,,,,0,0,False
scan,4096,/Users/vinroger/DATA/STUDY/latihan/about/exa-interview/e2e-inverted-bitplane-project/data/prefix-study-2026-09-13/pools/nomic-msmarco-d64/routers/ivf-binary-4096-seed42,nomic-msmarco-d64-binary::nomic-msmarco-d64-binary-main-s00450,1,60,1,1000,1,True,True,0.901,0.16672949823259842,0.19497885004966517,166.7143929298618,0.16672949823259842,0.16672949823259842,0.16672949823259842,16000000,107560960,14475.418,0.0,0.0,0.0,0.0,0.0,0.0,nomic-msmarco-d64-binary-main-s00450,nomic-msmarco-d64-binary,/Users/vinroger/DATA/STUDY/latihan/about/exa-interview/e2e-inverted-bitplane-project/.worktrees/optima-study/results/prefix-study-2026-09-13/nomic-msmarco-d64-binary,32000000000,1081344,17081344,14475.418,nomic-msmarco-d64-binary::nomic-msmarco-d64-binary-main-s00450,0.9,qualified,nomic-msmarco-d64-binary::nomic-msmarco-d64-binary-main-s00450,0.1661455007706536,0.1939190997291007,0.901,True,0.16566700105613563,0.16656250045343768,,,,,,,,
branch,64,/Users/vinroger/DATA/STUDY/latihan/about/exa-interview/e2e-inverted-bitplane-project/data/prefix-study-2026-09-13/pools/nomic-msmarco-d64/routers/ivf-64-seed42,nomic-msmarco-d64::main-s00063,1,15,1,1000,1,True,True,0.924,0.26356250054959673,0.2982110507218749,259.9216210801387,0.26356250054959673,0.26356250054959673,0.26356250054959673,24015872,101105664,1389.31,500.775,105271.822,20726.76,0.0,0.0,0.0,main-s00063,nomic-msmarco-d64,/Users/vinroger/DATA/STUDY/latihan/about/exa-interview/e2e-inverted-bitplane-project/.worktrees/optima-study/results/prefix-study-2026-09-13/nomic-msmarco-d64,32000000000,16896,24032768,235776.79,nomic-msmarco-d64::main-s00035,0.9,qualified,nomic-msmarco-d64::main-s00063,0.2594170000520535,0.36912710220349254,0.924,True,0.25810450097196735,0.2610420015116688,0,42,32,512,True,,,
prefix,4096,/Users/vinroger/DATA/STUDY/latihan/about/exa-interview/e2e-inverted-bitplane-project/data/prefix-study-2026-09-13/pools/nomic-msmarco-d64/routers/ivf-binary-4096-seed42,nomic-msmarco-d64-binary::nomic-msmarco-d64-binary-main-s00512,1,60,1,1000,1,True,True,0.901,0.17260450113099068,0.19914169915864474,172.08697901514824,0.17260450113099068,0.17260450113099068,0.17260450113099068,20000000,104415232,14365.447,0.0,0.0,0.0,1.925,120.0,0.075,nomic-msmarco-d64-binary-main-s00512,nomic-msmarco-d64-binary,/Users/vinroger/DATA/STUDY/latihan/about/exa-interview/e2e-inverted-bitplane-project/.worktrees/optima-study/results/prefix-study-2026-09-13/nomic-msmarco-d64-binary,32000000000,1081344,21081344,14475.418,nomic-msmarco-d64-binary::nomic-msmarco-d64-binary-main-s00450,0.9,qualified,nomic-msmarco-d64-binary::nomic-msmarco-d64-binary-main-s00512,0.17068799934349954,0.1967110492842039,0.901,True,0.16895799853955396,0.1734160014166264,,,,,,1,0,True
scan,4096,/Users/vinroger/DATA/STUDY/latihan/about/exa-interview/e2e-inverted-bitplane-project/data/prefix-study-2026-09-13/pools/nomic-msmarco-d64/routers/ivf-binary-4096-seed42,nomic-msmarco-d64-binary::nomic-msmarco-d64-binary-main-s00451,1,123,1,1000,1,True,True,0.951,0.3219999998691492,0.3756249972866499,321.95820897686644,0.3219999998691492,0.3219999998691492,0.3219999998691492,16000000,107560960,29700.991,0.0,0.0,0.0,0.0,0.0,0.0,nomic-msmarco-d64-binary-main-s00451,nomic-msmarco-d64-binary,/Users/vinroger/DATA/STUDY/latihan/about/exa-interview/e2e-inverted-bitplane-project/.worktrees/optima-study/results/prefix-study-2026-09-13/nomic-msmarco-d64-binary,32000000000,1081344,17081344,29700.991,nomic-msmarco-d64-binary::nomic-msmarco-d64-binary-main-s00451,0.95,qualified,nomic-msmarco-d64-binary::nomic-msmarco-d64-binary-main-s00451,0.3202084990334697,0.3728351010067854,0.951,True,0.3185420009685913,0.32268749782815576,,,,,,,,
branch,4096,/Users/vinroger/DATA/STUDY/latihan/about/exa-interview/e2e-inverted-bitplane-project/data/prefix-study-2026-09-13/pools/nomic-msmarco-d64/routers/ivf-binary-4096-seed42,nomic-msmarco-d64-binary::nomic-msmarco-d64-binary-main-s00473,1,123,1,1000,1,True,True,0.951,0.3470619994914159,0.4047541506224661,347.08432403203915,0.3470619994914159,0.3470619994914159,0.3470619994914159,25026560,116719616,29700.991,123.0,0.0,523.872,0.0,0.0,0.0,nomic-msmarco-d64-binary-main-s00473,nomic-msmarco-d64-binary,/Users/vinroger/DATA/STUDY/latihan/about/exa-interview/e2e-inverted-bitplane-project/.worktrees/optima-study/results/prefix-study-2026-09-13/nomic-msmarco-d64-binary,32000000000,1081344,26107904,29700.991,nomic-msmarco-d64-binary::nomic-msmarco-d64-binary-main-s00451,0.95,qualified,nomic-msmarco-d64-binary::nomic-msmarco-d64-binary-main-s00473,0.3451664997555781,0.4044190518470714,0.951,True,0.34289550058019813,0.34699999923759606,0,42,2048,8192,False,,,
prefix,4096,/Users/vinroger/DATA/STUDY/latihan/about/exa-interview/e2e-inverted-bitplane-project/data/prefix-study-2026-09-13/pools/nomic-msmarco-d64/routers/ivf-binary-4096-seed42,nomic-msmarco-d64-binary::nomic-msmarco-d64-binary-main-s00516,1,123,1,1000,1,True,True,0.951,0.3344169999763835,0.38337710157065885,333.5453669678827,0.3344169999763835,0.3344169999763835,0.3344169999763835,20000000,104660992,29465.789,0.0,0.0,0.0,1.925,246.0,0.075,nomic-msmarco-d64-binary-main-s00516,nomic-msmarco-d64-binary,/Users/vinroger/DATA/STUDY/latihan/about/exa-interview/e2e-inverted-bitplane-project/.worktrees/optima-study/results/prefix-study-2026-09-13/nomic-msmarco-d64-binary,32000000000,1081344,21081344,29700.991,nomic-msmarco-d64-binary::nomic-msmarco-d64-binary-main-s00451,0.95,qualified,nomic-msmarco-d64-binary::nomic-msmarco-d64-binary-main-s00516,0.33089600219682325,0.379542001610389,0.951,True,0.3292920009698719,0.33197950142493937,,,,,,1,0,True
scan,4096,/Users/vinroger/DATA/STUDY/latihan/about/exa-interview/e2e-inverted-bitplane-project/data/prefix-study-2026-09-13/pools/nomic-msmarco-d64/routers/ivf-binary-4096-seed42,nomic-msmarco-d64-binary::nomic-msmarco-d64-binary-main-s00452,1,420,1,1000,1,True,True,0.99,1.0082500011776574,1.1456919499323703,1008.4572559826483,1.0082500011776574,1.0082500011776574,1.0082500011776574,16000000,107151360,102181.375,0.0,0.0,0.0,0.0,0.0,0.0,nomic-msmarco-d64-binary-main-s00452,nomic-msmarco-d64-binary,/Users/vinroger/DATA/STUDY/latihan/about/exa-interview/e2e-inverted-bitplane-project/.worktrees/optima-study/results/prefix-study-2026-09-13/nomic-msmarco-d64-binary,32000000000,1081344,17081344,102181.375,nomic-msmarco-d64-binary::nomic-msmarco-d64-binary-main-s00452,0.99,qualified,nomic-msmarco-d64-binary::nomic-msmarco-d64-binary-main-s00452,0.9982495012081927,1.1334104472553006,0.99,True,0.9919165022438392,1.0043335023510735,,,,,,,,
branch,1024,/Users/vinroger/DATA/STUDY/latihan/about/exa-interview/e2e-inverted-bitplane-project/data/prefix-study-2026-09-13/pools/nomic-msmarco-d64/routers/ivf-binary-1024-seed42,nomic-msmarco-d64-binary::nomic-msmarco-d64-binary-main-s00364,1,196,1,1000,1,True,True,0.99,1.7542710011184681,2.006685099513561,1763.1389239504642,1.7542710011184681,1.7542710011184681,1.7542710011184681,24267776,116047872,191632.02,196.283,7.31,3096.036,0.0,0.0,0.0,nomic-msmarco-d64-binary-main-s00364,nomic-msmarco-d64-binary,/Users/vinroger/DATA/STUDY/latihan/about/exa-interview/e2e-inverted-bitplane-project/.worktrees/optima-study/results/prefix-study-2026-09-13/nomic-msmarco-d64-binary,32000000000,270336,24538112,191646.321,nomic-msmarco-d64-binary::nomic-msmarco-d64-binary-main-s00340,0.99,qualified,nomic-msmarco-d64-binary::nomic-msmarco-d64-binary-main-s00364,1.7641250015003607,2.0229651974659646,0.99,True,1.7616664990782738,1.7675835006230045,0,42,2048,8192,False,,,
prefix,4096,/Users/vinroger/DATA/STUDY/latihan/about/exa-interview/e2e-inverted-bitplane-project/data/prefix-study-2026-09-13/pools/nomic-msmarco-d64/routers/ivf-binary-4096-seed42,nomic-msmarco-d64-binary::nomic-msmarco-d64-binary-main-s00520,1,420,1,1000,1,True,True,0.99,1.0375834990554722,1.1559125010535354,1034.834809062886,1.0375834990554722,1.0375834990554722,1.0375834990554722,20000000,105381888,101229.337,0.0,0.0,0.0,1.925,840.0,0.075,nomic-msmarco-d64-binary-main-s00520,nomic-msmarco-d64-binary,/Users/vinroger/DATA/STUDY/latihan/about/exa-interview/e2e-inverted-bitplane-project/.worktrees/optima-study/results/prefix-study-2026-09-13/nomic-msmarco-d64-binary,32000000000,1081344,21081344,102181.375,nomic-msmarco-d64-binary::nomic-msmarco-d64-binary-main-s00452,0.99,qualified,nomic-msmarco-d64-binary::nomic-msmarco-d64-binary-main-s00520,1.0319374996470287,1.1493170019093666,0.99,True,1.0247289992548758,1.0356249986216426,,,,,,1,0,True
scan,4096,/Users/vinroger/DATA/STUDY/latihan/about/exa-interview/e2e-inverted-bitplane-project/data/prefix-study-2026-09-13/pools/nomic-msmarco-d64/routers/ivf-binary-4096-seed42,nomic-msmarco-d64-binary::nomic-msmarco-d64-binary-main-s00455,100,17,1,1000,1,True,True,0.50894,0.09077049980987795,0.10216909959126497,90.8980530257395,0.09077049980987795,0.09077049980987795,0.09077049980987795,16000000,107560960,4114.464,0.0,0.0,0.0,0.0,0.0,0.0,nomic-msmarco-d64-binary-main-s00455,nomic-msmarco-d64-binary,/Users/vinroger/DATA/STUDY/latihan/about/exa-interview/e2e-inverted-bitplane-project/.worktrees/optima-study/results/prefix-study-2026-09-13/nomic-msmarco-d64-binary,32000000000,1081344,17081344,4114.464,nomic-msmarco-d64-binary::nomic-msmarco-d64-binary-main-s00455,0.5,qualified,nomic-msmarco-d64-binary::nomic-msmarco-d64-binary-main-s00455,0.09008350025396794,0.1016270489344606,0.50894,True,0.08981249993667006,0.09054149995790794,,,,,,,,
branch,4096,/Users/vinroger/DATA/STUDY/latihan/about/exa-interview/e2e-inverted-bitplane-project/data/prefix-study-2026-09-13/pools/nomic-msmarco-d64/routers/ivf-binary-4096-seed42,nomic-msmarco-d64-binary::nomic-msmarco-d64-binary-main-s00485,100,17,1,1000,1,True,True,0.50894,0.09637500079406891,0.11013330167770617,96.93904992673197,0.09637500079406891,0.09637500079406891,0.09637500079406891,25026560,116539392,4114.464,17.0,0.0,72.53,0.0,0.0,0.0,nomic-msmarco-d64-binary-main-s00485,nomic-msmarco-d64-binary,/Users/vinroger/DATA/STUDY/latihan/about/exa-interview/e2e-inverted-bitplane-project/.worktrees/optima-study/results/prefix-study-2026-09-13/nomic-msmarco-d64-binary,32000000000,1081344,26107904,4114.464,nomic-msmarco-d64-binary::nomic-msmarco-d64-binary-main-s00455,0.5,qualified,nomic-msmarco-d64-binary::nomic-msmarco-d64-binary-main-s00485,0.09570899965183344,0.10791699969558977,0.50894,True,0.09525000132271089,0.0959999997576233,0,42,2048,8192,False,,,
prefix,1024,/Users/vinroger/DATA/STUDY/latihan/about/exa-interview/e2e-inverted-bitplane-project/data/prefix-study-2026-09-13/pools/nomic-msmarco-d64/routers/ivf-binary-1024-seed42,nomic-msmarco-d64-binary::nomic-msmarco-d64-binary-main-s00421,100,8,1,1000,1,True,True,0.50931,0.10731200018199161,0.13029824913246557,108.49802501616068,0.10731200018199161,0.10731200018199161,0.10731200018199161,20000000,103333888,7788.238,0.0,0.0,0.0,4.998,64.0,0.002,nomic-msmarco-d64-binary-main-s00421,nomic-msmarco-d64-binary,/Users/vinroger/DATA/STUDY/latihan/about/exa-interview/e2e-inverted-bitplane-project/.worktrees/optima-study/results/prefix-study-2026-09-13/nomic-msmarco-d64-binary,32000000000,270336,20270336,7789.116,nomic-msmarco-d64-binary::nomic-msmarco-d64-binary-main-s00343,0.5,qualified,nomic-msmarco-d64-binary::nomic-msmarco-d64-binary-main-s00421,0.10962499982269946,0.13354615184653082,0.50931,True,0.10883399954764172,0.11052050103899091,,,,,,4,0,True
scan,4096,/Users/vinroger/DATA/STUDY/latihan/about/exa-interview/e2e-inverted-bitplane-project/data/prefix-study-2026-09-13/pools/nomic-msmarco-d64/routers/ivf-binary-4096-seed42,nomic-msmarco-d64-binary::nomic-msmarco-d64-binary-main-s00456,100,89,1,1000,1,True,True,0.80059,0.2602499989734497,0.3006069007824408,260.5623719646246,0.2602499989734497,0.2602499989734497,0.2602499989734497,16000000,107053056,21470.908,0.0,0.0,0.0,0.0,0.0,0.0,nomic-msmarco-d64-binary-main-s00456,nomic-msmarco-d64-binary,/Users/vinroger/DATA/STUDY/latihan/about/exa-interview/e2e-inverted-bitplane-project/.worktrees/optima-study/results/prefix-study-2026-09-13/nomic-msmarco-d64-binary,32000000000,1081344,17081344,21470.908,nomic-msmarco-d64-binary::nomic-msmarco-d64-binary-main-s00456,0.8,qualified,nomic-msmarco-d64-binary::nomic-msmarco-d64-binary-main-s00456,0.2622920001158491,0.30229729873099126,0.80059,True,0.25981249928008765,0.26412499937578104,,,,,,,,
branch,4096,/Users/vinroger/DATA/STUDY/latihan/about/exa-interview/e2e-inverted-bitplane-project/data/prefix-study-2026-09-13/pools/nomic-msmarco-d64/routers/ivf-binary-4096-seed42,nomic-msmarco-d64-binary::nomic-msmarco-d64-binary-main-s00488,100,89,1,1000,1,True,True,0.80059,0.2819170003931504,0.32531489960092586,282.8420070181892,0.2819170003931504,0.2819170003931504,0.2819170003931504,25026560,116490240,21470.908,89.0,0.0,378.729,0.0,0.0,0.0,nomic-msmarco-d64-binary-main-s00488,nomic-msmarco-d64-binary,/Users/vinroger/DATA/STUDY/latihan/about/exa-interview/e2e-inverted-bitplane-project/.worktrees/optima-study/results/prefix-study-2026-09-13/nomic-msmarco-d64-binary,32000000000,1081344,26107904,21470.908,nomic-msmarco-d64-binary::nomic-msmarco-d64-binary-main-s00456,0.8,qualified,nomic-msmarco-d64-binary::nomic-msmarco-d64-binary-main-s00488,0.27916699946217705,0.3214211492377217,0.80059,True,0.278061999779311,0.28077050228603184,0,42,2048,8192,False,,,
prefix,4096,/Users/vinroger/DATA/STUDY/latihan/about/exa-interview/e2e-inverted-bitplane-project/data/prefix-study-2026-09-13/pools/nomic-msmarco-d64/routers/ivf-binary-4096-seed42,nomic-msmarco-d64-binary::nomic-msmarco-d64-binary-main-s00539,100,89,1,1000,1,True,True,0.80059,0.2583130008133594,0.2985461496791686,259.56969903199933,0.2583130008133594,0.2583130008133594,0.2583130008133594,20000000,104415232,21470.908,0.0,0.0,0.0,1.0,0.0,0.0,nomic-msmarco-d64-binary-main-s00539,nomic-msmarco-d64-binary,/Users/vinroger/DATA/STUDY/latihan/about/exa-interview/e2e-inverted-bitplane-project/.worktrees/optima-study/results/prefix-study-2026-09-13/nomic-msmarco-d64-binary,32000000000,1081344,21081344,21470.908,nomic-msmarco-d64-binary::nomic-msmarco-d64-binary-main-s00456,0.8,qualified,nomic-msmarco-d64-binary::nomic-msmarco-d64-binary-main-s00539,0.2573750007286435,0.29737499808106804,0.80059,True,0.25406250097148586,0.2606249981909059,,,,,,0,0,False
scan,4096,/Users/vinroger/DATA/STUDY/latihan/about/exa-interview/e2e-inverted-bitplane-project/data/prefix-study-2026-09-13/pools/nomic-msmarco-d64/routers/ivf-binary-4096-seed42,nomic-msmarco-d64-binary::nomic-msmarco-d64-binary-main-s00457,100,190,1,1000,1,True,True,0.90103,0.513478998982464,0.5921722477069125,514.6848180265806,0.513478998982464,0.513478998982464,0.513478998982464,16000000,106987520,45982.86,0.0,0.0,0.0,0.0,0.0,0.0,nomic-msmarco-d64-binary-main-s00457,nomic-msmarco-d64-binary,/Users/vinroger/DATA/STUDY/latihan/about/exa-interview/e2e-inverted-bitplane-project/.worktrees/optima-study/results/prefix-study-2026-09-13/nomic-msmarco-d64-binary,32000000000,1081344,17081344,45982.86,nomic-msmarco-d64-binary::nomic-msmarco-d64-binary-main-s00457,0.9,qualified,nomic-msmarco-d64-binary::nomic-msmarco-d64-binary-main-s00457,0.505812498886371,0.5802930982099497,0.90103,True,0.5036670008848887,0.5079790007584961,,,,,,,,
branch,1024,/Users/vinroger/DATA/STUDY/latihan/about/exa-interview/e2e-inverted-bitplane-project/data/prefix-study-2026-09-13/pools/nomic-msmarco-d64/routers/ivf-binary-1024-seed42,nomic-msmarco-d64-binary::nomic-msmarco-d64-binary-main-s00379,100,78,1,1000,1,True,True,0.90106,0.7510829982493306,0.8917191011278192,757.2541189510957,0.7510829982493306,0.7510829982493306,0.7510829982493306,24267776,115965952,75868.667,78.12,2.482,1226.461,0.0,0.0,0.0,nomic-msmarco-d64-binary-main-s00379,nomic-msmarco-d64-binary,/Users/vinroger/DATA/STUDY/latihan/about/exa-interview/e2e-inverted-bitplane-project/.worktrees/optima-study/results/prefix-study-2026-09-13/nomic-msmarco-d64-binary,32000000000,270336,24538112,75868.667,nomic-msmarco-d64-binary::nomic-msmarco-d64-binary-main-s00345,0.9,qualified,nomic-msmarco-d64-binary::nomic-msmarco-d64-binary-main-s00379,0.7407704997604014,0.8854232009980478,0.90106,True,0.7258540008479031,0.7484380021196557,0,42,2048,8192,False,,,
prefix,4096,/Users/vinroger/DATA/STUDY/latihan/about/exa-interview/e2e-inverted-bitplane-project/data/prefix-study-2026-09-13/pools/nomic-msmarco-d64/routers/ivf-binary-4096-seed42,nomic-msmarco-d64-binary::nomic-msmarco-d64-binary-main-s00540,100,190,1,1000,1,True,True,0.90103,0.5245209995337063,0.5954021004072274,523.7836080486886,0.5245209995337063,0.5245209995337063,0.5245209995337063,20000000,105381888,45976.508,0.0,0.0,0.0,1.998,380.0,0.002,nomic-msmarco-d64-binary-main-s00540,nomic-msmarco-d64-binary,/Users/vinroger/DATA/STUDY/latihan/about/exa-interview/e2e-inverted-bitplane-project/.worktrees/optima-study/results/prefix-study-2026-09-13/nomic-msmarco-d64-binary,32000000000,1081344,21081344,45982.86,nomic-msmarco-d64-binary::nomic-msmarco-d64-binary-main-s00457,0.9,qualified,nomic-msmarco-d64-binary::nomic-msmarco-d64-binary-main-s00540,0.525313000252936,0.6009201988490531,0.90103,True,0.5231249997450504,0.5271669997455319,,,,,,1,0,True
scan,4096,/Users/vinroger/DATA/STUDY/latihan/about/exa-interview/e2e-inverted-bitplane-project/data/prefix-study-2026-09-13/pools/nomic-msmarco-d64/routers/ivf-binary-4096-seed42,nomic-msmarco-d64-binary::nomic-msmarco-d64-binary-main-s00458,100,333,1,1000,1,True,True,0.95013,0.8372704996872926,0.9503454968580627,836.1773790493316,0.8372704996872926,0.8372704996872926,0.8372704996872926,16000000,107102208,80876.209,0.0,0.0,0.0,0.0,0.0,0.0,nomic-msmarco-d64-binary-main-s00458,nomic-msmarco-d64-binary,/Users/vinroger/DATA/STUDY/latihan/about/exa-interview/e2e-inverted-bitplane-project/.worktrees/optima-study/results/prefix-study-2026-09-13/nomic-msmarco-d64-binary,32000000000,1081344,17081344,80876.209,nomic-msmarco-d64-binary::nomic-msmarco-d64-binary-main-s00458,0.95,qualified,nomic-msmarco-d64-binary::nomic-msmarco-d64-binary-main-s00458,0.8358749983017333,0.9487909994277288,0.95013,True,0.8294164999824716,0.842499999635038,,,,,,,,
branch,4096,/Users/vinroger/DATA/STUDY/latihan/about/exa-interview/e2e-inverted-bitplane-project/data/prefix-study-2026-09-13/pools/nomic-msmarco-d64/routers/ivf-binary-4096-seed42,nomic-msmarco-d64-binary::nomic-msmarco-d64-binary-main-s00494,100,333,1,1000,1,True,True,0.95013,0.9005000010802178,1.0255524019157747,901.6818600721308,0.9005000010802178,0.9005000010802178,0.9005000010802178,25026560,116490240,80876.209,333.0,0.0,1425.568,0.0,0.0,0.0,nomic-msmarco-d64-binary-main-s00494,nomic-msmarco-d64-binary,/Users/vinroger/DATA/STUDY/latihan/about/exa-interview/e2e-inverted-bitplane-project/.worktrees/optima-study/results/prefix-study-2026-09-13/nomic-msmarco-d64-binary,32000000000,1081344,26107904,80876.209,nomic-msmarco-d64-binary::nomic-msmarco-d64-binary-main-s00458,0.95,qualified,nomic-msmarco-d64-binary::nomic-msmarco-d64-binary-main-s00494,0.8983959996839985,1.0188434480369324,0.95013,True,0.8950414976425236,0.9032084999489598,0,42,2048,8192,False,,,
prefix,4096,/Users/vinroger/DATA/STUDY/latihan/about/exa-interview/e2e-inverted-bitplane-project/data/prefix-study-2026-09-13/pools/nomic-msmarco-d64/routers/ivf-binary-4096-seed42,nomic-msmarco-d64-binary::nomic-msmarco-d64-binary-main-s00547,100,333,1,1000,1,True,True,0.95013,0.8255835000454681,0.939586851563945,824.9810790039191,0.8255835000454681,0.8255835000454681,0.8255835000454681,20000000,104398848,80876.209,0.0,0.0,0.0,1.0,0.0,0.0,nomic-msmarco-d64-binary-main-s00547,nomic-msmarco-d64-binary,/Users/vinroger/DATA/STUDY/latihan/about/exa-interview/e2e-inverted-bitplane-project/.worktrees/optima-study/results/prefix-study-2026-09-13/nomic-msmarco-d64-binary,32000000000,1081344,21081344,80876.209,nomic-msmarco-d64-binary::nomic-msmarco-d64-binary-main-s00458,0.95,qualified,nomic-msmarco-d64-binary::nomic-msmarco-d64-binary-main-s00547,0.8226669997384306,0.9380586479892371,0.95013,True,0.8174585000233492,0.8266874974651728,,,,,,0,0,False
scan,4096,/Users/vinroger/DATA/STUDY/latihan/about/exa-interview/e2e-inverted-bitplane-project/data/prefix-study-2026-09-13/pools/nomic-msmarco-d64/routers/ivf-binary-4096-seed42,nomic-msmarco-d64-binary::nomic-msmarco-d64-binary-main-s00459,100,812,1,1000,1,True,True,0.99001,1.908395999635104,2.1001857492592535,1912.1898990124464,1.908395999635104,1.908395999635104,1.908395999635104,16000000,107102208,198350.723,0.0,0.0,0.0,0.0,0.0,0.0,nomic-msmarco-d64-binary-main-s00459,nomic-msmarco-d64-binary,/Users/vinroger/DATA/STUDY/latihan/about/exa-interview/e2e-inverted-bitplane-project/.worktrees/optima-study/results/prefix-study-2026-09-13/nomic-msmarco-d64-binary,32000000000,1081344,17081344,198350.723,nomic-msmarco-d64-binary::nomic-msmarco-d64-binary-main-s00459,0.99,qualified,nomic-msmarco-d64-binary::nomic-msmarco-d64-binary-main-s00459,1.9148745013808366,2.1077121982671088,0.99001,True,1.903479498650995,1.9262085006630514,,,,,,,,
branch,4096,/Users/vinroger/DATA/STUDY/latihan/about/exa-interview/e2e-inverted-bitplane-project/data/prefix-study-2026-09-13/pools/nomic-msmarco-d64/routers/ivf-binary-4096-seed42,nomic-msmarco-d64-binary::nomic-msmarco-d64-binary-main-s00497,100,812,1,1000,1,True,True,0.99001,2.074874999379972,2.2674354526316165,2069.6603389442316,2.074874999379972,2.074874999379972,2.074874999379972,25026560,116686848,198350.723,812.0,0.0,3494.7,0.0,0.0,0.0,nomic-msmarco-d64-binary-main-s00497,nomic-msmarco-d64-binary,/Users/vinroger/DATA/STUDY/latihan/about/exa-interview/e2e-inverted-bitplane-project/.worktrees/optima-study/results/prefix-study-2026-09-13/nomic-msmarco-d64-binary,32000000000,1081344,26107904,198350.723,nomic-msmarco-d64-binary::nomic-msmarco-d64-binary-main-s00459,0.99,qualified,nomic-msmarco-d64-binary::nomic-msmarco-d64-binary-main-s00497,2.071291501124506,2.2739190515494556,0.99001,True,2.0618540002033114,2.0781459988938877,0,42,2048,8192,False,,,
prefix,4096,/Users/vinroger/DATA/STUDY/latihan/about/exa-interview/e2e-inverted-bitplane-project/data/prefix-study-2026-09-13/pools/nomic-msmarco-d64/routers/ivf-binary-4096-seed42,nomic-msmarco-d64-binary::nomic-msmarco-d64-binary-main-s00551,100,812,1,1000,1,True,True,0.99001,1.8658335011423333,2.05649999788875,1862.8111169782642,1.8658335011423333,1.8658335011423333,1.8658335011423333,20000000,104251392,198350.723,0.0,0.0,0.0,1.0,0.0,0.0,nomic-msmarco-d64-binary-main-s00551,nomic-msmarco-d64-binary,/Users/vinroger/DATA/STUDY/latihan/about/exa-interview/e2e-inverted-bitplane-project/.worktrees/optima-study/results/prefix-study-2026-09-13/nomic-msmarco-d64-binary,32000000000,1081344,21081344,198350.723,nomic-msmarco-d64-binary::nomic-msmarco-d64-binary-main-s00459,0.99,qualified,nomic-msmarco-d64-binary::nomic-msmarco-d64-binary-main-s00551,1.8746249988907948,2.072052399853419,0.99001,True,1.8683334983506938,1.8824994986061938,,,,,,0,0,False
