setting_id,documents,method,router,clusters,probes,node_budget,leaf_size,key_bits,candidate_target,exploration,seeds,recall,recall_low,p50_ms,p95_ms,sources,lifetime_peak_bytes
s0000,100000,keys,direct,16,3,0,0,12,0,0,0,0.867,0.8535,0.042229192331433296,0.0700979959219694,1,60194816
s0001,100000,keys,ivf,16,16,0,0,12,0,0,0,1.0,1.0,0.04041660577058792,0.07262013386934994,1,59686912
s0002,100000,branch,ivf,16,16,0,1024,0,0,0,0,1.0,1.0,1.4423960819840431,1.5815246384590864,1,62439424
s0003,100000,keys,none,1,1,0,0,16,0,0,0,1.0,1.0,0.027666566893458366,0.045013776980340474,1,58638336
s0004,100000,keys,ivf,16,15,0,0,8,0,0,0,0.9715,0.96,0.13345852494239807,0.1891986466944217,1,57507840
s0005,100000,branch,ivf,16,15,0,2048,0,0,0,0,0.9715,0.9599875,1.885541481897235,1.929501537233591,1,61833216
s0006,100000,branch,sign,4096,13,0,512,0,0,0,0,1.0,1.0,0.04645809531211853,0.061398209072649465,1,69615616
s0007,100000,scan,ivf,256,143,0,0,0,0,0,0,0.8,0.784,1.497666584327817,1.583504187874496,1,62980096
s0008,100000,keys,ivf,256,209,0,0,8,0,0,0,0.9515,0.9385,0.22993795573711395,0.4135791677981614,1,61014016
s0009,100000,keys,ivf,16,15,0,0,4,0,0,0,0.9715,0.96,0.8552290964871645,0.8845228236168623,1,56786944
s0010,100000,branch,sign,256,9,0,512,0,0,0,0,1.0,1.0,0.11933338828384876,0.1334938686341047,1,66781184
s0011,1000000,branch,ivf,8192,8124,0,128,0,0,0,0,1.0,1.0,24.876166367903352,25.83828761707991,1,234012672
s0012,100000,keys,ivf,8192,5203,0,0,13,0,0,0,0.95,0.9409875,1.6153540927916765,1.7012911150231955,1,81149952
s0013,100000,branch,direct,16,3,0,2048,0,0,0,0,0.867,0.8524875000000001,0.2268124371767044,0.24508326314389706,1,61603840
s0014,1000000,keys,ivf,8192,5688,0,0,8,0,0,0,0.95,0.94,1.640604343265295,2.0285921869799495,1,204275712
s0015,100000,scan,ivf,256,256,0,0,0,0,0,0,1.0,1.0,2.5479586329311132,2.729581040330231,1,63373312
s0016,1000000,keys,ivf,8192,3498,0,0,12,0,0,0,0.8,0.782,1.1956039816141129,2.134029380977154,1,223444992
s0017,100000,branch,ivf,256,240,0,4096,0,0,0,0,0.99,0.9844875000000001,2.4648543912917376,2.510541235096752,1,64438272
s0018,100000,keys,none,1,1,0,0,4,0,0,0,1.0,1.0,0.8728124666959047,0.902096158824861,1,56197120
s0019,1000000,branch,none,1,1,0,2048,0,0,0,0,1.0,1.0,0.25081238709390163,0.3627873258665204,1,184877056
s0020,1000000,keys,ivf,16,11,0,0,12,0,0,0,0.821,0.807,0.029667047783732414,0.12021854054182768,1,133922816
s0021,1000000,branch,ivf,16,13,0,128,0,0,0,0,0.9075,0.896,0.22712512873113155,0.3495958633720847,1,171802624
s0022,1000000,keys,ivf,16,13,0,0,8,0,0,0,0.9075,0.8955,0.12412457726895809,0.17317510209977427,1,130498560
s0023,1000000,keys,ivf,8192,8124,0,0,12,0,0,0,1.0,1.0,1.0366037022322416,1.0751597583293915,1,223379456
s0024,100000,branch,ivf,256,240,0,512,0,0,0,0,0.99,0.9845,2.457291353493929,2.533069043420255,1,66371584
s0025,100000,keys,direct,256,8,0,0,8,0,0,0,0.937,0.9255,0.04427041858434677,0.05762025248259306,1,61603840
s0026,100000,branch,direct,16,5,0,4096,0,0,0,0,1.0,1.0,0.523395836353302,0.5568208172917366,1,61636608
s0027,1000000,branch,ivf,256,181,0,4096,0,0,0,0,0.9015,0.889,17.900166334584355,18.294148449786007,1,190513152
s0028,100000,scan,ivf,16,14,0,0,0,0,0,0,0.94,0.9255,2.3515624925494194,2.3836439941078424,1,58966016
s0029,100000,branch,ivf,8192,5203,0,1024,0,0,0,0,0.95,0.9395,2.7504994068294764,2.936379099264741,1,94535680
s0030,1000000,branch,ivf,4096,3064,0,4096,0,0,0,0,0.95,0.939,19.99185443855822,21.30967089906335,1,223707136
s0031,1000000,branch,none,1,1,0,4096,0,0,0,0,1.0,1.0,0.45212474651634693,0.6016814382746816,1,184811520
s0032,1000000,keys,ivf,16,13,0,0,4,0,0,0,0.9075,0.896,1.485583372414112,1.8718663370236603,1,129974272
s0033,1000000,branch,ivf,4096,2579,0,2048,0,0,0,0,0.901,0.885,16.83650049380958,17.65752921346575,1,223690752
s0034,100000,branch,ivf,8192,8122,0,4096,0,0,0,0,1.0,1.0,4.011687356978655,4.171687969937921,1,94519296
s0035,100000,keys,ivf,8192,6965,0,0,16,0,0,0,0.3905,,4.031479591503739,4.223033459857106,1,81330176
s0036,100000,branch,direct,4096,12,0,4096,0,0,0,0,0.9265,0.9145,0.028687529265880585,0.03531442489475011,1,70189056
s0037,100000,branch,direct,16,5,0,128,0,0,0,0,1.0,1.0,0.09224959649145603,0.11467856820672749,1,61669376
s0038,1000000,branch,direct,4096,1,0,1024,0,0,0,0,1.0,1.0,0.023645348846912384,0.027737603522837148,1,206356480
s0039,1000000,keys,sign,4096,1,0,0,13,0,0,0,1.0,1.0,0.20814547315239906,0.23145475424826142,1,208781312
s0040,100000,branch,ivf,8192,2796,0,2048,0,0,0,0,0.8,0.788,1.566874561831355,1.764980750158429,1,94224384
s0041,100000,keys,direct,256,8,0,0,13,0,0,0,0.937,0.9255,0.2218752633780241,0.24942094460129738,1,64258048
s0042,100000,branch,ivf,4096,3642,0,1024,0,0,0,0,0.99,0.9855,2.9451462905853987,3.151804651133716,1,78348288
s0043,100000,keys,direct,256,8,0,0,16,0,0,0,0.937,0.926,1.5428122133016586,1.6020794631913304,1,64438272
s0044,100000,branch,sign,16,5,0,512,0,0,0,0,1.0,1.0,0.1668534241616726,0.23585211019963023,1,61718528
s0045,1000000,branch,sign,8192,1,0,4096,0,0,0,0,1.0,1.0,0.049582915380597115,0.0541684916242957,1,230195200
s0046,100000,branch,none,1,1,0,1024,0,0,0,0,1.0,1.0,0.2791874576359987,0.3772810800001024,1,62488576
s0047,100000,branch,ivf,8192,2796,0,1024,0,0,0,0,0.8,0.7879875000000001,1.6111875884234905,1.7234360100701451,1,94142464
s0048,1000000,keys,ivf,8192,5688,0,0,12,0,0,0,0.95,0.94,0.8304165676236153,0.8654146688058972,1,223461376
s0049,100000,branch,direct,16,3,0,1024,0,0,0,0,0.867,0.852,0.15595857985317707,0.17553982324898243,1,61898752
s0050,100000,keys,direct,256,6,0,0,4,0,0,0,0.81,0.7955,0.038416823372244835,0.046296976506710046,1,58556416
s0051,1000000,keys,ivf,256,181,0,0,16,0,0,0,0.9015,0.8895,0.08381251245737076,0.12115824501961368,1,201162752
s0052,1000000,keys,ivf,4096,2579,0,0,8,0,0,0,0.901,0.8859875,0.9442500304430723,4.535027383826671,1,186302464
s0053,100000,keys,ivf,8192,5203,0,0,12,0,0,0,0.95,0.94,1.4792087022215128,1.544784824363887,1,81084416
s0054,1000000,keys,ivf,8192,4766,0,0,16,0,0,0,0.9,0.8889875,1.5104163903743029,6.133048213087022,1,224935936
s0055,100000,keys,ivf,8192,8122,0,0,4,0,0,0,1.0,1.0,2.8534382581710815,3.2700450392439957,1,79151104
s0056,100000,keys,ivf,8192,8122,0,0,16,0,0,0,0.345,,3.8893958553671837,4.164566681720316,1,81379328
s0057,1000000,keys,ivf,8192,3498,0,0,16,0,0,0,0.8,0.7834875,3.470583586022258,7.180004124529659,1,225312768
s0058,100000,branch,direct,16,4,0,4096,0,0,0,0,0.938,0.9295,0.4386461805552244,0.45487105380743736,1,60588032
s0059,1000000,branch,ivf,16,16,0,128,0,0,0,0,1.0,1.0,0.25372905656695366,0.34657267387956375,1,170754048
s0060,1000000,branch,ivf,8192,7186,0,128,0,0,0,0,0.99,0.986,22.159208543598652,23.069969122298062,1,234258432
s0061,100000,branch,direct,256,6,0,4096,0,0,0,0,0.81,0.7965,0.08647888898849487,0.09466055780649185,1,64487424
s0062,100000,branch,ivf,16,16,0,4096,0,0,0,0,1.0,1.0,2.6183126028627157,2.7812433894723654,1,62504960
s0063,1000000,branch,direct,8192,1,0,512,0,0,0,0,1.0,1.0,0.016791746020317078,0.023337709717452523,1,230326272
s0064,1000000,branch,ivf,256,142,0,4096,0,0,0,0,0.8015,0.7844875,14.25395836122334,15.790276671759784,1,190808064
s0065,1000000,keys,ivf,256,142,0,0,13,0,0,0,0.8015,0.7845,0.09727105498313904,0.32447241246700287,1,181223424
s0066,1000000,keys,ivf,16,16,0,0,8,0,0,0,1.0,1.0,0.14229142107069492,0.15103539917618036,1,130154496
s0067,1000000,keys,sign,256,1,0,0,16,0,0,0,1.0,1.0,0.11562556028366089,0.153740169480443,1,201670656
s0068,1000000,keys,ivf,4096,2579,0,0,13,0,0,0,0.901,0.8865,0.39785425178706646,1.283125393092632,1,215203840
s0069,100000,keys,ivf,4096,3642,0,0,13,0,0,0,0.99,0.9855,1.0137294884771109,1.078955689445138,1,72990720
s0070,100000,scan,sign,256,9,0,0,0,0,0,0,1.0,1.0,0.11625001206994057,0.1261400058865547,1,63193088
s0071,100000,scan,ivf,256,209,0,0,0,0,0,0,0.9515,0.9384875,2.0962292328476906,2.118102484382689,1,63225856
s0072,1000000,branch,ivf,8192,5688,0,4096,0,0,0,0,0.95,0.9404875,19.873562501743436,20.36004823166877,1,234176512
s0073,100000,keys,sign,4096,13,0,0,8,0,0,0,1.0,1.0,0.07749954238533974,0.0887642614543438,1,64012288
s0074,100000,keys,ivf,4096,3642,0,0,4,0,0,0,0.99,0.9855,1.7875416669994593,2.147157932631671,1,69795840
s0075,1000000,keys,ivf,4096,4057,0,0,4,0,0,0,1.0,1.0,2.8698749374598265,3.8355599157512184,1,155942912
s0076,100000,keys,ivf,8192,6965,0,0,13,0,0,0,0.99,0.9855,2.0166877657175064,2.10726885125041,1,81510400
s0077,100000,keys,ivf,256,256,0,0,8,0,0,0,1.0,1.0,0.2201248425990343,0.3441650653257964,1,61095936
s0078,100000,branch,ivf,8192,8122,0,512,0,0,0,0,1.0,1.0,4.035541322082281,4.289750359021127,1,93814784
s0079,100000,branch,direct,256,9,0,1024,0,0,0,0,1.0,1.0,0.11737481690943241,0.1280416268855333,1,66387968
s0080,100000,branch,ivf,4096,1806,0,4096,0,0,0,0,0.8,0.7835,1.5501040033996105,1.6039768932387233,1,78151680
s0081,1000000,branch,ivf,16,13,0,1024,0,0,0,0,0.9075,0.8965,0.9164162911474705,1.3711377279832855,1,171900928
s0082,100000,keys,ivf,16,12,0,0,8,0,0,0,0.842,0.825,0.1020217314362526,0.12379346881061791,1,57098240
s0083,100000,branch,ivf,16,16,0,2048,0,0,0,0,1.0,1.0,1.9848337396979332,2.013230905868113,1,62439424
s0084,1000000,keys,ivf,8192,8124,0,0,16,0,0,0,1.0,1.0,2.303624991327524,2.658210345543921,1,225165312
s0085,100000,keys,ivf,256,256,0,0,13,0,0,0,1.0,1.0,0.09529129602015018,0.12174570001661775,1,64225280
s0086,100000,branch,ivf,8192,6965,0,512,0,0,0,0,0.99,0.9855,3.5809373948723078,3.7048273719847202,1,94371840
s0087,100000,branch,ivf,4096,3642,0,128,0,0,0,0,0.99,0.986,2.9713541734963655,3.2001503510400653,1,78413824
s0088,100000,keys,direct,8192,12,0,0,13,0,0,0,0.854,0.8395,0.8391877636313438,0.9283225983381271,1,65142784
s0089,100000,keys,sign,16,5,0,0,13,0,0,0,1.0,1.0,0.05916692316532135,0.11654191184788941,1,61489152
s0090,100000,keys,ivf,8192,2796,0,0,8,0,0,0,0.8,0.7885,0.8847916033118963,1.00632943212986,1,80953344
s0091,100000,keys,sign,16,5,0,0,16,0,0,0,1.0,1.0,0.20158360712230206,0.2644189167767763,1,62701568
s0092,100000,branch,ivf,8192,5203,0,512,0,0,0,0,0.95,0.9395,2.735208487138152,2.879250654950738,1,94519296
s0093,1000000,branch,sign,16,1,0,1024,0,0,0,0,1.0,1.0,0.0941040925681591,0.15219878405332565,1,168820736
s0094,100000,branch,direct,4096,13,0,2048,0,0,0,0,1.0,1.0,0.030083581805229187,0.03947704099118709,1,69025792
s0095,100000,branch,ivf,16,14,0,2048,0,0,0,0,0.94,0.925,1.8392500933259726,2.0750314462929964,1,61849600
s0096,1000000,branch,ivf,16,15,0,512,0,0,0,0,0.9725,0.9655,0.6740002427250147,0.81943494733423,1,171786240
s0097,1000000,scan,sign,16,1,0,0,0,0,0,0,1.0,1.0,1.598103903234005,1.7148330807685852,1,139886592
s0098,1000000,keys,ivf,8192,7186,0,0,8,0,0,0,0.99,0.986,1.7101457342505455,2.047542226500809,1,204800000
s0099,100000,branch,direct,256,6,0,1024,0,0,0,0,0.81,0.7955,0.08922931738197803,0.09493781253695485,1,66568192
s0100,1000000,scan,direct,8192,1,0,0,0,0,0,0,1.0,1.0,0.015062978491187096,0.021187914535403245,1,191758336
s0101,100000,keys,ivf,8192,2796,0,0,13,0,0,0,0.8,0.7884875,0.9753128979355097,1.0419293073937297,1,81412096
s0102,100000,scan,ivf,8192,2796,0,0,0,0,0,0,0.8,0.7875,1.429541502147913,1.6727955313399434,1,77627392
s0103,100000,branch,direct,8192,12,0,128,0,0,0,0,0.854,0.8395,0.020604580640792847,0.0307540874928236,1,78266368
s0104,1000000,branch,none,1,1,0,128,0,0,0,0,1.0,1.0,0.14514592476189137,0.1823826692998409,1,185188352
s0105,1000000,scan,ivf,8192,7186,0,0,0,0,0,0,0.99,0.9855,23.465791950002313,23.980780853889883,1,196558848
s0106,100000,keys,ivf,8192,2796,0,0,16,0,0,0,0.69,,3.606604179367423,3.788119461387396,1,81297408
s0107,100000,keys,direct,8192,14,0,0,16,0,0,0,0.332,,2.0619165152311325,2.261025318875909,1,65290240
s0108,1000000,keys,ivf,16,11,0,0,16,0,0,0,0.821,0.806,0.044229673221707344,0.3091246355324983,1,166805504
s0109,100000,branch,none,1,1,0,4096,0,0,0,0,1.0,1.0,0.6451667286455631,0.783245707862079,1,62537728
s0110,1000000,branch,direct,4096,1,0,128,0,0,0,0,1.0,1.0,0.01735379919409752,0.022966973483562456,1,224247808
s0111,100000,keys,direct,8192,13,0,0,13,0,0,0,0.9345,0.923,0.8571669459342957,0.965189142152667,1,65191936
s0112,100000,keys,direct,16,5,0,0,12,0,0,0,1.0,1.0,0.04741665907204151,0.08526251185685396,1,60112896
s0113,100000,branch,direct,4096,13,0,512,0,0,0,0,1.0,1.0,0.0302288681268692,0.035408441908657544,1,70156288
s0114,100000,branch,direct,256,8,0,1024,0,0,0,0,0.937,0.9255,0.10987510904669762,0.1162977889180183,1,66502656
s0115,1000000,branch,ivf,4096,3684,0,4096,0,0,0,0,0.99,0.986,23.905666545033455,24.676577118225396,1,223576064
s0116,100000,keys,ivf,8192,2796,0,0,4,0,0,0,0.8,0.788,1.4422500971704721,1.7947124084457753,1,79020032
s0117,1000000,keys,ivf,256,209,0,0,13,0,0,0,0.9515,0.944,0.04383339546620846,0.07556802593171595,1,181207040
s0118,100000,branch,ivf,256,185,0,128,0,0,0,0,0.9,0.886,1.5263331588357687,1.5736205969005823,1,66764800
s0119,1000000,keys,sign,256,1,0,0,13,0,0,0,1.0,1.0,0.036624958738684654,0.05906226579099893,1,184041472
s0120,100000,branch,sign,4096,13,0,128,0,0,0,0,1.0,1.0,0.04535447806119919,0.06131858099251985,1,68976640
s0121,1000000,keys,ivf,8192,5688,0,0,16,0,0,0,0.95,0.9405,1.7790407873690128,2.1785142831504345,1,224870400
s0122,1000000,branch,sign,8192,1,0,512,0,0,0,0,1.0,1.0,0.0497505534440279,0.058528594672679894,1,230031360
s0123,100000,branch,ivf,256,256,0,4096,0,0,0,0,1.0,1.0,2.6170415803790092,2.729014540091157,1,64847872
s0124,1000000,keys,sign,8192,1,0,0,13,0,0,0,1.0,1.0,0.36325003020465374,0.3881619777530432,1,209190912
s0125,100000,keys,ivf,8192,3943,0,0,12,0,0,0,0.9,0.886,1.2246461119502783,1.3284662971273065,1,81182720
s0126,100000,branch,ivf,256,240,0,1024,0,0,0,0,0.99,0.9845,2.529874909669161,2.728760614991188,1,66519040
s0127,100000,branch,direct,16,4,0,512,0,0,0,0,0.938,0.93,0.11929147876799107,0.15104336198419327,1,61734912
s0128,100000,branch,sign,4096,13,0,1024,0,0,0,0,1.0,1.0,0.041937222704291344,0.04900470376014709,1,69828608
s0129,1000000,keys,ivf,8192,8124,0,0,4,0,0,0,1.0,1.0,3.727375064045191,5.1434231689199805,1,169656320
s0130,100000,branch,none,1,1,0,128,0,0,0,0,1.0,1.0,0.1490830909460783,0.2024853834882378,1,63012864
s0131,1000000,branch,ivf,256,250,0,128,0,0,0,0,1.0,1.0,2.039520535618067,2.6664000004529953,1,190529536
s0132,1000000,branch,direct,256,1,0,128,0,0,0,0,1.0,1.0,0.022083288058638573,0.02977449912577867,1,190513152
s0133,1000000,keys,ivf,8192,7186,0,0,12,0,0,0,0.99,0.986,0.9860212448984385,1.0430995607748628,1,223772672
s0134,100000,branch,ivf,4096,1806,0,128,0,0,0,0,0.8,0.784,1.5819375403225422,1.7094288486987352,1,78446592
s0135,100000,branch,direct,8192,14,0,512,0,0,0,0,1.0,1.0,0.024166423827409744,0.029649655334651463,1,78479360
s0136,100000,keys,ivf,8192,3943,0,0,8,0,0,0,0.9,0.886,1.123145455494523,1.2249143328517675,1,80887808
s0137,100000,keys,ivf,256,209,0,0,13,0,0,0,0.9515,0.9394875,0.08054147474467754,0.11067304294556375,1,64126976
s0138,1000000,branch,ivf,256,238,0,1024,0,0,0,0,0.99,0.986,4.826666321605444,5.151943722739814,1,190726144
s0139,100000,branch,direct,8192,13,0,2048,0,0,0,0,0.9345,0.9235,0.021437648683786392,0.03176031168550252,1,78462976
s0140,1000000,keys,ivf,256,250,0,0,13,0,0,0,1.0,1.0,0.04985393024981022,0.09059987496584652,1,181174272
s0141,100000,branch,direct,8192,13,0,128,0,0,0,0,0.9345,0.9235,0.02327095717191696,0.034741428680717945,1,78348288
s0142,100000,scan,ivf,4096,2481,0,0,0,0,0,0,0.9,0.8895,1.9522288348525763,2.2418005159124723,1,69844992
s0143,1000000,keys,ivf,256,209,0,0,4,0,0,0,0.9515,0.944,1.5624579973518848,1.8829936627298591,1,138887168
s0144,1000000,keys,ivf,4096,2579,0,0,16,0,0,0,0.901,0.8849875,0.8104376029223204,5.800510849803686,1,216547328
s0145,1000000,branch,ivf,8192,8124,0,4096,0,0,0,0,1.0,1.0,27.805937686935067,28.825318650342524,1,234340352
s0146,1000000,branch,ivf,4096,1952,0,1024,0,0,0,0,0.8,0.7835,12.789166532456875,13.154846546240151,1,223444992
s0147,100000,keys,ivf,256,256,0,0,12,0,0,0,1.0,1.0,0.11060410179197788,0.1542733749374747,1,63864832
s0148,100000,branch,ivf,16,14,0,4096,0,0,0,0,0.94,0.9275,2.2907915990799665,2.4613772984594107,1,61849600
s0149,1000000,scan,ivf,4096,1952,0,0,0,0,0,0,0.8,0.7844875,12.389957904815674,12.911240872927008,1,170819584
s0150,100000,branch,direct,16,5,0,2048,0,0,0,0,1.0,1.0,0.3126664087176323,0.32640879508107895,1,61898752
s0151,1000000,branch,ivf,8192,4766,0,1024,0,0,0,0,0.9,0.8885,16.396916937083006,17.080427054315805,1,234225664
s0152,100000,branch,ivf,8192,5203,0,4096,0,0,0,0,0.95,0.9405,2.808729186654091,3.0310521367937326,1,94371840
s0153,100000,branch,ivf,16,12,0,1024,0,0,0,0,0.842,0.8244875,1.0236871894448996,1.0591027792543173,1,61849600
s0154,100000,branch,ivf,8192,8122,0,128,0,0,0,0,1.0,1.0,4.110187524929643,4.28065643645823,1,93437952
s0155,1000000,branch,ivf,256,250,0,4096,0,0,0,0,1.0,1.0,25.04012454301119,27.45091386605054,1,190660608
s0156,100000,keys,ivf,4096,2481,0,0,13,0,0,0,0.9,0.8885,0.7577710784971714,0.8217068156227467,1,72613888
s0157,1000000,keys,sign,16,1,0,0,8,0,0,0,1.0,1.0,0.0213750172406435,0.0297976192086935,1,131072000
s0158,1000000,branch,ivf,4096,2579,0,512,0,0,0,0,0.901,0.886,18.312166444957256,19.133586925454438,1,223428608
s0159,1000000,branch,ivf,4096,1952,0,128,0,0,0,0,0.8,0.7835,6.296104518696666,14.075637818314135,1,223821824
s0160,1000000,keys,ivf,16,11,0,0,13,0,0,0,0.821,0.807,0.022999942302703857,0.10375650599598885,1,137740288
s0161,100000,branch,ivf,8192,6965,0,128,0,0,0,0,0.99,0.985,3.6249577533453703,3.840591781772673,1,94224384
s0162,1000000,keys,ivf,256,209,0,0,12,0,0,0,0.9515,0.9444875,0.06666663102805614,0.11071718763560057,1,173703168
s0163,100000,keys,direct,256,9,0,0,12,0,0,0,1.0,1.0,0.13595796190202236,0.16076872125267982,1,64389120
s0164,100000,branch,direct,16,5,0,512,0,0,0,0,1.0,1.0,0.14504208229482174,0.18824795261025423,1,60686336
s0165,1000000,scan,ivf,16,16,0,0,0,0,0,0,1.0,1.0,24.764458648860455,25.4279792541638,1,139870208
s0166,1000000,branch,ivf,16,13,0,4096,0,0,0,0,0.9075,0.896,2.3904996924102306,3.300924575887595,1,172064768
s0167,100000,keys,ivf,256,143,0,0,12,0,0,0,0.8,0.786,0.08308351971209049,0.11000242084264755,1,63864832
s0168,100000,scan,direct,8192,13,0,0,0,0,0,0,0.9345,0.923,0.020124949514865875,0.02785969991236925,1,61440000
s0169,1000000,branch,ivf,8192,7186,0,1024,0,0,0,0,0.99,0.9855,24.53841734677553,25.1750354655087,1,217382912
s0170,1000000,branch,sign,256,1,0,4096,0,0,0,0,1.0,1.0,0.14083320274949074,0.15103446785360575,1,174014464
s0171,1000000,keys,ivf,256,142,0,0,16,0,0,0,0.8015,0.7839875000000001,0.24483329616487026,0.6484644953161478,1,201523200
s0172,100000,keys,ivf,4096,2481,0,0,4,0,0,0,0.9,0.8899875,1.4396461192518473,1.8692881567403665,1,69533696
s0173,1000000,keys,ivf,8192,5688,0,0,4,0,0,0,0.95,0.94,3.0712506268173456,3.66039837244898,1,169590784
s0174,100000,scan,ivf,4096,1806,0,0,0,0,0,0,0.8,0.7835,1.4550203923135996,1.5117049450054765,1,70107136
s0175,1000000,branch,ivf,256,142,0,128,0,0,0,0,0.8015,0.785,3.5663123708218336,7.343381457030772,1,173948928
s0176,100000,branch,ivf,16,15,0,128,0,0,0,0,0.9715,0.9605,0.44052163138985634,0.628059892915189,1,61833216
s0177,1000000,keys,ivf,8192,7186,0,0,4,0,0,0,0.99,0.986,3.6296045873314142,4.423778713680803,1,169738240
s0178,100000,branch,direct,256,9,0,2048,0,0,0,0,1.0,1.0,0.12210407294332981,0.13853544369339937,1,66584576
s0179,100000,branch,ivf,16,12,0,2048,0,0,0,0,0.842,0.8244875,1.4866248238831758,1.5285678673535585,1,60784640
s0180,1000000,keys,sign,16,1,0,0,12,0,0,0,1.0,1.0,0.017375219613313675,0.023947819136083123,1,135069696
s0181,1000000,branch,ivf,4096,4057,0,4096,0,0,0,0,1.0,1.0,26.403104420751333,28.39521919377148,1,223789056
s0182,100000,scan,none,1,1,0,0,0,0,0,0,1.0,1.0,2.727833576500416,2.8053333051502705,1,58834944
s0183,100000,branch,ivf,16,14,0,1024,0,0,0,0,0.94,0.926,1.166375121101737,1.2026372365653515,1,61898752
s0184,100000,keys,direct,4096,13,0,0,8,0,0,0,1.0,1.0,0.06377114914357662,0.07343078032135963,1,64405504
s0185,100000,keys,direct,4096,10,0,0,4,0,0,0,0.805,0.79,0.024895649403333664,0.032156286761164665,1,62029824
s0186,100000,keys,none,1,1,0,0,12,0,0,0,1.0,1.0,0.024625100195407867,0.03259042277932167,1,56459264
s0187,100000,branch,sign,8192,14,0,128,0,0,0,0,1.0,1.0,0.05400017835199833,0.06223355885595082,1,78151680
s0188,100000,branch,sign,16,5,0,1024,0,0,0,0,1.0,1.0,0.19360380247235298,0.20838340278714895,1,61980672
s0189,100000,keys,direct,8192,12,0,0,4,0,0,0,0.854,0.839,0.021562445908784866,0.034326897002756575,1,63356928
s0190,1000000,keys,ivf,16,16,0,0,12,0,0,0,1.0,1.0,0.029374845325946808,0.045046163722872734,1,134070272
s0191,100000,branch,ivf,256,185,0,2048,0,0,0,0,0.9,0.887,1.9087083637714386,2.0338692469522357,1,66519040
s0192,100000,keys,direct,16,4,0,0,16,0,0,0,0.938,0.93,0.16629137098789215,0.21423143334686753,1,62750720
s0193,1000000,branch,sign,256,1,0,1024,0,0,0,0,1.0,1.0,0.052729155868291855,0.060714501887559884,1,190791680
s0194,100000,branch,ivf,256,256,0,128,0,0,0,0,1.0,1.0,2.0433540921658278,2.1394894924014807,1,66666496
s0195,1000000,branch,ivf,256,209,0,128,0,0,0,0,0.9515,0.944,1.9382501486688852,2.2098123328760266,1,190726144
s0196,1000000,branch,ivf,256,181,0,1024,0,0,0,0,0.9015,0.8885,3.727020462974906,5.35639738664029,1,190496768
s0197,100000,keys,direct,256,6,0,0,8,0,0,0,0.81,0.7954875,0.03868737258017063,0.05011635366827249,1,61636608
s0198,1000000,branch,ivf,4096,4057,0,512,0,0,0,0,1.0,1.0,26.489770505577326,28.109263628721237,1,223608832
s0199,1000000,keys,direct,16,1,0,0,16,0,0,0,1.0,1.0,0.0327287707477808,0.06119562312960624,1,168165376
s0200,100000,scan,direct,256,8,0,0,0,0,0,0,0.937,0.925,0.10316655971109867,0.11092510540038347,1,60932096
s0201,1000000,keys,direct,4096,1,0,0,13,0,0,0,1.0,1.0,0.19635469652712345,0.21502496674656868,1,209420288
s0202,100000,keys,ivf,16,14,0,0,4,0,0,0,0.94,0.9255,0.7891871500760317,0.8260899689048529,1,56852480
s0203,1000000,keys,ivf,8192,3498,0,0,13,0,0,0,0.8,0.781,1.1867501307278872,2.052626828663051,1,224215040
s0204,1000000,keys,sign,4096,1,0,0,8,0,0,0,1.0,1.0,0.03795861266553402,0.0445406651124358,1,183091200
s0205,100000,keys,ivf,4096,2986,0,0,12,0,0,0,0.95,0.9429875,0.848312396556139,0.9387240977957844,1,72531968
s0206,100000,branch,sign,256,9,0,2048,0,0,0,0,1.0,1.0,0.1193750649690628,0.12977703008800745,1,66535424
s0207,1000000,branch,direct,16,1,0,4096,0,0,0,0,1.0,1.0,0.20899996161460876,0.32669061329215765,1,169869312
s0208,100000,branch,sign,256,9,0,4096,0,0,0,0,1.0,1.0,0.11772895231842995,0.12490185908973217,1,66781184
s0209,1000000,scan,ivf,256,250,0,0,0,0,0,0,1.0,1.0,24.25333298742771,24.74321073386818,1,157237248
s0210,1000000,keys,sign,256,1,0,0,4,0,0,0,1.0,1.0,0.023292144760489464,0.030410499311983582,1,138100736
s0211,100000,branch,sign,4096,13,0,2048,0,0,0,0,1.0,1.0,0.04581199027597904,0.05220251623541117,1,69795840
s0212,1000000,keys,ivf,4096,1952,0,0,13,0,0,0,0.8,0.785,0.36447891034185886,1.2005933094769714,1,215187456
s0213,1000000,branch,ivf,256,142,0,2048,0,0,0,0,0.8015,0.7834875,9.249728871509433,13.398977206088603,1,190611456
s0214,100000,keys,direct,8192,13,0,0,12,0,0,0,0.9345,0.9235,0.4954170435667038,0.5403443472459912,1,65175552
s0215,1000000,keys,ivf,16,15,0,0,16,0,0,0,0.9725,0.966,0.02641649916768074,0.07263142615556716,1,166920192
s0216,100000,scan,direct,8192,12,0,0,0,0,0,0,0.854,0.8385,0.019103987142443657,0.025837635621428486,1,61358080
s0217,100000,branch,ivf,16,12,0,512,0,0,0,0,0.842,0.8245,0.7606875151395798,0.8475307375192638,1,62160896
s0218,100000,keys,direct,16,4,0,0,12,0,0,0,0.938,0.93,0.040604034438729286,0.08118352852761745,1,59998208
s0219,100000,scan,direct,8192,14,0,0,0,0,0,0,1.0,1.0,0.01941714435815811,0.026456499472260465,1,61489152
s0220,100000,branch,direct,8192,12,0,4096,0,0,0,0,0.854,0.839,0.021104002371430397,0.028322846628725504,1,78397440
s0221,1000000,branch,direct,8192,1,0,1024,0,0,0,0,1.0,1.0,0.015917234122753143,0.02184738405048847,1,230113280
s0222,1000000,branch,sign,4096,1,0,4096,0,0,0,0,1.0,1.0,0.03949971869587898,0.04431630950421093,1,224100352
s0223,1000000,keys,ivf,256,142,0,0,4,0,0,0,0.8015,0.7844875,3.0459584668278694,5.359227163717151,1,138674176
s0224,1000000,branch,ivf,8192,7186,0,4096,0,0,0,0,0.99,0.9855,24.385624332353473,24.777766945771873,1,234520576
s0225,100000,keys,ivf,256,185,0,0,12,0,0,0,0.9,0.8859875,0.08868752047419548,0.12069577351212497,1,63782912
s0226,1000000,branch,none,1,1,0,1024,0,0,0,0,1.0,1.0,0.18939608708024025,0.24839756079018116,1,184844288
s0227,1000000,branch,ivf,256,181,0,2048,0,0,0,0,0.9015,0.8885,6.915083155035973,7.753150421194706,1,190431232
s0228,100000,branch,ivf,4096,1806,0,512,0,0,0,0,0.8,0.7844875,1.5722708776593208,1.6742042731493711,1,78348288
s0229,100000,keys,sign,4096,13,0,0,16,0,0,0,0.6395,,2.4758540093898773,2.655952563509345,1,64290816
s0230,100000,keys,direct,8192,12,0,0,8,0,0,0,0.854,0.8389875,0.055499374866485596,0.06559619214385748,1,64864256
s0231,1000000,keys,ivf,4096,3684,0,0,8,0,0,0,0.99,0.986,0.9821881540119648,1.4805544167757034,1,186318848
s0232,1000000,branch,ivf,16,11,0,128,0,0,0,0,0.821,0.805,0.2443117555230856,1.8148024566471577,1,172113920
s0233,1000000,branch,ivf,256,209,0,2048,0,0,0,0,0.9515,0.944,7.99283292144537,8.308876887895167,1,190627840
s0234,100000,keys,sign,256,9,0,0,13,0,0,0,1.0,1.0,0.25493791326880455,0.2733603352680802,1,64274432
s0235,1000000,branch,sign,8192,1,0,1024,0,0,0,0,1.0,1.0,0.05068746395409107,0.05687212105840443,1,230113280
s0236,100000,keys,ivf,256,209,0,0,16,0,0,0,0.9515,0.9384875,0.3554790746420622,0.42052019853144884,1,64372736
s0237,1000000,scan,direct,4096,1,0,0,0,0,0,0,1.0,1.0,0.020728912204504013,0.0251266174018383,1,188448768
s0238,100000,branch,ivf,8192,3943,0,128,0,0,0,0,0.9,0.8855,2.169020939618349,2.269999240525067,1,93634560
s0239,100000,scan,sign,16,5,0,0,0,0,0,0,1.0,1.0,0.8189163636416197,0.856912462040782,1,58163200
s0240,100000,branch,ivf,16,15,0,1024,0,0,0,0,0.9715,0.96,1.2513124383985996,1.3122339732944965,1,61931520
s0241,1000000,branch,ivf,8192,3498,0,1024,0,0,0,0,0.8,0.781,12.144771171733737,12.843409064225852,1,234242048
s0242,100000,keys,ivf,8192,6965,0,0,8,0,0,0,0.99,0.9855,1.6828540246933699,1.8641956849023698,1,80936960
s0243,1000000,branch,ivf,4096,3684,0,512,0,0,0,0,0.99,0.9865,23.95224990323186,25.351768755353987,1,223543296
s0244,100000,branch,direct,4096,10,0,512,0,0,0,0,0.805,0.79,0.027166446670889854,0.04067544359713793,1,70270976
s0245,1000000,keys,sign,256,1,0,0,12,0,0,0,1.0,1.0,0.04112487658858299,0.050778570584952824,1,176652288
s0246,100000,branch,direct,16,3,0,4096,0,0,0,0,0.867,0.853,0.36072847433388233,0.3958753775805235,1,61734912
s0247,100000,keys,ivf,256,240,0,0,13,0,0,0,0.99,0.9845,0.08677039295434952,0.11572476942092177,1,64258048
s0248,1000000,branch,ivf,16,16,0,512,0,0,0,0,1.0,1.0,0.6319796666502953,0.892441556788981,1,171884544
s0249,1000000,keys,ivf,16,16,0,0,4,0,0,0,1.0,1.0,1.7468954902142286,1.807075273245573,1,130105344
s0250,1000000,branch,ivf,256,238,0,2048,0,0,0,0,0.99,0.986,9.33829159475863,11.034216242842374,1,190808064
s0251,1000000,keys,direct,8192,1,0,0,12,0,0,0,1.0,1.0,0.16464595682919025,0.18312721513211724,1,209272832
s0252,100000,branch,sign,16,5,0,128,0,0,0,0,1.0,1.0,0.06956211291253567,0.1092501450330019,1,61702144
s0253,1000000,branch,ivf,8192,4766,0,128,0,0,0,0,0.9,0.888,15.357645926997066,20.950236124917865,1,234160128
s0254,100000,keys,sign,4096,13,0,0,12,0,0,0,1.0,1.0,0.5535415839403868,0.5830435082316399,1,64274432
s0255,100000,branch,direct,4096,10,0,2048,0,0,0,0,0.805,0.7899875000000001,0.025458168238401413,0.03819821868091822,1,70205440
s0256,1000000,keys,ivf,8192,4766,0,0,12,0,0,0,0.9,0.888,0.7869163528084755,2.3911418858915563,1,223510528
s0257,1000000,keys,sign,4096,1,0,0,4,0,0,0,1.0,1.0,0.03281258977949619,0.03831509966403245,1,148488192
s0258,1000000,keys,ivf,4096,3064,0,0,4,0,0,0,0.95,0.9399875,2.290792064741254,2.868903754279017,1,155451392
s0259,100000,branch,ivf,4096,4076,0,512,0,0,0,0,1.0,1.0,3.355583641678095,3.9260265184566334,1,78249984
s0260,100000,branch,ivf,4096,4076,0,2048,0,0,0,0,1.0,1.0,3.341478994116187,3.5260728327557445,1,78299136
s0261,100000,branch,ivf,256,209,0,2048,0,0,0,0,0.9515,0.939,2.159666968509555,2.2077258909121156,1,66764800
s0262,100000,keys,ivf,256,240,0,0,4,0,0,0,0.99,0.9845,0.8876875508576632,0.9074726840481162,1,58687488
s0263,100000,scan,direct,16,5,0,0,0,0,0,0,1.0,1.0,0.8081875275820494,0.8534792112186551,1,58228736
s0264,1000000,keys,ivf,256,181,0,0,12,0,0,0,0.9015,0.8905,0.08127093315124512,0.26407630648463964,1,173965312
s0265,1000000,keys,sign,8192,1,0,0,12,0,0,0,1.0,1.0,0.19568693824112415,0.20991114433854816,1,209043456
s0266,100000,branch,ivf,16,15,0,512,0,0,0,0,0.9715,0.96,0.9052085224539042,0.9503951761871576,1,61882368
s0267,1000000,branch,ivf,16,15,0,1024,0,0,0,0,0.9725,0.966,1.0103329550474882,1.3936287956312299,1,171786240
s0268,100000,scan,ivf,8192,5203,0,0,0,0,0,0,0.95,0.9395,2.444791840389371,2.5538293877616525,1,77742080
s0269,100000,keys,ivf,256,185,0,0,4,0,0,0,0.9,0.887,0.8023122791200876,1.1729811318218708,1,58441728
s0270,100000,keys,ivf,256,256,0,0,4,0,0,0,1.0,1.0,0.9076460264623165,0.946227042004466,1,58458112
s0271,100000,branch,ivf,256,209,0,4096,0,0,0,0,0.9515,0.9395,2.1512291859835386,2.3183787474408746,1,66502656
s0272,100000,scan,ivf,8192,6965,0,0,0,0,0,0,0.99,0.9859875,3.075458575040102,3.193820919841528,1,77627392
s0273,100000,branch,direct,8192,13,0,1024,0,0,0,0,0.9345,0.923,0.02141715958714485,0.02991957589983939,1,78184448
s0274,1000000,keys,direct,256,1,0,0,16,0,0,0,1.0,1.0,0.1315833069384098,0.16544784884899855,1,201850880
s0275,100000,keys,ivf,8192,8122,0,0,8,0,0,0,1.0,1.0,1.9310833886265755,2.0515540847554803,1,81084416
s0276,1000000,keys,ivf,256,181,0,0,4,0,0,0,0.9015,0.8885,1.4125204179435968,1.732919015921638,1,138674176
s0277,1000000,branch,sign,256,1,0,128,0,0,0,0,1.0,1.0,0.023833010345697403,0.032322807237505906,1,190742528
s0278,1000000,scan,ivf,256,142,0,0,0,0,0,0,0.8015,0.7844875,13.77535448409617,14.122538082301617,1,157663232
s0279,1000000,branch,sign,16,1,0,4096,0,0,0,0,1.0,1.0,0.2223118208348751,0.3212596755474806,1,169869312
s0280,100000,keys,direct,8192,14,0,0,4,0,0,0,1.0,1.0,0.023895874619483948,0.030656321905553324,1,63160320
s0281,100000,keys,direct,16,5,0,0,8,0,0,0,1.0,1.0,0.048291636630892754,0.05994834937155247,1,57180160
s0282,1000000,keys,ivf,4096,1952,0,0,8,0,0,0,0.8,0.784,1.010562526062131,4.794129589572549,1,186449920
s0283,1000000,keys,ivf,8192,8124,0,0,8,0,0,0,1.0,1.0,1.8208750989288092,2.1617004880681634,1,204554240
s0284,1000000,branch,none,1,1,0,512,0,0,0,0,1.0,1.0,0.15991670079529285,0.1969315344467759,1,184926208
s0285,1000000,branch,ivf,256,209,0,4096,0,0,0,0,0.9515,0.9435,20.83756262436509,22.2118477569893,1,190824448
s0286,100000,branch,direct,8192,14,0,128,0,0,0,0,1.0,1.0,0.022957799956202507,0.03148899413645266,1,78495744
s0287,100000,scan,direct,4096,13,0,0,0,0,0,0,1.0,1.0,0.025374814867973328,0.03217037301510571,1,61603840
s0288,1000000,branch,ivf,4096,3064,0,512,0,0,0,0,0.95,0.9389875,19.949583569541574,20.71041443850845,1,223395840
s0289,1000000,keys,direct,4096,1,0,0,8,0,0,0,1.0,1.0,0.023333588615059853,0.03489141818135977,1,183582720
s0290,100000,branch,ivf,4096,4076,0,128,0,0,0,0,1.0,1.0,3.3019999973475933,3.392829350195825,1,78446592
s0291,100000,branch,ivf,256,209,0,128,0,0,0,0,0.9515,0.938,1.710750162601471,1.8208626424893737,1,66551808
s0292,100000,keys,sign,16,5,0,0,12,0,0,0,1.0,1.0,0.046041328459978104,0.08788742125034331,1,60112896
s0293,1000000,keys,ivf,4096,4057,0,0,16,0,0,0,1.0,1.0,1.1445623822510242,1.3674769317731261,1,216547328
s0294,100000,keys,direct,4096,13,0,0,16,0,0,0,0.6395,,2.5522704236209393,2.681474923156202,1,64815104
s0295,1000000,keys,ivf,256,209,0,0,16,0,0,0,0.9515,0.9435,0.08939532563090324,0.10938607156276703,1,201080832
s0296,100000,branch,direct,4096,12,0,1024,0,0,0,0,0.9265,0.9149875000000001,0.028395559638738632,0.041447859257459634,1,70139904
s0297,1000000,scan,ivf,8192,5688,0,0,0,0,0,0,0.95,0.9415,18.81577051244676,19.599514198489487,1,196526080
s0298,1000000,keys,ivf,256,250,0,0,8,0,0,0,1.0,1.0,0.18960400484502316,0.2573790494352579,1,142589952
s0299,1000000,keys,sign,16,1,0,0,4,0,0,0,1.0,1.0,0.14183344319462776,0.14840278308838606,1,131006464
s0300,1000000,branch,ivf,8192,8124,0,2048,0,0,0,0,1.0,1.0,27.7603124268353,29.188524559140188,1,234242048
s0301,100000,branch,ivf,8192,3943,0,1024,0,0,0,0,0.9,0.8854875,2.0953749772161245,2.18222897965461,1,94371840
s0302,1000000,keys,ivf,256,209,0,0,8,0,0,0,0.9515,0.944,0.16554142348468304,0.23014608304947612,1,142491648
s0303,100000,branch,direct,256,6,0,512,0,0,0,0,0.81,0.7959875000000001,0.08466653525829315,0.09026252664625643,1,66453504
s0304,1000000,keys,ivf,4096,3684,0,0,16,0,0,0,0.99,0.9864875000000001,1.1785828974097967,1.3053749920800328,1,216367104
s0305,100000,keys,direct,16,5,0,0,13,0,0,0,1.0,1.0,0.06264541298151016,0.12466304469853638,1,61341696
s0306,100000,branch,ivf,8192,3943,0,512,0,0,0,0,0.9,0.886,2.1625421941280365,2.2213206393644214,1,94191616
s0307,1000000,branch,ivf,8192,8124,0,1024,0,0,0,0,1.0,1.0,27.874520979821682,29.077323526144028,1,234192896
s0308,100000,keys,sign,8192,14,0,0,16,0,0,0,0.332,,2.1468750201165676,2.3412727750837803,1,65437696
s0309,100000,branch,direct,256,6,0,128,0,0,0,0,0.81,0.7955,0.04456262104213238,0.05087156314402818,1,64798720
s0310,100000,branch,direct,256,8,0,2048,0,0,0,0,0.937,0.925,0.10629231110215187,0.11894553899765015,1,66519040
s0311,1000000,branch,ivf,8192,3498,0,128,0,0,0,0,0.8,0.7804875,11.593395378440619,12.789962417446075,1,234323968
s0312,1000000,keys,direct,8192,1,0,0,16,0,0,0,1.0,1.0,3.1284792348742485,3.175762132741511,1,209780736
s0313,100000,branch,ivf,4096,2986,0,4096,0,0,0,0,0.95,0.943,2.5186040438711643,2.6905626989901066,1,78151680
s0314,100000,branch,ivf,256,185,0,512,0,0,0,0,0.9,0.8865,1.9110834691673517,1.9727350678294895,1,66420736
s0315,100000,branch,ivf,256,143,0,128,0,0,0,0,0.8,0.785,1.2011246290057898,1.2595852371305227,1,66568192
s0316,1000000,branch,direct,16,1,0,512,0,0,0,0,1.0,1.0,0.046937260776758194,0.08523708675056696,1,169803776
s0317,1000000,keys,ivf,4096,2579,0,0,12,0,0,0,0.901,0.886,0.39429147727787495,1.2326414929702878,1,213925888
s0318,100000,branch,sign,16,5,0,4096,0,0,0,0,1.0,1.0,0.52454206161201,0.5735250655561686,1,61784064
s0319,1000000,branch,ivf,8192,5688,0,128,0,0,0,0,0.95,0.941,17.78681273572147,18.982962565496564,1,234143744
s0320,1000000,keys,sign,8192,1,0,0,16,0,0,0,1.0,1.0,3.0700413044542074,3.2021828228607774,1,209616896
s0321,100000,keys,sign,8192,14,0,0,12,0,0,0,1.0,1.0,0.5573960952460766,0.6046352442353964,1,65077248
s0322,100000,keys,ivf,4096,2986,0,0,16,0,0,0,0.7725,,3.3285210374742746,3.545238170772791,1,72761344
s0323,100000,branch,ivf,8192,3943,0,4096,0,0,0,0,0.9,0.886,2.184478798881173,2.289177058264613,1,94289920
s0324,100000,keys,direct,16,5,0,0,4,0,0,0,1.0,1.0,0.298916595056653,0.35877025220543135,1,56885248
s0325,100000,keys,ivf,256,143,0,0,13,0,0,0,0.8,0.7845,0.06162491627037525,0.08747279644012447,1,64061440
s0326,100000,branch,ivf,4096,2986,0,512,0,0,0,0,0.95,0.9425,2.4576245341449976,2.5470711989328265,1,78233600
s0327,1000000,branch,ivf,8192,3498,0,512,0,0,0,0,0.8,0.7814875,12.305416399613023,12.497418839484453,1,234504192
s0328,1000000,branch,ivf,4096,3064,0,2048,0,0,0,0,0.95,0.9395,20.254166796803474,21.609195927157998,1,223379456
s0329,1000000,branch,sign,4096,1,0,128,0,0,0,0,1.0,1.0,0.03352109342813492,0.04365623462945222,1,223952896
s0330,100000,branch,ivf,8192,2796,0,512,0,0,0,0,0.8,0.788,1.6088748816400766,1.6908284509554503,1,94257152
s0331,100000,scan,ivf,4096,3642,0,0,0,0,0,0,0.99,0.9855,2.6848956476897,2.7333106379956007,1,69566464
s0332,1000000,keys,direct,4096,1,0,0,12,0,0,0,1.0,1.0,0.09866664186120033,0.11606048792600629,1,208322560
s0333,100000,keys,direct,256,8,0,0,12,0,0,0,0.937,0.9255,0.13400055468082428,0.15388333704322577,1,64061440
s0334,100000,branch,ivf,8192,2796,0,128,0,0,0,0,0.8,0.788,1.6441040206700563,1.776974881067872,1,94519296
s0335,100000,keys,ivf,256,240,0,0,16,0,0,0,0.99,0.9845,0.3786452580243349,0.4133021691814065,1,64651264
s0336,100000,keys,direct,4096,12,0,0,12,0,0,0,0.9265,0.915,0.4738541319966316,0.5010162945836782,1,64569344
s0337,1000000,branch,sign,8192,1,0,2048,0,0,0,0,1.0,1.0,0.04939595237374306,0.05323074292391537,1,230277120
s0338,100000,keys,ivf,4096,2481,0,0,12,0,0,0,0.9,0.889,0.6819586269557476,0.7446098839864135,1,72843264
s0339,100000,keys,none,1,1,0,0,13,0,0,0,1.0,1.0,0.016291392967104912,0.023905700072646134,1,56672256
s0340,1000000,keys,direct,256,1,0,0,8,0,0,0,1.0,1.0,0.01687486656010151,0.023164786398410794,1,142278656
s0341,1000000,keys,ivf,4096,1952,0,0,16,0,0,0,0.8,0.7844875,0.7187086157500744,5.160853872075677,1,216416256
s0342,1000000,branch,ivf,16,16,0,4096,0,0,0,0,1.0,1.0,2.767500001937151,3.476212709210812,1,171769856
s0343,100000,keys,ivf,16,12,0,0,12,0,0,0,0.842,0.8229875,0.0358333345502615,0.06143690552562475,1,59637760
s0344,1000000,branch,ivf,16,16,0,1024,0,0,0,0,1.0,1.0,1.0916250757873058,1.4107501599937677,1,171950080
s0345,1000000,keys,ivf,4096,3684,0,0,13,0,0,0,0.99,0.9865,0.48504211008548737,0.5190875381231308,1,215367680
s0346,100000,keys,sign,16,5,0,0,8,0,0,0,1.0,1.0,0.05327095277607441,0.06593214347958565,1,57180160
s0347,100000,keys,direct,256,9,0,0,8,0,0,0,1.0,1.0,0.04831235855817795,0.06510789971798657,1,61915136
s0348,1000000,branch,ivf,4096,1952,0,2048,0,0,0,0,0.8,0.784,12.767437612637877,13.595354184508324,1,206372864
s0349,100000,scan,direct,16,3,0,0,0,0,0,0,0.867,0.8529875,0.5229378584772348,0.5330640124157071,1,57147392
s0350,100000,keys,sign,8192,14,0,0,4,0,0,0,1.0,1.0,0.05197897553443909,0.06291870959103106,1,63275008
s0351,1000000,branch,ivf,4096,3064,0,128,0,0,0,0,0.95,0.9394875,8.79337452352047,9.264101996086538,1,223510528
s0352,100000,branch,ivf,8192,2796,0,4096,0,0,0,0,0.8,0.7875,1.6453335992991924,1.7453223932534454,1,94601216
s0353,1000000,branch,direct,8192,1,0,128,0,0,0,0,1.0,1.0,0.01710420474410057,0.024610245600342744,1,230391808
s0354,1000000,branch,ivf,16,15,0,4096,0,0,0,0,0.9725,0.9664875,2.59908358566463,3.28303063288331,1,171212800
s0355,100000,scan,ivf,4096,4076,0,0,0,0,0,0,1.0,1.0,3.032395849004388,3.1300381757318974,1,70090752
s0356,100000,keys,ivf,16,14,0,0,8,0,0,0,0.94,0.926,0.12254132889211178,0.1448166789487004,1,58572800
s0357,1000000,scan,ivf,4096,3684,0,0,0,0,0,0,0.99,0.9865,23.253208491951227,26.377765857614577,1,171048960
s0358,1000000,scan,sign,4096,1,0,0,0,0,0,0,1.0,1.0,0.03729178570210934,0.041989795863628374,1,187891712
s0359,100000,branch,ivf,4096,2481,0,1024,0,0,0,0,0.9,0.889,2.0753545686602592,2.1744811441749334,1,78118912
s0360,100000,keys,ivf,4096,2986,0,0,13,0,0,0,0.95,0.943,0.8166665211319923,0.9506036527454853,1,72826880
s0361,1000000,branch,ivf,256,250,0,1024,0,0,0,0,1.0,1.0,5.142666399478912,5.6310730054974485,1,190545920
s0362,100000,keys,ivf,4096,2481,0,0,8,0,0,0,0.9,0.8885,0.795833533629775,0.8833309635519979,1,72351744
s0363,100000,branch,sign,8192,14,0,2048,0,0,0,0,1.0,1.0,0.054812291637063026,0.06650160066783428,1,78561280
s0364,1000000,branch,ivf,8192,4766,0,512,0,0,0,0,0.9,0.8885,16.443833941593766,16.916530765593052,1,234176512
s0365,1000000,keys,sign,16,1,0,0,13,0,0,0,1.0,1.0,0.01993752084672451,0.03270660527050495,1,138084352
s0366,100000,keys,direct,8192,14,0,0,13,0,0,0,1.0,1.0,0.9545211214572191,1.0649922769516706,1,65224704
s0367,100000,branch,ivf,4096,2986,0,128,0,0,0,0,0.95,0.9435,2.4613123387098312,2.548924693837762,1,78462976
s0368,100000,scan,ivf,256,185,0,0,0,0,0,0,0.9,0.8859875,1.8468538764864206,1.99585254304111,1,60801024
s0369,1000000,branch,ivf,8192,8124,0,512,0,0,0,0,1.0,1.0,27.701999992132187,28.627141751348972,1,234471424
s0370,1000000,keys,none,1,1,0,0,13,0,0,0,1.0,1.0,0.013375189155340195,0.017970451153814786,1,136003584
s0371,100000,branch,direct,16,3,0,128,0,0,0,0,0.867,0.8535,0.060729216784238815,0.09178118780255316,1,61030400
s0372,100000,branch,ivf,256,143,0,2048,0,0,0,0,0.8,0.785,1.482771011069417,1.6121523920446634,1,66650112
s0373,100000,keys,direct,4096,12,0,0,16,0,0,0,0.6235,,2.5171455927193165,2.695579989813268,1,64487424
s0374,1000000,scan,sign,256,1,0,0,0,0,0,0,1.0,1.0,0.12733298353850842,0.13413969427347183,1,157171712
s0375,100000,keys,ivf,8192,5203,0,0,4,0,0,0,0.95,0.94,2.054041251540184,2.268846519291401,1,79200256
s0376,100000,scan,sign,8192,14,0,0,0,0,0,0,1.0,1.0,0.050520990043878555,0.058275600895285586,1,61390848
s0377,1000000,branch,ivf,8192,5688,0,2048,0,0,0,0,0.95,0.9405,19.508479395881295,20.207774848677218,1,234405888
s0378,1000000,keys,ivf,256,181,0,0,13,0,0,0,0.9015,0.8885,0.05760416388511658,0.11192760430276387,1,181174272
s0379,100000,keys,direct,8192,14,0,0,12,0,0,0,1.0,1.0,0.5268545355647802,0.5575725575909019,1,65126400
s0380,100000,branch,ivf,4096,2481,0,2048,0,0,0,0,0.9,0.889,2.1275419276207685,2.209078916348517,1,78331904
s0381,1000000,branch,ivf,256,181,0,512,0,0,0,0,0.9015,0.8889875,2.5221663527190685,3.8172359811141887,1,190545920
s0382,1000000,branch,ivf,4096,1952,0,512,0,0,0,0,0.8,0.7844875,12.789020547643304,13.644545688293874,1,223690752
s0383,1000000,keys,direct,256,1,0,0,12,0,0,0,1.0,1.0,0.027687521651387215,0.04711216315627098,1,176553984
s0384,1000000,keys,ivf,4096,2579,0,0,4,0,0,0,0.901,0.8855,1.951250247657299,7.510846038348973,1,155598848
s0385,1000000,scan,ivf,4096,2579,0,0,0,0,0,0,0.901,0.8859875,16.980166779831052,17.731537367217243,1,188350464
s0386,1000000,keys,ivf,4096,3064,0,0,16,0,0,0,0.95,0.9395,0.9412500075995922,1.0541400872170925,1,216465408
s0387,100000,keys,ivf,256,143,0,0,16,0,0,0,0.8,0.784,0.24893740192055702,0.2885646419599651,1,64323584
s0388,1000000,branch,ivf,4096,1952,0,4096,0,0,0,0,0.8,0.7844875,12.889291858300567,13.829489354975522,1,223838208
s0389,1000000,branch,ivf,256,142,0,1024,0,0,0,0,0.8015,0.7839875000000001,6.206187652423978,10.268768388777971,1,190676992
s0390,100000,keys,ivf,4096,1806,0,0,8,0,0,0,0.8,0.7835,0.6225837860256433,0.7462973240762948,1,72204288
s0391,100000,branch,direct,8192,12,0,1024,0,0,0,0,0.854,0.839,0.02045859582722187,0.02834170591086148,1,78512128
s0392,100000,keys,ivf,4096,4076,0,0,16,0,0,0,0.641,,3.5117710940539837,3.7245971150696273,1,72843264
s0393,1000000,scan,ivf,16,15,0,0,0,0,0,0,0.9725,0.966,23.2702293433249,24.816530686803162,1,139575296
s0394,1000000,branch,ivf,16,13,0,2048,0,0,0,0,0.9075,0.8965,1.596124842762947,2.390658808872086,1,171802624
s0395,100000,keys,ivf,8192,5203,0,0,8,0,0,0,0.95,0.9404875,1.4792918227612972,1.6032000072300434,1,81313792
s0396,1000000,keys,ivf,256,142,0,0,8,0,0,0,0.8015,0.784,0.4849375691264868,0.9997815126553177,1,142491648
s0397,100000,keys,ivf,4096,1806,0,0,12,0,0,0,0.8,0.7854875,0.5317081231623888,0.5869276821613312,1,72794112
s0398,100000,branch,sign,8192,14,0,4096,0,0,0,0,1.0,1.0,0.05575013346970081,0.06736475042998785,1,77299712
s0399,100000,scan,ivf,16,15,0,0,0,0,0,0,0.9715,0.961,2.3613544180989265,2.4784629000350833,1,58458112
s0400,1000000,branch,sign,8192,1,0,128,0,0,0,0,1.0,1.0,0.049686990678310394,0.05762025248259306,1,230244352
s0401,100000,keys,ivf,4096,2986,0,0,4,0,0,0,0.95,0.942,1.5640829224139452,1.9344773842021818,1,69550080
s0402,100000,branch,ivf,4096,2481,0,4096,0,0,0,0,0.9,0.8885,2.0382709335535765,2.133249258622527,1,78184448
s0403,100000,scan,ivf,16,12,0,0,0,0,0,0,0.842,0.8245,1.9284579902887344,2.0234567811712623,1,58507264
s0404,100000,branch,direct,8192,14,0,1024,0,0,0,0,1.0,1.0,0.023874454200267792,0.036144303157925564,1,78184448
s0405,1000000,branch,direct,4096,1,0,512,0,0,0,0,1.0,1.0,0.02195802517235279,0.0263418536633253,1,224280576
s0406,1000000,branch,ivf,4096,2579,0,1024,0,0,0,0,0.901,0.8855,18.049104139208794,18.939499952830374,1,223870976
s0407,100000,branch,none,1,1,0,512,0,0,0,0,1.0,1.0,0.2035624347627163,0.28981429059058406,1,62701568
s0408,100000,keys,sign,256,9,0,0,16,0,0,0,1.0,1.0,1.65214529260993,1.738152327015996,1,64487424
s0409,100000,keys,direct,4096,10,0,0,12,0,0,0,0.805,0.7889875000000001,0.4259373527020216,0.4557062638923526,1,64536576
s0410,100000,branch,direct,256,9,0,512,0,0,0,0,1.0,1.0,0.1157708466053009,0.12304598931223151,1,64667648
s0411,100000,branch,sign,256,9,0,1024,0,0,0,0,1.0,1.0,0.12006284669041634,0.12918757274746895,1,66469888
s0412,1000000,keys,sign,16,1,0,0,16,0,0,0,1.0,1.0,0.04704180173575878,0.06216457113623618,1,168558592
s0413,100000,branch,ivf,16,14,0,512,0,0,0,0,0.94,0.9255,0.8543122094124556,0.929764099419117,1,61833216
s0414,100000,keys,ivf,256,143,0,0,4,0,0,0,0.8,0.785,0.5653123371303082,0.5872498732060194,1,58851328
s0415,100000,branch,ivf,256,256,0,1024,0,0,0,0,1.0,1.0,2.6597287505865097,2.7772899251431227,1,66895872
s0416,100000,branch,ivf,256,185,0,4096,0,0,0,0,0.9,0.8865,2.0098534878343344,2.078908239491284,1,66453504
s0417,100000,keys,sign,256,9,0,0,8,0,0,0,1.0,1.0,0.0513959676027298,0.06872746162116526,1,61767680
s0418,100000,branch,ivf,4096,4076,0,1024,0,0,0,0,1.0,1.0,3.2670835498720407,3.430401813238859,1,78381056
s0419,100000,keys,ivf,256,143,0,0,8,0,0,0,0.8,0.7855,0.14145788736641407,0.2095900708809494,1,60997632
s0420,100000,keys,ivf,256,185,0,0,16,0,0,0,0.9,0.8865,0.33593736588954926,0.44097432401031245,1,64372736
s0421,100000,branch,sign,8192,14,0,1024,0,0,0,0,1.0,1.0,0.05395826883614063,0.06233756430447101,1,78102528
s0422,100000,branch,direct,8192,12,0,512,0,0,0,0,0.854,0.8385,0.01985440030694008,0.028280587866902344,1,77299712
s0423,1000000,scan,none,1,1,0,0,0,0,0,0,1.0,1.0,26.565917069092393,26.973576890304685,1,152862720
s0424,100000,scan,ivf,8192,3943,0,0,0,0,0,0,0.9,0.886,1.9802495371550322,2.1357917692512274,1,77496320
s0425,100000,scan,sign,4096,13,0,0,0,0,0,0,1.0,1.0,0.04333304241299629,0.05141645669937133,1,61407232
s0426,100000,keys,direct,16,5,0,0,16,0,0,0,1.0,1.0,0.19435444846749306,0.23859315551817417,1,62554112
s0427,100000,keys,direct,4096,10,0,0,13,0,0,0,0.805,0.7899875000000001,0.813124468550086,0.8748834021389484,1,64634880
s0428,100000,branch,direct,256,8,0,128,0,0,0,0,0.937,0.9245,0.05533290095627308,0.062333606183528886,1,66584576
s0429,100000,keys,direct,8192,13,0,0,4,0,0,0,0.9345,0.9235,0.024145236238837242,0.030637392774224274,1,63209472
s0430,100000,keys,direct,16,3,0,0,4,0,0,0,0.867,0.8525,0.1863124780356884,0.1910688355565071,1,57098240
s0431,1000000,branch,direct,256,1,0,512,0,0,0,0,1.0,1.0,0.0363960862159729,0.04794760607182979,1,190562304
s0432,100000,keys,direct,8192,13,0,0,16,0,0,0,0.3355,,2.152208238840103,2.348589012399316,1,65028096
s0433,1000000,keys,ivf,8192,4766,0,0,8,0,0,0,0.9,0.8895,1.3662290293723345,6.2739190878346545,1,204308480
s0434,100000,keys,ivf,4096,4076,0,0,8,0,0,0,1.0,1.0,1.087520970031619,1.2735023628920317,1,72204288
s0435,100000,keys,ivf,16,14,0,0,13,0,0,0,0.94,0.9254875,0.03035459667444229,0.05976515822112558,1,61079552
s0436,1000000,branch,ivf,256,238,0,128,0,0,0,0,0.99,0.9855,2.0271039102226496,2.511152368970215,1,173719552
s0437,100000,keys,ivf,8192,3943,0,0,4,0,0,0,0.9,0.8865,1.7450409941375256,1.8678474705666295,1,79069184
s0438,1000000,branch,ivf,8192,3498,0,4096,0,0,0,0,0.8,0.781,12.126917019486427,12.747712573036551,1,234160128
s0439,1000000,keys,direct,16,1,0,0,4,0,0,0,1.0,1.0,0.14479202218353748,0.15435214154422283,1,130662400
s0440,100000,keys,direct,4096,13,0,0,13,0,0,0,1.0,1.0,0.9366460144519806,0.9925467194989324,1,64585728
s0441,1000000,keys,ivf,16,15,0,0,12,0,0,0,0.9725,0.966,0.028250040486454964,0.0434964895248413,1,133939200
s0442,100000,keys,direct,256,6,0,0,12,0,0,0,0.81,0.7965,0.10543805547058582,0.12441258877515791,1,64241664
s0443,100000,branch,direct,256,9,0,4096,0,0,0,0,1.0,1.0,0.11081201955676079,0.11690242681652308,1,66486272
s0444,1000000,branch,ivf,8192,7186,0,2048,0,0,0,0,0.99,0.9855,24.529082933440804,25.184706645086408,1,234192896
s0445,1000000,branch,direct,256,1,0,1024,0,0,0,0,1.0,1.0,0.051791779696941376,0.05820745136588812,1,190545920
s0446,100000,branch,ivf,4096,1806,0,2048,0,0,0,0,0.8,0.784,1.5487917698919773,1.6072408761829138,1,78331904
s0447,1000000,keys,ivf,16,16,0,0,13,0,0,0,1.0,1.0,0.01887441612780094,0.026733404956758015,1,137789440
s0448,1000000,keys,ivf,4096,3684,0,0,12,0,0,0,0.99,0.9865,0.5042087286710739,0.5241292295977473,1,213975040
s0449,1000000,branch,ivf,4096,2579,0,4096,0,0,0,0,0.901,0.885,16.857708571478724,18.1982209905982,1,223854592
s0450,1000000,branch,ivf,256,142,0,512,0,0,0,0,0.8015,0.7839875000000001,4.382603568956256,8.223806065507233,1,190513152
s0451,1000000,branch,direct,8192,1,0,2048,0,0,0,0,1.0,1.0,0.016583362594246864,0.02393738832324742,1,230277120
s0452,100000,keys,ivf,16,12,0,0,13,0,0,0,0.842,0.8245,0.030125025659799576,0.04975658375769853,1,61390848
s0453,1000000,keys,ivf,256,181,0,0,8,0,0,0,0.9015,0.8895,0.1494167372584343,0.23768327664583735,1,142573568
s0454,100000,keys,ivf,4096,3642,0,0,8,0,0,0,0.99,0.9855,1.0750205256044865,1.2512432411313055,1,72007680
s0455,1000000,keys,none,1,1,0,0,12,0,0,0,1.0,1.0,0.01937500201165676,0.024893693625926968,1,136069120
s0456,100000,branch,ivf,16,12,0,128,0,0,0,0,0.842,0.8239875,0.4240619018673897,0.6070303032174705,1,61931520
s0457,1000000,scan,ivf,4096,3064,0,0,0,0,0,0,0.95,0.94,19.31706233881414,20.124567346647382,1,187908096
s0458,100000,keys,ivf,4096,2986,0,0,8,0,0,0,0.95,0.9429875,0.8752499707043171,1.0360777145251627,1,72269824
s0459,1000000,branch,ivf,8192,5688,0,1024,0,0,0,0,0.95,0.9405,19.45735397748649,20.176883973181248,1,234422272
s0460,100000,keys,ivf,16,12,0,0,4,0,0,0,0.842,0.8245,0.6916041020303965,0.7240920560434461,1,56934400
s0461,100000,scan,ivf,16,16,0,0,0,0,0,0,1.0,1.0,2.5855209678411484,2.707591699436307,1,59277312
s0462,100000,branch,direct,16,3,0,512,0,0,0,0,0.867,0.852,0.10916637256741524,0.13609735760837793,1,61702144
s0463,1000000,scan,ivf,256,209,0,0,0,0,0,0,0.9515,0.944,20.437479251995683,21.69274161569774,1,157466624
s0464,100000,branch,ivf,256,209,0,1024,0,0,0,0,0.9515,0.939,2.1531456150114536,2.3422710364684463,1,66617344
s0465,1000000,branch,sign,16,1,0,512,0,0,0,0,1.0,1.0,0.055249547585844994,0.0899103470146656,1,169754624
s0466,100000,branch,ivf,8192,8122,0,2048,0,0,0,0,1.0,1.0,4.0197293274104595,4.212419060058892,1,94355456
s0467,100000,branch,direct,256,9,0,128,0,0,0,0,1.0,1.0,0.05945796146988869,0.0683607766404748,1,66535424
s0468,1000000,keys,sign,256,1,0,0,8,0,0,0,1.0,1.0,0.01795846037566662,0.026074959896504872,1,142180352
s0469,100000,keys,direct,16,3,0,0,8,0,0,0,0.867,0.8515,0.0388540793210268,0.05134355742484331,1,57098240
s0470,100000,branch,direct,256,8,0,4096,0,0,0,0,0.937,0.9259875000000001,0.10612513870000839,0.11493370402604342,1,66486272
s0471,100000,keys,ivf,256,185,0,0,8,0,0,0,0.9,0.886,0.16635446809232235,0.22531072609126554,1,61046784
s0472,100000,keys,ivf,4096,3642,0,0,12,0,0,0,0.99,0.9859875,0.9777711238712072,1.0405581910163164,1,72581120
s0473,1000000,keys,direct,8192,1,0,0,8,0,0,0,1.0,1.0,0.025312649086117744,0.031666364520788186,1,196050944
s0474,100000,keys,sign,8192,14,0,0,13,0,0,0,1.0,1.0,0.9636459872126579,1.0896442225202918,1,65421312
s0475,1000000,branch,ivf,256,238,0,512,0,0,0,0,0.99,0.9855,3.517312463372946,4.490451910533011,1,190693376
s0476,1000000,branch,ivf,16,15,0,2048,0,0,0,0,0.9725,0.966,1.772270305082202,2.319345995783806,1,171917312
s0477,1000000,keys,none,1,1,0,0,16,0,0,0,1.0,1.0,0.01600012183189392,0.0232955440878868,1,138821632
s0478,1000000,branch,ivf,4096,3684,0,128,0,0,0,0,0.99,0.9864875000000001,10.47570863738656,11.424341495148838,1,223526912
s0479,100000,branch,sign,256,9,0,128,0,0,0,0,1.0,1.0,0.06025005131959915,0.0694244634360075,1,64585728
s0480,1000000,keys,ivf,16,13,0,0,16,0,0,0,0.9075,0.896,0.045687658712267876,0.06517048459500058,1,166789120
s0481,100000,keys,ivf,8192,8122,0,0,13,0,0,0,1.0,1.0,2.2352710366249084,2.3898479994386435,1,81428480
s0482,1000000,scan,ivf,256,181,0,0,0,0,0,0,0.9015,0.888,17.711478983983397,18.441789643839,1,157270016
s0483,1000000,keys,ivf,4096,3064,0,0,12,0,0,0,0.95,0.94,0.416395952925086,0.4611352225765586,1,214319104
s0484,100000,branch,sign,8192,14,0,512,0,0,0,0,1.0,1.0,0.05633290857076645,0.0633755000308156,1,78462976
s0485,1000000,keys,sign,4096,1,0,0,16,0,0,0,1.0,1.0,1.6270631458610296,1.6838079784065485,1,209469440
s0486,1000000,branch,sign,256,1,0,2048,0,0,0,0,1.0,1.0,0.08041691035032272,0.08701409678906201,1,190545920
s0487,1000000,scan,sign,8192,1,0,0,0,0,0,0,1.0,1.0,0.04572956822812557,0.053517590276896954,1,174260224
s0488,100000,keys,direct,16,4,0,0,13,0,0,0,0.938,0.9304875,0.057625118643045425,0.1130423508584499,1,61325312
s0489,100000,keys,direct,4096,10,0,0,8,0,0,0,0.805,0.79,0.04793750122189522,0.05447901785373688,1,64307200
s0490,100000,branch,direct,16,4,0,1024,0,0,0,0,0.938,0.9305,0.17318758182227612,0.18668745178729296,1,61636608
s0491,1000000,keys,ivf,8192,5688,0,0,13,0,0,0,0.95,0.941,0.8099370170384645,0.8845516014844179,1,224264192
s0492,100000,keys,ivf,256,256,0,0,16,0,0,0,1.0,1.0,0.40120864287018776,0.4246000200510025,1,64307200
s0493,100000,branch,ivf,256,209,0,512,0,0,0,0,0.9515,0.9375,2.154937479645014,2.240331494249403,1,66617344
s0494,100000,keys,direct,8192,12,0,0,16,0,0,0,0.329,,2.271520672366023,2.4738223757594824,1,65306624
s0495,1000000,scan,ivf,16,11,0,0,0,0,0,0,0.821,0.8065,17.027020920068026,17.42692324332893,1,139558912
s0496,100000,scan,ivf,4096,2986,0,0,0,0,0,0,0.95,0.943,2.301541855558753,2.405401994474232,1,68747264
s0497,1000000,scan,ivf,8192,4766,0,0,0,0,0,0,0.9,0.8889875,15.636666445061564,16.03382017929107,1,196460544
s0498,100000,branch,ivf,4096,2986,0,1024,0,0,0,0,0.95,0.9429875,2.454708330333233,2.5838836329057813,1,78184448
s0499,100000,keys,none,1,1,0,0,8,0,0,0,1.0,1.0,0.11347932741045952,0.12205347884446383,1,56557568
s0500,1000000,keys,ivf,4096,4057,0,0,13,0,0,0,1.0,1.0,0.48235408030450344,0.5312003428116441,1,215252992
s0501,100000,branch,ivf,8192,6965,0,2048,0,0,0,0,0.99,0.9855,3.624291392043233,4.247310967184603,1,94470144
s0502,1000000,branch,direct,4096,1,0,4096,0,0,0,0,1.0,1.0,0.023624859750270844,0.0293767312541604,1,224477184
s0503,100000,branch,ivf,4096,3642,0,4096,0,0,0,0,0.99,0.9855,2.933104522526264,2.9897982720285654,1,78184448
s0504,1000000,branch,ivf,256,181,0,128,0,0,0,0,0.9015,0.888,1.5231247525662184,2.2161651868372987,1,190562304
s0505,100000,keys,direct,4096,13,0,0,4,0,0,0,1.0,1.0,0.02577085979282856,0.04260714631527662,1,61685760
s0506,100000,branch,ivf,256,143,0,1024,0,0,0,0,0.8,0.7854875,1.501312479376793,1.6197443241253495,1,66797568
s0507,100000,keys,ivf,16,15,0,0,13,0,0,0,0.9715,0.9604875,0.029937131330370903,0.058969110250472995,1,61161472
s0508,1000000,branch,direct,16,1,0,1024,0,0,0,0,1.0,1.0,0.08097919635474682,0.14341063797473907,1,169738240
s0509,100000,keys,sign,256,9,0,0,12,0,0,0,1.0,1.0,0.14275009743869305,0.16948075499385595,1,64176128
s0510,1000000,keys,ivf,256,238,0,0,12,0,0,0,0.99,0.9855,0.06197858601808548,0.11553107760846615,1,173752320
s0511,100000,keys,ivf,256,240,0,0,12,0,0,0,0.99,0.9845,0.1094164326786995,0.13834123965352768,1,63815680
s0512,100000,keys,sign,8192,14,0,0,8,0,0,0,1.0,1.0,0.09304145351052284,0.09932117536664009,1,65011712
s0513,1000000,branch,direct,8192,1,0,4096,0,0,0,0,1.0,1.0,0.01629185862839222,0.020464812405407415,1,230129664
s0514,1000000,branch,ivf,4096,2579,0,128,0,0,0,0,0.901,0.8859875,7.6108749490231276,16.943180933594704,1,223707136
s0515,100000,branch,ivf,256,143,0,4096,0,0,0,0,0.8,0.7845,1.493646064773202,1.624678517691791,1,64421888
s0516,1000000,keys,direct,4096,1,0,0,4,0,0,0,1.0,1.0,0.01647905446588993,0.02171606756746768,1,148848640
s0517,1000000,keys,ivf,16,15,0,0,13,0,0,0,0.9725,0.9665,0.021728919818997383,0.03265850245952606,1,137789440
s0518,100000,keys,ivf,4096,1806,0,0,4,0,0,0,0.8,0.7835,1.1766876559704542,1.3906479813158512,1,69844992
s0519,1000000,branch,ivf,16,11,0,1024,0,0,0,0,0.821,0.806,0.929354690015316,5.639895959757268,1,171982848
s0520,1000000,keys,ivf,256,142,0,0,12,0,0,0,0.8015,0.7845,0.12520840391516685,0.47708922065794446,1,173768704
s0521,1000000,scan,ivf,8192,3498,0,0,0,0,0,0,0.8,0.7814875,11.635021539404988,12.677594390697777,1,196280320
s0522,100000,scan,direct,4096,12,0,0,0,0,0,0,0.9265,0.9159875000000001,0.026229536160826683,0.03734964411705732,1,61702144
s0523,100000,keys,ivf,4096,2481,0,0,16,0,0,0,0.8605,0.8474875000000001,3.4562298096716404,3.5664299502968784,1,72892416
s0524,1000000,keys,direct,4096,1,0,0,16,0,0,0,1.0,1.0,1.6820630989968777,1.7236893065273762,1,209715200
s0525,1000000,keys,ivf,16,13,0,0,12,0,0,0,0.9075,0.8954875,0.023875152692198753,0.037712347693741176,1,134070272
s0526,100000,branch,direct,16,4,0,128,0,0,0,0,0.938,0.93,0.07235421799123287,0.10502135846763848,1,61734912
s0527,100000,keys,direct,256,9,0,0,16,0,0,0,1.0,1.0,1.7367084510624409,1.7724150093272328,1,64503808
s0528,100000,keys,ivf,4096,4076,0,0,13,0,0,0,1.0,1.0,1.025729114189744,1.0934479534626007,1,72712192
s0529,1000000,branch,ivf,8192,4766,0,4096,0,0,0,0,0.9,0.889,16.489229165017605,17.221270687878132,1,234291200
s0530,100000,branch,direct,8192,13,0,512,0,0,0,0,0.9345,0.9229875000000001,0.02456270158290863,0.03239649813622234,1,78528512
s0531,1000000,keys,direct,16,1,0,0,8,0,0,0,1.0,1.0,0.02243742346763611,0.02635999117046594,1,131301376
s0532,100000,branch,direct,8192,14,0,4096,0,0,0,0,1.0,1.0,0.022041378542780876,0.032072910107672215,1,78315520
s0533,1000000,scan,ivf,256,238,0,0,0,0,0,0,0.99,0.9855,23.127729538828135,24.681104510091245,1,157466624
s0534,1000000,branch,ivf,8192,7186,0,512,0,0,0,0,0.99,0.9855,24.506812449544668,25.881528947502375,1,234225664
s0535,100000,keys,direct,16,3,0,0,16,0,0,0,0.867,0.853,0.15620794147253036,0.1911829225718975,1,62586880
s0536,100000,keys,ivf,16,12,0,0,16,0,0,0,0.842,0.8259875,0.04612491466104984,0.06685431580990552,1,62603264
s0537,1000000,branch,sign,256,1,0,512,0,0,0,0,1.0,1.0,0.037604477256536484,0.04681050777435303,1,190595072
s0538,1000000,keys,sign,4096,1,0,0,12,0,0,0,1.0,1.0,0.11252053081989288,0.127529283054173,1,208175104
s0539,100000,branch,ivf,4096,2481,0,128,0,0,0,0,0.9,0.8884875,2.073582960292697,2.1619144594296813,1,78200832
s0540,1000000,branch,ivf,8192,4766,0,2048,0,0,0,0,0.9,0.8884875,16.489916713908315,17.62362001463771,1,234127360
s0541,1000000,branch,ivf,256,209,0,1024,0,0,0,0,0.9515,0.9435,4.2501462157815695,4.456666298210621,1,190889984
s0542,100000,branch,direct,4096,13,0,128,0,0,0,0,1.0,1.0,0.0299790408462286,0.037391111254692064,1,70139904
s0543,100000,keys,ivf,8192,5203,0,0,16,0,0,0,0.5005,,3.9096251130104065,4.054208192974329,1,81346560
s0544,1000000,keys,ivf,8192,3498,0,0,8,0,0,0,0.8,0.7815,2.456958405673504,5.927029135636984,1,204308480
s0545,100000,branch,direct,8192,14,0,2048,0,0,0,0,1.0,1.0,0.021729152649641037,0.02980362623929976,1,78446592
s0546,1000000,keys,ivf,8192,4766,0,0,4,0,0,0,0.9,0.888,2.4398125242441893,9.281758358702064,1,169738240
s0547,100000,branch,ivf,8192,8122,0,1024,0,0,0,0,1.0,1.0,4.1091665625572205,4.409672552719712,1,94617600
s0548,100000,keys,sign,16,5,0,0,4,0,0,0,1.0,1.0,0.29679201543331146,0.30723686795681715,1,56918016
s0549,100000,branch,direct,256,8,0,512,0,0,0,0,0.937,0.9249875000000001,0.10320823639631271,0.1242430880665779,1,64520192
s0550,100000,branch,ivf,4096,2986,0,2048,0,0,0,0,0.95,0.9429875,2.4803748819977045,2.5911728153005242,1,78249984
s0551,1000000,keys,ivf,4096,3684,0,0,4,0,0,0,0.99,0.9865,2.572770928964019,3.0940840253606434,1,155680768
s0552,1000000,branch,ivf,4096,4057,0,2048,0,0,0,0,1.0,1.0,26.277062483131886,26.58279633615166,1,223461376
s0553,100000,keys,direct,4096,12,0,0,4,0,0,0,0.9265,0.9145,0.026708468794822693,0.03509584348648786,1,61571072
s0554,100000,keys,ivf,8192,6965,0,0,4,0,0,0,0.99,0.9855,2.5441250763833523,2.8071547392755747,1,79527936
s0555,1000000,branch,ivf,16,15,0,128,0,0,0,0,0.9725,0.966,0.23531238548457623,0.335069140419364,1,171933696
s0556,100000,keys,ivf,16,16,0,0,16,0,0,0,1.0,1.0,0.07235398516058922,0.09031035006046292,1,62357504
s0557,100000,keys,ivf,256,209,0,0,4,0,0,0,0.9515,0.9395,0.800583278760314,0.8469496620818973,1,58474496
s0558,100000,keys,ivf,4096,4076,0,0,12,0,0,0,1.0,1.0,1.0965005494654179,1.2484146282076836,1,72876032
s0559,1000000,keys,ivf,16,11,0,0,4,0,0,0,0.821,0.8055,1.3447296805679798,6.278717354871333,1,130088960
s0560,100000,branch,ivf,16,12,0,4096,0,0,0,0,0.842,0.826,1.9840416498482227,2.197854476980865,1,61947904
s0561,100000,scan,direct,16,4,0,0,0,0,0,0,0.938,0.9295,0.6784375291317701,0.6992604350671172,1,58310656
s0562,1000000,keys,direct,16,1,0,0,13,0,0,0,1.0,1.0,0.017666490748524666,0.025474862195551395,1,138002432
s0563,1000000,branch,ivf,16,11,0,512,0,0,0,0,0.821,0.8055,0.5581250879913568,3.751347889192402,1,172179456
s0564,1000000,keys,ivf,256,250,0,0,4,0,0,0,1.0,1.0,1.7269998788833618,1.8458902835845947,1,138510336
s0565,1000000,branch,ivf,4096,3064,0,1024,0,0,0,0,0.95,0.9385,19.930041627958417,20.71788606699556,1,223477760
s0566,100000,branch,ivf,8192,3943,0,2048,0,0,0,0,0.9,0.887,2.122291596606374,2.3160001495853066,1,94371840
s0567,100000,branch,ivf,256,143,0,512,0,0,0,0,0.8,0.7839875000000001,1.4837079215794802,1.5281498664990067,1,66551808
s0568,100000,scan,direct,256,6,0,0,0,0,0,0,0.81,0.797,0.08177105337381363,0.09024541359394789,1,61112320
s0569,100000,keys,ivf,16,16,0,0,8,0,0,0,1.0,1.0,0.11845864355564117,0.14581794384866953,1,57212928
s0570,1000000,keys,ivf,256,238,0,0,8,0,0,0,0.99,0.986,0.16874982975423336,0.24126705247908828,1,142671872
s0571,100000,keys,ivf,16,15,0,0,16,0,0,0,0.9715,0.9609875,0.05206209607422352,0.07036419119685886,1,62554112
s0572,100000,branch,direct,8192,13,0,4096,0,0,0,0,0.9345,0.9225,0.022104009985923767,0.029931426979601383,1,78413824
s0573,100000,branch,direct,4096,10,0,1024,0,0,0,0,0.805,0.7889875000000001,0.023646047338843346,0.029606372117996205,1,70090752
s0574,100000,scan,ivf,8192,8122,0,0,0,0,0,0,1.0,1.0,3.5641039721667767,3.732795547693968,1,77283328
s0575,100000,keys,direct,8192,13,0,0,8,0,0,0,0.9345,0.9229875000000001,0.056166667491197586,0.06345820147544144,1,64929792
s0576,1000000,branch,sign,16,1,0,128,0,0,0,0,1.0,1.0,0.030916882678866386,0.04304111935198307,1,169820160
s0577,100000,branch,direct,4096,10,0,128,0,0,0,0,0.805,0.7904875,0.025291694328188896,0.03200410865247248,1,70041600
s0578,100000,keys,ivf,16,16,0,0,4,0,0,0,1.0,1.0,0.8664794731885195,0.9010827401652932,1,56868864
s0579,1000000,keys,ivf,8192,4766,0,0,13,0,0,0,0.9,0.8885,0.7682079449295998,2.404214791022241,1,224460800
s0580,100000,keys,direct,4096,13,0,0,12,0,0,0,1.0,1.0,0.5321255885064602,0.5657874280586839,1,64569344
s0581,1000000,keys,ivf,16,13,0,0,13,0,0,0,0.9075,0.8955,0.020041828975081444,0.03150352276861659,1,137904128
s0582,100000,keys,direct,16,4,0,0,4,0,0,0,0.938,0.93,0.24120858870446682,0.24708521086722612,1,56901632
s0583,1000000,branch,sign,4096,1,0,512,0,0,0,0,1.0,1.0,0.03875000402331352,0.04686752799898383,1,224215040
s0584,100000,branch,ivf,4096,4076,0,4096,0,0,0,0,1.0,1.0,3.325416473671794,3.5901224473491307,1,78184448
s0585,1000000,keys,ivf,8192,7186,0,0,16,0,0,0,0.99,0.986,2.0788335241377354,2.4143022717908025,1,224788480
s0586,100000,keys,ivf,4096,1806,0,0,16,0,0,0,0.8,0.7835,2.667187713086605,2.725968463346362,1,72581120
s0587,1000000,keys,direct,8192,1,0,0,4,0,0,0,1.0,1.0,0.017145881429314613,0.02290445845574139,1,154796032
s0588,100000,keys,direct,256,8,0,0,4,0,0,0,0.937,0.925,0.04464620724320412,0.05213974509388207,1,58671104
s0589,1000000,branch,direct,16,1,0,128,0,0,0,0,1.0,1.0,0.03181188367307186,0.04401446785777807,1,169836544
s0590,1000000,keys,ivf,4096,3064,0,0,13,0,0,0,0.95,0.94,0.4518539644777775,0.47720009461045265,1,215302144
s0591,100000,keys,ivf,8192,3943,0,0,16,0,0,0,0.588,,3.8487084675580263,4.023495549336075,1,81297408
s0592,1000000,keys,ivf,8192,8124,0,0,13,0,0,0,1.0,1.0,0.9886047337204218,1.058301655575633,1,224296960
s0593,1000000,branch,ivf,16,13,0,512,0,0,0,0,0.9075,0.8955,0.5918336100876331,0.9836587123572769,1,171802624
s0594,100000,keys,ivf,8192,6965,0,0,12,0,0,0,0.99,0.9855,1.9334370736032724,2.15603094547987,1,81510400
s0595,100000,keys,direct,8192,12,0,0,12,0,0,0,0.854,0.8395,0.4517084453254938,0.4888165043666959,1,65437696
s0596,100000,branch,direct,256,6,0,2048,0,0,0,0,0.81,0.796,0.08233357220888138,0.09206023532897234,1,64536576
s0597,100000,branch,ivf,4096,3642,0,512,0,0,0,0,0.99,0.9855,3.013000125065446,3.10044230427593,1,78528512
s0598,100000,branch,ivf,256,185,0,1024,0,0,0,0,0.9,0.886,1.9174788612872362,2.0652168663218617,1,66797568
s0599,1000000,branch,ivf,4096,3684,0,1024,0,0,0,0,0.99,0.9865,23.907083785161376,24.313618917949498,1,223625216
s0600,1000000,keys,ivf,8192,3498,0,0,4,0,0,0,0.8,0.7805,4.380603786557913,7.373589510098099,1,169754624
s0601,100000,branch,sign,4096,13,0,4096,0,0,0,0,1.0,1.0,0.046562403440475464,0.06262720562517642,1,69828608
s0602,100000,branch,direct,16,4,0,2048,0,0,0,0,0.938,0.9299875000000001,0.28231251053512096,0.29695597477257246,1,61620224
s0603,1000000,keys,ivf,16,16,0,0,16,0,0,0,1.0,1.0,0.042979372665286064,0.058356532827019685,1,166903808
s0604,100000,keys,direct,256,6,0,0,16,0,0,0,0.81,0.7965,1.3462088536471128,1.413243799470365,1,64651264
s0605,1000000,keys,ivf,8192,7186,0,0,13,0,0,0,0.99,0.986,0.9493539109826088,1.0059293126687407,1,224182272
s0606,100000,scan,ivf,256,240,0,0,0,0,0,0,0.99,0.9844875000000001,2.4234375450760126,2.574329450726509,1,62914560
s0607,1000000,scan,direct,16,1,0,0,0,0,0,0,1.0,1.0,1.6095209866762161,1.6812643967568872,1,139689984
s0608,1000000,keys,ivf,4096,1952,0,0,4,0,0,0,0.8,0.7834875,1.7173751257359982,6.250808108597994,1,155762688
s0609,100000,scan,direct,4096,10,0,0,0,0,0,0,0.805,0.7885,0.02435455098748207,0.030216923914849744,1,60473344
s0610,1000000,scan,ivf,8192,8124,0,0,0,0,0,0,1.0,1.0,26.67218749411404,28.053537663072348,1,196476928
s0611,100000,branch,direct,4096,12,0,128,0,0,0,0,0.9265,0.9155,0.02797902561724186,0.03839156124740839,1,70090752
s0612,1000000,branch,ivf,8192,5688,0,512,0,0,0,0,0.95,0.94,19.63531319051981,20.565588935278356,1,234127360
s0613,1000000,branch,ivf,4096,4057,0,1024,0,0,0,0,1.0,1.0,26.53320855461061,28.059124597348273,1,223379456
s0614,1000000,keys,none,1,1,0,0,4,0,0,0,1.0,1.0,1.8002288416028023,1.8851002445444465,1,135528448
s0615,100000,keys,ivf,256,185,0,0,13,0,0,0,0.9,0.8874875,0.08543767035007477,0.1170918345451355,1,64192512
s0616,100000,branch,ivf,8192,5203,0,128,0,0,0,0,0.95,0.939,2.874208614230156,2.9746314277872443,1,94175232
s0617,1000000,branch,ivf,16,16,0,2048,0,0,0,0,1.0,1.0,1.9415623974055052,2.3872724501416083,1,170934272
s0618,100000,keys,direct,256,9,0,0,13,0,0,0,1.0,1.0,0.2558124251663685,0.27773159090429544,1,64241664
s0619,100000,branch,direct,4096,12,0,512,0,0,0,0,0.9265,0.9159875000000001,0.02652057446539402,0.034558470360934734,1,70172672
s0620,100000,keys,ivf,4096,1806,0,0,13,0,0,0,0.8,0.783,0.5427084397524595,0.5858060903847218,1,72613888
s0621,1000000,branch,ivf,256,250,0,512,0,0,0,0,1.0,1.0,3.2735620625317097,4.030724754557012,1,190644224
s0622,100000,branch,direct,8192,12,0,2048,0,0,0,0,0.854,0.8389875,0.020229024812579155,0.028318562544882294,1,78594048
s0623,100000,keys,ivf,8192,2796,0,0,12,0,0,0,0.8,0.7884875,0.9645209647715092,1.0509894229471684,1,81231872
s0624,1000000,branch,sign,4096,1,0,2048,0,0,0,0,1.0,1.0,0.03914558328688145,0.0457477057352662,1,224002048
s0625,1000000,branch,ivf,256,250,0,2048,0,0,0,0,1.0,1.0,9.568520355969667,10.124634974636137,1,190840832
s0626,100000,keys,ivf,8192,8122,0,0,12,0,0,0,1.0,1.0,2.1550203673541546,2.2129606222733855,1,81313792
s0627,1000000,keys,ivf,256,250,0,0,12,0,0,0,1.0,1.0,0.05647935904562473,0.11238513980060814,1,173735936
s0628,1000000,scan,direct,256,1,0,0,0,0,0,0,1.0,1.0,0.13552047312259674,0.15108780935406677,1,157188096
s0629,1000000,keys,direct,8192,1,0,0,13,0,0,0,1.0,1.0,0.33135409466922283,0.3534655086696148,1,209633280
s0630,1000000,keys,ivf,4096,4057,0,0,12,0,0,0,1.0,1.0,0.5032711196690798,0.5333003588020802,1,213991424
s0631,1000000,keys,sign,8192,1,0,0,8,0,0,0,1.0,1.0,0.05683302879333496,0.06878122221678494,1,195854336
s0632,100000,branch,sign,16,5,0,2048,0,0,0,0,1.0,1.0,0.3228960558772087,0.33385155256837606,1,62963712
s0633,100000,keys,direct,256,9,0,0,4,0,0,0,1.0,1.0,0.04974985495209694,0.059494073502719395,1,58556416
s0634,100000,branch,none,1,1,0,2048,0,0,0,0,1.0,1.0,0.4101248923689127,0.5087081342935559,1,62390272
s0635,100000,branch,ivf,4096,2481,0,512,0,0,0,0,0.9,0.8889875,2.085020300000906,2.160401432774961,1,78495744
s0636,100000,branch,ivf,16,16,0,128,0,0,0,0,1.0,1.0,0.44595845974981785,0.5677600158378479,1,63012864
s0637,100000,branch,ivf,256,240,0,128,0,0,0,0,0.99,0.9845,1.938999630510807,2.076681354083121,1,66781184
s0638,100000,keys,direct,4096,10,0,0,16,0,0,0,0.614,,2.927375491708517,3.011875506490469,1,64487424
s0639,1000000,branch,sign,16,1,0,2048,0,0,0,0,1.0,1.0,0.13914587907493114,0.21455823443830013,1,169820160
s0640,100000,branch,direct,4096,10,0,4096,0,0,0,0,0.805,0.79,0.024708453565835953,0.03420466091483831,1,70189056
s0641,100000,branch,ivf,16,16,0,512,0,0,0,0,1.0,1.0,0.9744586423039436,1.005258341319859,1,62537728
s0642,100000,keys,ivf,16,14,0,0,16,0,0,0,0.94,0.9265,0.05300063639879227,0.07297119591385122,1,62521344
s0643,1000000,branch,ivf,4096,4057,0,128,0,0,0,0,1.0,1.0,11.493791826069355,12.102331360802054,1,223576064
s0644,100000,branch,direct,4096,12,0,2048,0,0,0,0,0.9265,0.9145,0.027395784854888916,0.03641492221504449,1,70402048
s0645,1000000,branch,direct,16,1,0,2048,0,0,0,0,1.0,1.0,0.16197888180613518,0.23072990588843822,1,169721856
s0646,100000,branch,ivf,8192,5203,0,2048,0,0,0,0,0.95,0.9405,2.7231459971517324,2.9777662362903357,1,94371840
s0647,100000,scan,direct,256,9,0,0,0,0,0,0,1.0,1.0,0.10860362090170383,0.11291259434074162,1,62865408
s0648,1000000,keys,ivf,256,238,0,0,16,0,0,0,0.99,0.9855,0.08872873149812222,0.11629958171397446,1,201506816
s0649,100000,branch,ivf,8192,6965,0,1024,0,0,0,0,0.99,0.9855,3.6125415936112404,3.799391002394259,1,94732288
s0650,100000,keys,direct,4096,12,0,0,8,0,0,0,0.9265,0.915,0.057666562497615814,0.0669396249577403,1,64159744
s0651,100000,keys,direct,16,4,0,0,8,0,0,0,0.938,0.93,0.044749584048986435,0.05563686136156319,1,57098240
s0652,100000,keys,direct,8192,14,0,0,8,0,0,0,1.0,1.0,0.060520367696881294,0.0681169331073761,1,64978944
s0653,1000000,keys,ivf,4096,1952,0,0,12,0,0,0,0.8,0.7844875,0.3616251051425934,1.2026756070554256,1,213958656
s0654,100000,branch,ivf,4096,3642,0,2048,0,0,0,0,0.99,0.9855,3.028708975762129,3.2783309696242213,1,78528512
s0655,100000,keys,direct,256,6,0,0,13,0,0,0,0.81,0.7965,0.1854994334280491,0.2091017551720142,1,64307200
s0656,1000000,branch,ivf,16,11,0,4096,0,0,0,0,0.821,0.8055,1.9811252132058144,10.166265233419836,1,171802624
s0657,1000000,keys,direct,256,1,0,0,4,0,0,0,1.0,1.0,0.0225212424993515,0.027490314096212384,1,138330112
s0658,100000,branch,ivf,4096,1806,0,1024,0,0,0,0,0.8,0.7835,1.5670829452574253,1.6232236288487911,1,78249984
s0659,1000000,keys,sign,8192,1,0,0,4,0,0,0,1.0,1.0,0.05170819349586964,0.059408787637948976,1,154435584
s0660,100000,branch,ivf,8192,6965,0,4096,0,0,0,0,0.99,0.9855,3.6079580895602703,3.8841705303639174,1,94289920
s0661,100000,branch,direct,4096,13,0,1024,0,0,0,0,1.0,1.0,0.029437709599733353,0.0370981404557824,1,70189056
s0662,1000000,keys,ivf,256,238,0,0,13,0,0,0,0.99,0.9855,0.04877080209553242,0.08091847412288185,1,181272576
s0663,100000,branch,direct,16,5,0,1024,0,0,0,0,1.0,1.0,0.20252098329365253,0.21560930181294677,1,61997056
s0664,1000000,keys,ivf,16,15,0,0,4,0,0,0,0.9725,0.966,1.6457086894661188,1.712162233889103,1,130007040
s0665,100000,keys,ivf,4096,3642,0,0,16,0,0,0,0.6845,,3.3652083948254585,3.538720100186765,1,72695808
s0666,1000000,keys,direct,256,1,0,0,13,0,0,0,1.0,1.0,0.03435439430177212,0.05903560668230057,1,183844864
s0667,1000000,branch,direct,4096,1,0,2048,0,0,0,0,1.0,1.0,0.023624859750270844,0.028962874785065634,1,224411648
s0668,1000000,branch,ivf,256,238,0,4096,0,0,0,0,0.99,0.986,23.565520998090506,26.342587498947978,1,190660608
s0669,1000000,scan,ivf,4096,4057,0,0,0,0,0,0,1.0,1.0,27.181791607290506,27.51438522245735,1,188006400
s0670,100000,keys,ivf,256,209,0,0,12,0,0,0,0.9515,0.9389875,0.09839609265327454,0.14527924358844754,1,63995904
s0671,1000000,keys,ivf,16,11,0,0,8,0,0,0,0.821,0.806,0.12122909538447857,0.7674833759665489,1,130613248
s0672,100000,keys,ivf,4096,4076,0,0,4,0,0,0,1.0,1.0,1.8606041558086872,2.042425121180713,1,69435392
s0673,1000000,scan,ivf,16,13,0,0,0,0,0,0,0.9075,0.8955,20.13183361850679,20.36098304670304,1,138739712
s0674,1000000,keys,direct,16,1,0,0,12,0,0,0,1.0,1.0,0.01699943095445633,0.02356050536036491,1,134758400
s0675,100000,branch,ivf,256,256,0,2048,0,0,0,0,1.0,1.0,2.630688017234206,2.8484792448580265,1,66584576
s0676,1000000,keys,ivf,256,250,0,0,16,0,0,0,1.0,1.0,0.09883358143270016,0.13715631794184444,1,201293824
s0677,100000,branch,ivf,16,14,0,128,0,0,0,0,0.94,0.925,0.41750003583729267,0.5466686096042392,1,61718528
s0678,100000,keys,direct,4096,12,0,0,13,0,0,0,0.9265,0.915,0.9440206922590733,1.0051068384200335,1,64585728
s0679,100000,keys,ivf,8192,3943,0,0,13,0,0,0,0.9,0.887,1.2492500245571136,1.2930213473737238,1,81362944
s0680,1000000,branch,ivf,4096,3684,0,2048,0,0,0,0,0.99,0.986,24.60950007662177,26.01594782900065,1,223461376
s0681,100000,keys,ivf,256,240,0,0,8,0,0,0,0.99,0.984,0.2348748967051506,0.39908573962748034,1,60948480
s0682,100000,keys,ivf,16,16,0,0,13,0,0,0,1.0,1.0,0.028041424229741096,0.04967846907675265,1,61341696
s0683,1000000,branch,ivf,256,209,0,512,0,0,0,0,0.9515,0.944,2.7080210857093334,3.1416269950568676,1,190742528
s0684,1000000,keys,ivf,16,15,0,0,8,0,0,0,0.9725,0.9665,0.14118757098913193,0.16695859376341105,1,130629632
s0685,1000000,branch,ivf,16,11,0,2048,0,0,0,0,0.821,0.8045,1.702499808743596,8.651890116743743,1,171900928
s0686,100000,branch,ivf,16,15,0,4096,0,0,0,0,0.9715,0.96,2.450853819027543,2.4909170111641283,1,61980672
s0687,100000,keys,sign,4096,13,0,0,4,0,0,0,1.0,1.0,0.04391651600599289,0.052128662355244146,1,61423616
s0688,100000,branch,ivf,256,256,0,512,0,0,0,0,1.0,1.0,2.6063541881740093,2.6859621517360206,1,66568192
s0689,100000,keys,ivf,16,14,0,0,12,0,0,0,0.94,0.9259875000000001,0.03316695801913738,0.06089163944125175,1,59736064
s0690,1000000,keys,ivf,4096,3064,0,0,8,0,0,0,0.95,0.9385,1.207082998007536,1.483529317192733,1,186236928
s0691,100000,keys,sign,256,9,0,0,4,0,0,0,1.0,1.0,0.050979433581233025,0.062253791838884354,1,58589184
s0692,100000,keys,sign,4096,13,0,0,13,0,0,0,1.0,1.0,0.9749580640345812,1.0447911219671369,1,64208896
s0693,1000000,branch,sign,4096,1,0,1024,0,0,0,0,1.0,1.0,0.039062462747097015,0.04470651037991046,1,224116736
s0694,1000000,keys,ivf,256,238,0,0,4,0,0,0,0.99,0.985,1.736895414069295,1.8444014945998788,1,138526720
s0695,1000000,branch,ivf,8192,3498,0,2048,0,0,0,0,0.8,0.7819875000000001,12.11502100341022,12.912505911663175,1,234242048
s0696,1000000,branch,direct,256,1,0,2048,0,0,0,0,1.0,1.0,0.08095847442746162,0.09360385593026876,1,190660608
s0697,1000000,keys,none,1,1,0,0,8,0,0,0,1.0,1.0,0.1409999094903469,0.15659758355468506,1,135675904
s0698,100000,keys,direct,16,3,0,0,13,0,0,0,0.867,0.853,0.05320855416357517,0.09573211427778006,1,61669376
s0699,1000000,keys,ivf,4096,4057,0,0,8,0,0,0,1.0,1.0,1.2847494799643755,1.6066182637587185,1,186433536
s0700,1000000,branch,direct,256,1,0,4096,0,0,0,0,1.0,1.0,0.13418751768767834,0.1413724385201931,1,190971904
s0701,100000,keys,ivf,16,15,0,0,12,0,0,0,0.9715,0.9605,0.04081311635673046,0.06503497716039419,1,59801600
s0702,100000,branch,direct,4096,13,0,4096,0,0,0,0,1.0,1.0,0.02906261943280697,0.040710601024329655,1,69976064
s0703,100000,branch,ivf,256,240,0,2048,0,0,0,0,0.99,0.9845,2.4583754129707813,2.490275027230382,1,66437120
