case_id,method,documents,phase,leaf_size,node_budget,key_bits,candidate_target,recall,p50_ms,predicted_p50_ms,p50_error_percent,p95_ms,predicted_p95_ms,within_twenty_percent,logical_index_bytes,array_capacity_bytes,rss_before_queries,sampled_query_peak,lifetime_peak_bytes,budget_status,mean_scored,mean_split_words,mean_leaf_words,mean_key_attempts,max_mask_bytes,max_key_queue_bytes,power_unchanged
0,keys,32768,check,0,0,8,0,1.0,0.8682501502335072,0.8991913898295212,3.5636319311540214,0.9353057714179157,0.9006032515695739,True,1315840,1310720,49102848,53559296,53559296,fits_by_lifetime_peak,32768.0,0.0,0.0,256.0,0,2048,True
1,branch,16384,fit,8,0,0,0,1.0,2.483270363882184,2.5139314310235936,1.2347051528242001,2.5947252986952662,2.5205349300559488,True,1179648,1179648,50528256,54968320,54968320,fits_by_lifetime_peak,16384.0,755392.0,755136.0,0.0,1396736,0,True
2,branch,4096,fit,128,0,0,0,1.0,0.1437915489077568,0.2254267928738128,56.77332540483691,0.1645562471821904,0.2264430361843222,False,294912,294912,48627712,52166656,52166656,fits_by_lifetime_peak,4096.0,2928.0,2992.0,0.0,10240,0,True
3,branch,4096,fit,32,512,0,0,1.0,0.18714554607868195,0.24462802199320596,30.715385494857866,0.2078606281429529,0.24592648636523048,False,294912,294912,48611328,48758784,48758784,fits_by_lifetime_peak,4096.0,11840.0,11904.0,0.0,28160,0,True
4,branch,16384,fit,32,512,0,0,0.7537499999999999,0.29754149727523327,0.36572197463448664,22.91461123360038,0.34494735300540924,0.3793930476433294,False,1179648,1179648,49463296,49528832,49561600,fits_by_lifetime_peak,4161.25,83776.0,47296.0,0.0,352256,0,True
5,keys,8192,check,0,0,12,1000,0.27749999999999997,0.0654999166727066,0.06737299547347017,2.859665929230207,0.07682954892516135,0.06808109965300015,True,398840,327680,48726016,48840704,49004544,fits_by_lifetime_peak,1001.375,0.0,0.0,504.0,0,8192,True
6,branch,2048,check,8,512,0,0,0.9187500000000001,0.09954161942005157,0.08641383044597586,-13.188241311082448,0.11277163866907358,0.08696283037164218,True,147456,147456,48431104,48611328,48611328,fits_by_lifetime_peak,1257.0,9280.0,7104.0,0.0,25088,0,True
7,branch,32768,check,128,512,0,0,0.9575,0.9257704950869083,1.2939279776767683,39.76768373410933,1.006776629947126,1.3500333269942153,False,2359296,2359296,51331072,51527680,51937280,fits_by_lifetime_peak,19078.75,152192.0,109952.0,0.0,434176,0,True
8,branch,262144,fit,32,0,0,0,1.0,125.53289602510631,119.80100408940166,-4.566047719123986,130.19618939142674,120.18318606018373,True,18874368,18874368,156188672,160972800,160972800,fits_by_lifetime_peak,262144.0,48776704.0,48780800.0,0.0,82378752,0,True
9,keys,2048,check,0,0,4,1000,0.62375,0.044666463509202003,0.05434474176512951,21.66788569221207,0.054495315998792634,0.05692942195292136,False,82240,81920,48513024,48627712,48627712,fits_by_lifetime_peak,1066.75,0.0,0.0,8.375,0,128,True
10,keys,16384,fit,0,0,8,0,1.0,0.46339607797563076,0.4661032293683533,0.5841981668357807,0.48966885078698397,0.46715147949221175,True,660480,655360,48644096,52707328,52707328,fits_by_lifetime_peak,16384.0,0.0,0.0,256.0,0,2048,True
11,keys,32768,check,0,0,12,1000,0.095,0.05029141902923584,0.05581700931123679,10.987143311245132,0.061062350869178765,0.05678522098381666,True,1392620,1310720,49643520,49823744,50708480,fits_by_lifetime_peak,1003.75,0.0,0.0,127.25,0,4096,True
12,scan,4096,fit,0,0,0,0,1.0,0.12141698971390724,0.12743622741927946,4.957492126559258,0.1371168531477451,0.12858468785216653,True,163840,163840,48857088,52232192,52232192,fits_by_lifetime_peak,4096.0,0.0,0.0,0.0,0,0,True
13,keys,8192,check,0,0,8,1000,0.225,0.04443759098649025,0.05391379759691722,21.32475321019966,0.05099361296743154,0.05429502686257803,False,332800,327680,48676864,48807936,48922624,fits_by_lifetime_peak,1020.375,0.0,0.0,32.125,0,512,True
14,keys,262144,fit,0,0,4,1000,0.09,0.46114553697407246,0.45982654729739203,-0.286024599811878,0.47474808525294065,0.4611711233865583,True,10486080,10485760,61800448,61931520,70205440,fits_by_lifetime_peak,16376.875,0.0,0.0,1.0,0,16,True
15,keys,131072,check,0,0,8,1000,0.030000000000000002,0.044188229367136955,0.053450283359681175,20.96045513747709,0.058137811720371246,0.06556850460554497,False,5248000,5242880,54738944,54870016,58916864,fits_by_lifetime_peak,1087.625,0.0,0.0,2.125,0,32,True
16,branch,262144,fit,128,512,0,0,0.5700000000000001,2.4000415578484535,3.046599314415591,26.939440046477863,2.8862722683697934,3.0943935415647226,False,18874368,18874368,81264640,81608704,82837504,fits_by_lifetime_peak,14300.75,1456128.0,641024.0,0.0,6979584,0,True
17,keys,8192,check,0,0,12,0,1.0,0.42474991641938686,0.40179448554764746,-5.4044580079619875,0.44689520727843046,0.4027595918486571,True,398840,327680,48824320,52412416,52412416,fits_by_lifetime_peak,8192.0,0.0,0.0,4096.0,0,32768,True
18,keys,16384,fit,0,0,12,1000,0.1825,0.05704187788069248,0.05959222380651377,4.471006251153822,0.06845016032457352,0.06007880368068616,True,735860,655360,49020928,49184768,49528832,fits_by_lifetime_peak,1002.625,0.0,0.0,258.25,0,8192,True
19,branch,131072,check,8,512,0,0,0.16875,0.7649585604667664,1.1689997095497038,52.81869763460095,0.8626519003883004,1.1702526367376258,False,9437184,9437184,66191360,66404352,66404352,fits_by_lifetime_peak,574.0,844032.0,204544.0,0.0,5210112,0,True
20,branch,2048,check,32,512,0,0,1.0,0.09554228745400906,0.11617347458129795,21.59377557002712,0.10749818757176399,0.11760452138604799,False,147456,147456,48578560,48726016,48726016,fits_by_lifetime_peak,2048.0,2952.0,2984.0,0.0,8192,0,True
21,branch,131072,check,32,512,0,0,0.385,1.0349582880735397,1.3017471584174338,25.777741327188366,1.1636497918516397,1.317402894718641,False,9437184,9437184,64897024,65142784,65142784,fits_by_lifetime_peak,3082.75,770048.0,278528.0,0.0,4177920,0,True
22,branch,32768,check,32,512,0,0,0.6025,0.38677104748785496,0.4878580024650805,26.136122554623167,0.4268775694072246,0.49448213484329295,False,2359296,2359296,51560448,51691520,51789824,fits_by_lifetime_peak,3781.375,177344.0,84800.0,0.0,794624,0,True
23,branch,4096,fit,8,0,0,0,1.0,0.3209791611880064,0.32252137480192067,0.48047156962035614,0.3493561176583171,0.3235597982995599,True,294912,294912,48709632,52183040,52183040,fits_by_lifetime_peak,4096.0,47600.0,47592.0,0.0,97792,0,True
24,keys,131072,check,0,0,4,1000,0.10375000000000001,0.24341698735952377,0.24242181521409734,-0.4088343037277759,0.2544909715652466,0.245370969709954,True,5243200,5242880,54706176,54820864,58884096,fits_by_lifetime_peak,8186.5,0.0,0.0,1.0,0,16,True
25,branch,1024,fit,8,512,0,0,1.0,0.07112487219274044,0.06144596547349676,-13.608329155256584,0.07911415304988623,0.0618682566613184,True,73728,73728,48611328,48676864,48676864,fits_by_lifetime_peak,1024.0,2950.0,2964.0,0.0,7168,0,True
26,branch,8192,check,8,0,0,0,1.0,0.834333710372448,0.848687707359401,1.7204143628027935,0.9056185139343143,0.8516130115986908,True,589824,589824,48906240,52953088,52953088,fits_by_lifetime_peak,8192.0,189056.0,189056.0,0.0,362496,0,True
27,branch,16384,fit,32,0,0,0,1.0,0.9617290925234556,1.2872410740164493,33.84653578887703,1.0137327946722507,1.2903030900921435,False,1179648,1179648,49233920,53641216,53641216,fits_by_lifetime_peak,16384.0,189888.0,190144.0,0.0,391168,0,True
28,keys,65536,fit,0,0,12,0,1.0,1.8790210597217083,1.9177057254755867,2.058767013479231,1.9621562445536256,1.9184798640826715,True,2703360,2621440,51265536,55771136,55771136,fits_by_lifetime_peak,65536.0,0.0,0.0,4096.0,0,32768,True
29,keys,262144,fit,0,0,12,1000,0.01625,0.04822900518774986,0.05363229845946074,11.203410169205217,0.06081438623368739,0.054582647042788486,True,10567680,10485760,62160896,62308352,70516736,fits_by_lifetime_peak,1029.5,0.0,0.0,16.375,0,256,True
30,branch,32768,check,8,512,0,0,0.28500000000000003,0.29758294112980366,0.32646143113547543,9.70434995232982,0.3183456137776375,0.327420389914742,True,2359296,2359296,51642368,51806208,51806208,fits_by_lifetime_peak,766.25,191680.0,70464.0,0.0,1056768,0,True
31,branch,262144,fit,8,0,0,0,1.0,427.0805006381124,433.1244090169034,1.4151684213539688,454.5273706316948,433.9602305537258,True,18874368,18874368,361201664,370343936,370343936,fits_by_lifetime_peak,262144.0,193338880.0,193189888.0,0.0,295010304,0,True
32,keys,1024,fit,0,0,12,0,1.0,0.2177709247916937,0.2123186190726997,-2.5036885544795915,0.227295677177608,0.21343145641710773,True,59080,40960,48922624,52346880,52346880,fits_by_lifetime_peak,1024.0,0.0,0.0,4096.0,0,32768,True
33,branch,4096,fit,8,512,0,0,0.67375,0.1102082896977663,0.0911226634348191,-17.317777378895325,0.12053467798978089,0.09426637287425119,True,294912,294912,48627712,48775168,48775168,fits_by_lifetime_peak,1033.125,20960.0,11808.0,0.0,91648,0,True
34,branch,1024,fit,128,0,0,0,1.0,0.04841666668653488,0.05541068069195759,14.445467819385861,0.05821604281663895,0.05646624120166812,True,73728,73728,48611328,52019200,52019200,fits_by_lifetime_peak,1024.0,174.0,190.0,0.0,1024,0,True
35,keys,4096,fit,0,0,4,1000,0.3725,0.04945788532495499,0.053910620787279366,9.003085014792699,0.05609707441180944,0.060771538230248265,True,164160,163840,48660480,48775168,48775168,fits_by_lifetime_peak,1111.375,0.0,0.0,4.375,0,64,True
36,keys,32768,check,0,0,4,0,1.0,0.8921250700950623,0.8928176281703569,0.07763015506568739,0.919948099181056,0.8938632705910065,True,1311040,1310720,49266688,53673984,53673984,fits_by_lifetime_peak,32768.0,0.0,0.0,16.0,0,128,True
37,branch,131072,check,128,512,0,0,0.7112499999999999,1.493249787017703,1.9299429705741344,29.24448323067159,1.7929015215486284,1.9692643285824545,False,9437184,9437184,64208896,64520192,65323008,fits_by_lifetime_peak,14860.375,708096.0,340480.0,0.0,3178496,0,True
38,keys,131072,check,0,0,4,0,1.0,3.4762497525662184,3.4914688270252827,0.43780152584921145,3.716550045646727,3.492349019990552,True,5243200,5242880,54460416,58015744,58638336,fits_by_lifetime_peak,131072.0,0.0,0.0,16.0,0,128,True
39,branch,65536,fit,128,512,0,0,0.8325,1.0892294812947512,1.4378092846730333,32.002420919045484,1.1775224469602108,1.4690353605386584,False,4718592,4718592,55738368,55853056,56229888,fits_by_lifetime_peak,16119.75,338176.0,186112.0,0.0,1507328,0,True
40,branch,1024,fit,32,0,0,0,1.0,0.053583644330501556,0.05666333617614534,5.747447535759948,0.06249705329537391,0.057727281296386795,True,73728,73728,48644096,52101120,52101120,fits_by_lifetime_peak,1024.0,736.0,752.0,0.0,2560,0,True
41,scan,8192,check,0,0,0,0,1.0,0.22468739189207554,0.23257457623866434,3.510292357827211,0.2341295825317502,0.23350301171329851,True,327680,327680,48529408,52281344,52281344,fits_by_lifetime_peak,8192.0,0.0,0.0,0.0,0,0,True
42,branch,1024,fit,8,0,0,0,1.0,0.07297913543879986,0.06144643113478407,-15.802741748957946,0.08215631823986769,0.06270137127044068,True,73728,73728,48889856,52330496,52330496,fits_by_lifetime_peak,1024.0,2950.0,2964.0,0.0,7168,0,True
43,keys,16384,fit,0,0,12,0,1.0,0.6296874489635229,0.6184212206567286,-1.7891778413780957,0.664537725970149,0.6195007166529654,True,735860,655360,49037312,53067776,53067776,fits_by_lifetime_peak,16384.0,0.0,0.0,4096.0,0,32768,True
44,branch,8192,check,32,0,0,0,1.0,0.41435379534959793,0.5409171497077295,30.544755660159396,0.4613545490428805,0.5431203385502955,False,589824,589824,48660480,52690944,52690944,fits_by_lifetime_peak,8192.0,47616.0,47744.0,0.0,105472,0,True
45,branch,8192,check,128,512,0,0,1.0,0.30374969355762005,0.4639252972968966,52.732762250142606,0.3184080356732011,0.464741946988983,False,589824,589824,48742400,48873472,49004544,fits_by_lifetime_peak,8192.0,12000.0,12128.0,0.0,31744,0,True
46,branch,16384,fit,128,512,0,0,1.0,0.6785627920180559,0.9792485601756924,44.31215087160799,0.6974410032853484,0.9821995959916352,False,1179648,1179648,49070080,49168384,49414144,fits_by_lifetime_peak,16384.0,47968.0,48224.0,0.0,116736,0,True
47,branch,131072,check,32,0,0,0,1.0,30.739728827029467,33.509014778834675,9.008817115426776,32.76936879847199,33.62198513188893,True,9437184,9437184,82411520,85884928,85884928,fits_by_lifetime_peak,131072.0,12213248.0,12215296.0,0.0,21446656,0,True
48,keys,8192,check,0,0,8,0,1.0,0.2570422366261482,0.24953889287177142,-2.9191092689136333,0.2769038313999772,0.2505594361490351,True,332800,327680,48545792,52150272,52150272,fits_by_lifetime_peak,8192.0,0.0,0.0,256.0,0,2048,True
49,branch,2048,check,128,512,0,0,1.0,0.08481252007186413,0.11132844667144728,31.264165452359432,0.09676890913397072,0.11174485940448851,False,147456,147456,48529408,48709632,48709632,fits_by_lifetime_peak,2048.0,732.0,764.0,0.0,3072,0,True
50,keys,262144,fit,0,0,12,0,1.0,7.108750054612756,7.115070288967294,0.08890781510086997,7.422543736174703,7.116136909428937,True,10567680,10485760,62488576,66027520,70844416,fits_by_lifetime_peak,262144.0,0.0,0.0,4096.0,0,32768,True
51,keys,8192,check,0,0,4,1000,0.20125,0.04575005732476711,0.05377964419633162,17.55098756393827,0.059753539972007275,0.0658588954976528,True,328000,327680,48644096,48758784,48906240,fits_by_lifetime_peak,1135.875,0.0,0.0,2.25,0,32,True
52,keys,65536,fit,0,0,4,0,1.0,1.767770852893591,1.7590554163826173,-0.4930184529690418,1.8768784357234836,1.7598223605228132,True,2621760,2621440,50905088,55246848,55246848,fits_by_lifetime_peak,65536.0,0.0,0.0,16.0,0,128,True
53,keys,262144,fit,0,0,8,1000,0.0125,0.04570791497826576,0.05461518212778911,19.487362645526005,0.07304656319320202,0.07992689148989647,True,10490880,10485760,61865984,62029824,70254592,fits_by_lifetime_peak,1291.125,0.0,0.0,1.25,0,16,True
54,branch,262144,fit,32,512,0,0,0.28874999999999995,1.6650205943733454,2.401426305075158,44.228024157200856,1.887669088318944,2.409638634664569,False,18874368,18874368,85180416,85295104,85295104,fits_by_lifetime_peak,2346.5,1688064.0,409088.0,0.0,10518528,0,True
55,keys,65536,fit,0,0,8,1000,0.042499999999999996,0.04785414785146713,0.05392586389737134,12.687961897785751,0.05495990626513958,0.05946677930262716,True,2626560,2621440,51019776,51183616,53100544,fits_by_lifetime_peak,1081.75,0.0,0.0,4.25,0,64,True
56,keys,4096,fit,0,0,12,1000,0.43375,0.09306217543780804,0.08491837117623799,-8.750928315674741,0.10650597978383303,0.08617937563965579,True,215500,163840,49053696,49168384,49184768,fits_by_lifetime_peak,1000.75,0.0,0.0,996.375,0,16384,True
57,scan,2048,check,0,0,0,0,1.0,0.06985431537032127,0.07486705300958701,7.175988502201372,0.07870777044445275,0.0759856412708933,True,81920,81920,48447488,51904512,51904512,fits_by_lifetime_peak,2048.0,0.0,0.0,0.0,0,0,True
58,branch,2048,check,128,0,0,0,1.0,0.08516642265021801,0.11134893576808882,30.742764933785548,0.09314806666225195,0.11248028341945987,False,147456,147456,48660480,52068352,52068352,fits_by_lifetime_peak,2048.0,732.0,764.0,0.0,3072,0,True
59,branch,16384,fit,128,0,0,0,1.0,0.6124377250671387,0.9792342618471523,59.891238205452396,0.649440404959023,0.9816393356138109,False,1179648,1179648,49086464,53575680,53575680,fits_by_lifetime_peak,16384.0,47968.0,48224.0,0.0,116736,0,True
60,branch,65536,fit,8,512,0,0,0.21375,0.44808373786509037,0.5996557892941872,33.826724475935414,0.4850607365369797,0.6031308694831713,False,4718592,4718592,56655872,56770560,56770560,fits_by_lifetime_peak,583.125,421120.0,103168.0,0.0,2629632,0,True
61,keys,262144,fit,0,0,4,0,1.0,6.941396044567227,6.956211596448255,0.21343763971835533,7.347964588552713,6.957115933951271,True,10486080,10485760,61964288,65388544,70320128,fits_by_lifetime_peak,262144.0,0.0,0.0,16.0,0,128,True
62,branch,65536,fit,8,0,0,0,1.0,28.555291704833508,29.664983525186848,3.8861162120977557,30.055673560127616,29.762272345447673,True,4718592,4718592,74186752,77856768,77856768,fits_by_lifetime_peak,65536.0,12072704.0,12064384.0,0.0,20094976,0,True
63,branch,131072,check,8,0,0,0,1.0,114.5812498871237,111.83457613233114,-2.397140681829157,119.00672207120806,112.1856440630747,True,9437184,9437184,136577024,141656064,141656064,fits_by_lifetime_peak,131072.0,48353024.0,48326144.0,0.0,77070336,0,True
64,keys,2048,check,0,0,12,1000,0.67875,0.1452078577131033,0.12329588440190416,-15.090074088478092,0.1549688633531332,0.1253957653755418,True,113860,81920,48562176,48726016,48726016,fits_by_lifetime_peak,1000.375,0.0,0.0,1979.25,0,32768,True
65,branch,1024,fit,128,512,0,0,1.0,0.0477286521345377,0.05544492394299552,16.166959390990492,0.056325085461139665,0.05603925308427129,True,73728,73728,48463872,48594944,48594944,fits_by_lifetime_peak,1024.0,174.0,190.0,0.0,1024,0,True
66,keys,262144,fit,0,0,8,0,1.0,6.878396030515432,6.962730644429059,1.2260796490850951,7.023087632842362,6.963843714604111,True,10490880,10485760,61980672,65421312,70369280,fits_by_lifetime_peak,262144.0,0.0,0.0,256.0,0,2048,True
67,keys,32768,check,0,0,4,1000,0.08249999999999999,0.07375003769993782,0.08074453830530476,9.48406376932989,0.07966083940118551,0.08171967889070508,True,1311040,1310720,49135616,49283072,50167808,fits_by_lifetime_peak,2050.125,0.0,0.0,1.0,0,16,True
68,keys,65536,fit,0,0,8,0,1.0,1.7801662907004356,1.765470621896352,-0.8255222492894931,1.9088160712271929,1.7670887948697465,True,2626560,2621440,50905088,55279616,55279616,fits_by_lifetime_peak,65536.0,0.0,0.0,256.0,0,2048,True
69,scan,131072,check,0,0,0,0,1.0,3.24418768286705,3.386850070875853,4.3974764087238345,3.4866461995989084,3.3883291275396643,True,5242880,5242880,56721408,60260352,60915712,fits_by_lifetime_peak,131072.0,0.0,0.0,0.0,0,0,True
70,keys,4096,fit,0,0,8,0,1.0,0.14775036834180355,0.1412879239297301,-4.373893943278245,0.1707914052531123,0.1424872345751912,True,168960,163840,48447488,51986432,51986432,fits_by_lifetime_peak,4096.0,0.0,0.0,256.0,0,2048,True
71,branch,65536,fit,32,0,0,0,1.0,8.573250146582723,10.102706892366161,17.839870756519055,9.634029399603605,10.14062856037984,True,4718592,4718592,60112896,63520768,63520768,fits_by_lifetime_peak,65536.0,3044992.0,3046016.0,0.0,5545984,0,True
72,branch,2048,check,32,0,0,0,1.0,0.09852088987827301,0.11618717729643188,17.93151426056582,0.11583415325731038,0.11710359798792873,True,147456,147456,48545792,52035584,52035584,fits_by_lifetime_peak,2048.0,2952.0,2984.0,0.0,8192,0,True
73,keys,131072,check,0,0,8,0,1.0,3.6718538030982018,3.4979461983208733,-4.736234450036937,3.8098354125395417,3.498859453237541,True,5248000,5242880,54476800,57901056,58671104,fits_by_lifetime_peak,131072.0,0.0,0.0,256.0,0,2048,True
74,branch,65536,fit,128,0,0,0,1.0,4.224916687235236,5.188668252332413,22.811137744064027,5.041458294726907,5.205186982392174,False,4718592,4718592,55754752,59211776,59211776,fits_by_lifetime_peak,65536.0,776320.0,777344.0,0.0,1540096,0,True
75,keys,1024,fit,0,0,8,0,1.0,0.051541486755013466,0.06002111688096595,16.452047971099066,0.06332199554890393,0.06112727198590112,True,45940,40960,48463872,51953664,51953664,fits_by_lifetime_peak,1024.0,0.0,0.0,256.0,0,2048,True
76,keys,1024,fit,0,0,12,1000,0.9937499999999999,0.21279137581586838,0.2077386490430897,-2.374497910644125,0.22580623626708984,0.2088180689470787,True,59080,40960,48660480,48807936,48807936,fits_by_lifetime_peak,1000.125,0.0,0.0,4004.75,0,32768,True
77,keys,131072,check,0,0,12,0,1.0,3.7083125207573175,3.6502437005126067,-1.565909559123456,3.8556312676519156,3.651269179799516,True,5324800,5242880,54968320,58490880,59097088,fits_by_lifetime_peak,131072.0,0.0,0.0,4096.0,0,32768,True
78,branch,2048,check,8,0,0,0,1.0,0.14610448852181435,0.13508612861826558,-7.541424644119442,0.16460018232464788,0.13661202683671073,True,147456,147456,48447488,51953664,51953664,fits_by_lifetime_peak,2048.0,11692.0,11716.0,0.0,25088,0,True
79,keys,16384,fit,0,0,4,1000,0.11375,0.048187561333179474,0.05435622685223036,12.801364809477219,0.0783061608672142,0.0792727517291771,True,655680,655360,48513024,48611328,49037312,fits_by_lifetime_peak,1277.625,0.0,0.0,1.25,0,16,True
80,branch,32768,check,8,0,0,0,1.0,7.837542099878192,8.304667939322686,5.960106287043148,8.318306226283312,8.321573362096487,True,2359296,2359296,55853056,60260352,60260352,fits_by_lifetime_peak,32768.0,3019520.0,3017536.0,0.0,5255168,0,True
81,branch,8192,check,8,512,0,0,0.5137499999999999,0.15572900883853436,0.12156457062881822,-21.938390582797005,0.1740599749609828,0.12425442345312594,False,589824,589824,48676864,48857088,48857088,fits_by_lifetime_peak,935.25,44480.0,21056.0,0.0,200704,0,True
82,branch,65536,fit,32,512,0,0,0.5175000000000001,0.5785624962300062,0.7567770079356492,30.802983751438006,0.6638066610321403,0.7802403473308563,False,4718592,4718592,55934976,56082432,56229888,fits_by_lifetime_peak,3560.875,364928.0,159360.0,0.0,1761280,0,True
83,keys,2048,check,0,0,8,0,1.0,0.08060410618782043,0.08708863214467118,8.04490771442929,0.09196216706186533,0.088011246853214,True,87040,81920,48529408,51986432,51986432,fits_by_lifetime_peak,2048.0,0.0,0.0,256.0,0,2048,True
84,keys,1024,fit,0,0,4,0,1.0,0.04535447806119919,0.053605911367231265,18.193205299150357,0.05885036662220953,0.054895280905657665,True,41280,40960,48398336,51888128,51888128,fits_by_lifetime_peak,1024.0,0.0,0.0,16.0,0,128,True
85,keys,2048,check,0,0,4,0,1.0,0.07679150439798832,0.08069438138886534,5.082433299717021,0.08515878580510615,0.08222372947170578,True,82240,81920,48627712,52051968,52051968,fits_by_lifetime_peak,2048.0,0.0,0.0,16.0,0,128,True
86,keys,32768,check,0,0,12,0,1.0,1.0692705400288105,1.051509148287253,-1.661075572238153,1.1018481338396668,1.0524115532959266,True,1392620,1310720,49430528,53919744,53919744,fits_by_lifetime_peak,32768.0,0.0,0.0,4096.0,0,32768,True
87,scan,262144,fit,0,0,0,0,1.0,6.726875202730298,6.7516313685051665,0.36801880559372485,7.041215454228222,6.752342200460242,True,10485760,10485760,66060288,69500928,74465280,fits_by_lifetime_peak,262144.0,0.0,0.0,0.0,0,0,True
88,scan,65536,fit,0,0,0,0,1.0,1.7625626642256975,1.7046574445236238,-3.2852857306785057,1.7788267927244306,1.7056158220190318,True,2621440,2621440,51937280,55345152,55345152,fits_by_lifetime_peak,65536.0,0.0,0.0,0.0,0,0,True
89,keys,65536,fit,0,0,4,1000,0.0975,0.1319372095167637,0.1346617953928138,2.065062529387468,0.13965365942567587,0.13581520674681716,True,2621760,2621440,50888704,51085312,52953088,fits_by_lifetime_peak,4092.875,0.0,0.0,1.0,0,16,True
90,scan,16384,fit,0,0,0,0,1.0,0.43100002221763134,0.4428931833932918,2.7594340052388855,0.44257468543946743,0.44400737115543304,True,655360,655360,48447488,52772864,52772864,fits_by_lifetime_peak,16384.0,0.0,0.0,0.0,0,0,True
91,keys,4096,fit,0,0,12,0,1.0,0.29239594005048275,0.2935428181136752,0.3922346059232075,0.3308027517050504,0.2951376614565755,True,215500,163840,48594944,52035584,52035584,fits_by_lifetime_peak,4096.0,0.0,0.0,4096.0,0,32768,True
92,keys,8192,check,0,0,4,0,1.0,0.23333285935223103,0.24308177784217905,4.178116411470105,0.25979047641158104,0.2440613429261596,True,328000,327680,48644096,52297728,52297728,fits_by_lifetime_peak,8192.0,0.0,0.0,16.0,0,128,True
93,branch,32768,check,32,0,0,0,1.0,2.8836666606366634,3.4094967738016004,18.234774509229954,2.9394515557214618,3.4211820884257973,True,2359296,2359296,52183040,56590336,56590336,fits_by_lifetime_peak,32768.0,766272.0,766784.0,0.0,1503232,0,True
94,branch,262144,fit,128,0,0,0,1.0,38.28047960996628,40.830849278223795,6.662324229588625,43.49752075504511,40.99539739373701,True,18874368,18874368,97255424,100843520,100843520,fits_by_lifetime_peak,262144.0,12366848.0,12370944.0,0.0,22577152,0,True
95,branch,262144,fit,8,512,0,0,0.13625,1.577228307723999,2.306205335138828,46.21886532500617,1.6308061545714736,2.3080362427759766,False,18874368,18874368,84869120,85311488,85311488,fits_by_lifetime_peak,573.25,1692672.0,404480.0,0.0,10616832,0,True
96,keys,131072,check,0,0,12,1000,0.042499999999999996,0.04514539614319801,0.05394889314292965,19.500320634705623,0.05628098733723163,0.05460968004964746,True,5324800,5242880,54853632,55050240,59015168,fits_by_lifetime_peak,1025.375,0.0,0.0,32.0,0,512,True
97,branch,16384,fit,8,512,0,0,0.395,0.20177080295979977,0.18964094173123977,-6.01170290776744,0.2242086688056588,0.1945131719286491,True,1179648,1179648,49414144,49594368,49594368,fits_by_lifetime_peak,886.375,91040.0,40032.0,0.0,432128,0,True
98,keys,65536,fit,0,0,12,1000,0.06625,0.0488960649818182,0.0542678717112904,10.986173900639411,0.06150198169052601,0.05460785009925045,True,2703360,2621440,51445760,51642368,53559296,fits_by_lifetime_peak,1006.875,0.0,0.0,64.0,0,2048,True
99,keys,4096,fit,0,0,8,1000,0.39875,0.049187568947672844,0.05420131182246782,10.193109726826993,0.05686699878424406,0.05473532731367671,True,168960,163840,48496640,48594944,48644096,fits_by_lifetime_peak,1007.75,0.0,0.0,62.125,0,1024,True
100,branch,4096,fit,32,0,0,0,1.0,0.19349996000528336,0.24470412332083913,26.46210537416012,0.21551703102886677,0.24671198710772554,False,294912,294912,48513024,51970048,51970048,fits_by_lifetime_peak,4096.0,11840.0,11904.0,0.0,28160,0,True
101,branch,8192,check,128,0,0,0,1.0,0.3034789115190506,0.46396674115146697,52.88269581207519,0.3487097565084696,0.46555692409096466,False,589824,589824,48513024,52576256,52576256,fits_by_lifetime_peak,8192.0,12000.0,12128.0,0.0,31744,0,True
102,branch,8192,check,32,512,0,0,0.9387500000000001,0.2521662972867489,0.3305021309372596,31.065148076244206,0.27277301996946335,0.3394025173698944,False,589824,589824,48922624,49086464,49086464,fits_by_lifetime_peak,4848.25,37712.0,27824.0,0.0,105472,0,True
103,keys,1024,fit,0,0,8,1000,0.9862500000000001,0.04935404285788536,0.05923360627178295,20.017738855448435,0.058114528656005845,0.05976411862177823,False,45940,40960,48840704,48939008,48939008,fits_by_lifetime_peak,1002.125,0.0,0.0,249.75,0,2048,True
104,keys,2048,check,0,0,8,1000,0.63375,0.047104666009545326,0.05568643871108275,18.21851937088018,0.05613740067929028,0.05604321610122222,True,87040,81920,48627712,48775168,48775168,fits_by_lifetime_peak,1004.25,0.0,0.0,125.75,0,2048,True
105,keys,2048,check,0,0,12,0,1.0,0.24924986064434052,0.23938659999769224,-3.957177998475335,0.27440181002020836,0.2402802040080358,True,113860,81920,48726016,52166656,52166656,fits_by_lifetime_peak,2048.0,0.0,0.0,4096.0,0,32768,True
106,keys,1024,fit,0,0,4,1000,1.0,0.04191719926893711,0.053585422270589725,27.836361219628028,0.04968936555087566,0.0540206525927719,False,41280,40960,48496640,48644096,48644096,fits_by_lifetime_peak,1024.0,0.0,0.0,16.0,0,128,True
107,scan,1024,fit,0,0,0,0,1.0,0.043583568185567856,0.04860272207073868,11.516161007746156,0.049756048247218125,0.04980098497830332,True,40960,40960,48660480,52019200,52019200,fits_by_lifetime_peak,1024.0,0.0,0.0,0.0,0,0,True
108,keys,16384,fit,0,0,4,0,1.0,0.4569797310978174,0.45962562524211936,0.5789959519529724,0.47294802498072386,0.4606344571380072,True,655680,655360,48758784,52805632,52805632,fits_by_lifetime_peak,16384.0,0.0,0.0,16.0,0,128,True
109,branch,1024,fit,32,512,0,0,1.0,0.05291705019772053,0.05666333617614534,7.0795442384394125,0.06287277210503817,0.057058265724911766,True,73728,73728,48447488,48594944,48594944,fits_by_lifetime_peak,1024.0,736.0,752.0,0.0,2560,0,True
110,scan,32768,check,0,0,0,0,1.0,0.8621038869023323,0.8635294663799721,0.16536052084883768,0.893449829891324,0.8643251651046592,True,1310720,1310720,49479680,53936128,53936128,fits_by_lifetime_peak,32768.0,0.0,0.0,0.0,0,0,True
111,keys,32768,check,0,0,8,1000,0.07375000000000001,0.044791726395487785,0.054385585469300265,21.418819603209005,0.05533753428608179,0.05665660342305818,False,1315840,1310720,49070080,49184768,50118656,fits_by_lifetime_peak,1066.125,0.0,0.0,8.25,0,128,True
112,keys,16384,fit,0,0,8,1000,0.1325,0.044082989916205406,0.05392311426869602,22.321817034631923,0.05130288191139697,0.054418995919443464,False,660480,655360,48496640,48611328,48988160,fits_by_lifetime_peak,1031.75,0.0,0.0,16.125,0,256,True
113,branch,32768,check,128,0,0,0,1.0,1.4733124990016222,2.16700772235763,47.08405201381816,1.5609438065439463,2.1780810466890226,False,2359296,2359296,51101696,55492608,55492608,fits_by_lifetime_peak,32768.0,193344.0,193856.0,0.0,434176,0,True
114,branch,4096,fit,128,512,0,0,1.0,0.14372915029525757,0.2253853490192424,56.812552329323225,0.1511122565716505,0.22582234506378687,False,294912,294912,48791552,48922624,48922624,fits_by_lifetime_peak,4096.0,2928.0,2992.0,0.0,10240,0,True
115,branch,131072,check,128,0,0,0,1.0,10.947832837700844,13.718138203154174,25.30460052251878,13.165351771749554,13.775910340956017,False,9437184,9437184,67059712,70451200,70451200,fits_by_lifetime_peak,131072.0,3099136.0,3101184.0,0.0,5996544,0,True
116,keys,4096,fit,0,0,4,0,1.0,0.1357079017907381,0.1348098541422089,-0.6617504483371993,0.15291245654225347,0.1359520281477173,True,164160,163840,48660480,52117504,52117504,fits_by_lifetime_peak,4096.0,0.0,0.0,16.0,0,128,True
