target,selection,met_target,recall,recall_low,recall_high,p50_ms,p95_ms,p50_low,p50_high,queries,blocks,timing_observations,setting_id,documents,top_k,method,router,clusters,probes,node_budget,leaf_size,key_bits,candidate_target,exploration,lifetime_peak_bytes,qualified_environment
0.9,conservative,True,0.962,0.9539875,0.9695,2.428833395242691,2.5162482168525457,2.419165801256895,2.4428123142570257,20,3,180,s0066,100000,100,keys,ivf,256,218,0,0,4,0,0,58605568,True
0.95,mean,True,0.962,0.9539875,0.9695,2.428833395242691,2.5162482168525457,2.419165801256895,2.4428123142570257,20,3,180,s0066,100000,100,keys,ivf,256,218,0,0,4,0,0,58605568,True
0.8,conservative,True,0.9075,0.8915,0.922,2.119791693985462,2.1905191708356138,2.075998130021617,2.1466546459123492,20,3,180,s0088,100000,100,keys,ivf,256,189,0,0,4,0,0,58753024,True
0.9,mean,True,0.9075,0.8915,0.922,2.119791693985462,2.1905191708356138,2.075998130021617,2.1466546459123492,20,3,180,s0088,100000,100,keys,ivf,256,189,0,0,4,0,0,58753024,True
0.8,mean,True,1.0,1.0,1.0,0.14960439875721931,0.23521892726421353,0.13570813462138176,0.16881292685866356,20,3,180,s0105,1000000,100,branch,none,1,1,0,128,0,0,0,184844288,True
0.8,conservative,True,1.0,1.0,1.0,0.14960439875721931,0.23521892726421353,0.13570813462138176,0.16881292685866356,20,3,180,s0105,1000000,100,branch,none,1,1,0,128,0,0,0,184844288,True
0.9,mean,True,1.0,1.0,1.0,0.14960439875721931,0.23521892726421353,0.13570813462138176,0.16881292685866356,20,3,180,s0105,1000000,100,branch,none,1,1,0,128,0,0,0,184844288,True
0.9,conservative,True,1.0,1.0,1.0,0.14960439875721931,0.23521892726421353,0.13570813462138176,0.16881292685866356,20,3,180,s0105,1000000,100,branch,none,1,1,0,128,0,0,0,184844288,True
0.95,mean,True,1.0,1.0,1.0,0.14960439875721931,0.23521892726421353,0.13570813462138176,0.16881292685866356,20,3,180,s0105,1000000,100,branch,none,1,1,0,128,0,0,0,184844288,True
0.95,conservative,True,1.0,1.0,1.0,0.14960439875721931,0.23521892726421353,0.13570813462138176,0.16881292685866356,20,3,180,s0105,1000000,100,branch,none,1,1,0,128,0,0,0,184844288,True
0.99,mean,True,1.0,1.0,1.0,0.14960439875721931,0.23521892726421353,0.13570813462138176,0.16881292685866356,20,3,180,s0105,1000000,100,branch,none,1,1,0,128,0,0,0,184844288,True
0.99,conservative,True,1.0,1.0,1.0,0.14960439875721931,0.23521892726421353,0.13570813462138176,0.16881292685866356,20,3,180,s0105,1000000,100,branch,none,1,1,0,128,0,0,0,184844288,True
0.8,mean,False,0.6675,0.6015,0.7435125,1.5443123411387205,1.5978168463334441,1.5314302232582122,1.553187845274806,20,3,180,s0166,100000,100,keys,direct,256,136,0,0,4,0,0,58785792,True
0.99,mean,False,0.981,0.9745,0.9870125,2.478312002494931,2.6552914176136255,2.464435313595459,2.4978751316666603,20,3,180,s0243,100000,100,scan,direct,256,247,0,0,0,0,0,63012864,True
0.95,conservative,True,0.97,0.9635,0.9765,23.29885447397828,24.064728687517345,23.26883329078555,23.338709370000288,20,3,180,s0287,1000000,100,scan,ivf,16,15,0,0,0,0,0,140034048,True
0.9,conservative,True,0.962,0.9539875,0.9695,2.2562500089406967,2.325983508490026,2.185707911849022,2.30037490837276,20,3,180,s0315,100000,100,scan,ivf,256,218,0,0,0,0,0,63193088,True
0.95,mean,True,0.962,0.9539875,0.9695,2.2562500089406967,2.325983508490026,2.185707911849022,2.30037490837276,20,3,180,s0315,100000,100,scan,ivf,256,218,0,0,0,0,0,63193088,True
0.95,conservative,True,0.972,0.963,0.98,2.3696667049080133,2.5240834802389145,2.355166943743825,2.414375077933073,20,3,180,s0325,100000,100,scan,ivf,16,15,0,0,0,0,0,58720256,True
0.9,conservative,True,0.953,0.943,0.963,18.98406259715557,19.462003861553967,18.942833645269275,19.107416504994035,20,3,180,s0361,1000000,100,scan,ivf,4096,3010,0,0,0,0,0,188104704,True
0.95,mean,True,0.953,0.943,0.963,18.98406259715557,19.462003861553967,18.942833645269275,19.107416504994035,20,3,180,s0361,1000000,100,scan,ivf,4096,3010,0,0,0,0,0,188104704,True
0.8,mean,True,1.0,1.0,1.0,0.1375209540128708,0.20226673223078234,0.13412488624453545,0.13983272947371006,20,3,180,s0367,100000,100,branch,none,1,1,0,128,0,0,0,63160320,True
0.8,conservative,True,1.0,1.0,1.0,0.1375209540128708,0.20226673223078234,0.13412488624453545,0.13983272947371006,20,3,180,s0367,100000,100,branch,none,1,1,0,128,0,0,0,63160320,True
0.9,mean,True,1.0,1.0,1.0,0.1375209540128708,0.20226673223078234,0.13412488624453545,0.13983272947371006,20,3,180,s0367,100000,100,branch,none,1,1,0,128,0,0,0,63160320,True
0.9,conservative,True,1.0,1.0,1.0,0.1375209540128708,0.20226673223078234,0.13412488624453545,0.13983272947371006,20,3,180,s0367,100000,100,branch,none,1,1,0,128,0,0,0,63160320,True
0.95,mean,True,1.0,1.0,1.0,0.1375209540128708,0.20226673223078234,0.13412488624453545,0.13983272947371006,20,3,180,s0367,100000,100,branch,none,1,1,0,128,0,0,0,63160320,True
0.95,conservative,True,1.0,1.0,1.0,0.1375209540128708,0.20226673223078234,0.13412488624453545,0.13983272947371006,20,3,180,s0367,100000,100,branch,none,1,1,0,128,0,0,0,63160320,True
0.99,mean,True,1.0,1.0,1.0,0.1375209540128708,0.20226673223078234,0.13412488624453545,0.13983272947371006,20,3,180,s0367,100000,100,branch,none,1,1,0,128,0,0,0,63160320,True
0.99,conservative,True,1.0,1.0,1.0,0.1375209540128708,0.20226673223078234,0.13412488624453545,0.13983272947371006,20,3,180,s0367,100000,100,branch,none,1,1,0,128,0,0,0,63160320,True
0.99,mean,False,0.989,0.985,0.993,23.515291744843125,24.01441913098097,23.47352099022828,23.588103940710425,20,3,180,s0385,1000000,100,scan,ivf,4096,3734,0,0,0,0,0,188317696,True
0.8,conservative,True,0.8985,0.8875,0.91,16.164479311555624,16.468857671134174,16.130021074786782,16.188001137925312,20,3,180,s0393,1000000,100,scan,ivf,8192,4920,0,0,0,0,0,196575232,True
0.9,mean,False,0.8985,0.8875,0.91,16.164479311555624,16.468857671134174,16.130021074786782,16.188001137925312,20,3,180,s0393,1000000,100,scan,ivf,8192,4920,0,0,0,0,0,196575232,True
0.95,conservative,True,0.972,0.963,0.98,2.544207964092493,2.684244234114885,2.5051029631868005,2.5985625106841326,20,3,180,s0404,100000,100,keys,ivf,16,15,0,0,4,0,0,57131008,True
0.99,conservative,True,0.9995,0.9985,1.0,24.93770862929523,26.253735227510333,24.84291128348559,25.057146092876792,20,3,180,s0520,1000000,100,scan,ivf,256,255,0,0,0,0,0,157368320,True
0.8,conservative,True,0.879,0.8675,0.8925,1.8772289622575045,1.9617169164121149,1.8467707559466362,1.9073751755058765,20,3,180,s0593,100000,100,scan,ivf,4096,2361,0,0,0,0,0,70107136,True
0.9,mean,False,0.879,0.8675,0.8925,1.8772289622575045,1.9617169164121149,1.8467707559466362,1.9073751755058765,20,3,180,s0593,100000,100,scan,ivf,4096,2361,0,0,0,0,0,70107136,True
0.8,mean,False,0.7715,0.7569875,0.787,1.3477085158228874,1.422041724435985,1.3236659578979015,1.3780836015939713,20,3,180,s0725,100000,100,scan,ivf,4096,1671,0,0,0,0,0,69861376,True
0.99,mean,True,1.0,1.0,1.0,2.7169794775545597,2.8782454086467624,2.6997081004083157,2.7472078800201416,20,3,180,s0727,100000,100,keys,none,1,1,0,0,8,0,0,56442880,True
0.99,conservative,True,1.0,1.0,1.0,2.7169794775545597,2.8782454086467624,2.6997081004083157,2.7472078800201416,20,3,180,s0727,100000,100,keys,none,1,1,0,0,8,0,0,56442880,True
0.8,mean,True,1.0,1.0,1.0,26.842937571927905,27.385392133146524,19.929015869274735,26.95737429894507,20,3,180,s0747,1000000,100,keys,none,1,1,0,0,12,0,0,136216576,True
0.8,conservative,True,1.0,1.0,1.0,26.842937571927905,27.385392133146524,19.929015869274735,26.95737429894507,20,3,180,s0747,1000000,100,keys,none,1,1,0,0,12,0,0,136216576,True
0.9,mean,True,1.0,1.0,1.0,26.842937571927905,27.385392133146524,19.929015869274735,26.95737429894507,20,3,180,s0747,1000000,100,keys,none,1,1,0,0,12,0,0,136216576,True
0.9,conservative,True,1.0,1.0,1.0,26.842937571927905,27.385392133146524,19.929015869274735,26.95737429894507,20,3,180,s0747,1000000,100,keys,none,1,1,0,0,12,0,0,136216576,True
0.95,mean,True,1.0,1.0,1.0,26.842937571927905,27.385392133146524,19.929015869274735,26.95737429894507,20,3,180,s0747,1000000,100,keys,none,1,1,0,0,12,0,0,136216576,True
0.95,conservative,True,1.0,1.0,1.0,26.842937571927905,27.385392133146524,19.929015869274735,26.95737429894507,20,3,180,s0747,1000000,100,keys,none,1,1,0,0,12,0,0,136216576,True
0.99,mean,True,1.0,1.0,1.0,26.842937571927905,27.385392133146524,19.929015869274735,26.95737429894507,20,3,180,s0747,1000000,100,keys,none,1,1,0,0,12,0,0,136216576,True
0.99,conservative,True,1.0,1.0,1.0,26.842937571927905,27.385392133146524,19.929015869274735,26.95737429894507,20,3,180,s0747,1000000,100,keys,none,1,1,0,0,12,0,0,136216576,True
0.8,mean,False,0.799,0.787,0.811,11.64649985730648,12.244272301904857,11.562219873303548,11.870625882875174,20,3,180,s0773,1000000,100,scan,ivf,8192,3514,0,0,0,0,0,196673536,True
0.99,conservative,True,1.0,1.0,1.0,2.5438335724174976,2.690464910119772,2.529021119698882,2.554543927544728,20,3,180,s0926,100000,100,scan,direct,16,16,0,0,0,0,0,58818560,True
