method,clusters,router,setting_id,top_k,probes,repetitions,leaf_size,node_budget,prefer_deeper_ties,exploration,seed,measurements,complete_processes,complete,qualified,recall,p50_ms,p95_ms,total_query_ms,process_p50_median_ms,process_p50_min_ms,process_p50_max_ms,logical_index_bytes,lifetime_peak_bytes,mean_documents_scored,mean_nodes,mean_bitplane_words,mean_leaf_words,mean_prefix_levels,mean_prefix_lookups,mean_final_depth,start_depth,candidate_target,stop_when_exact
branch,4096,/Users/vinroger/DATA/STUDY/latihan/about/exa-interview/e2e-inverted-bitplane-project/data/prefix-study-2026-09-13/pools/qwen-quora-d32/routers/ivf-binary-4096-seed42,refine-s02275,100,82,1,512,8192,True,0,42,3000,3,True,True,0.90087,0.08877050277078524,0.10274999658577144,269.7676909592701,0.08745800005272031,0.0873749959282577,0.09208349365508184,10965040,80379904,11059.047,82.0,0.0,212.417,0.0,0.0,0.0,,,
prefix,4096,/Users/vinroger/DATA/STUDY/latihan/about/exa-interview/e2e-inverted-bitplane-project/data/prefix-study-2026-09-13/pools/qwen-quora-d32/routers/ivf-binary-4096-seed42,refine-s01220,2,36,1,,,,,,3000,3,True,True,0.9025,0.03845850005745888,0.04620799227268435,113.97398132248782,0.03874999674735591,0.03789550100918859,0.038875004975125194,10458620,76955648,3829.349,0.0,0.0,0.0,3.999,254.304,1.001,4,10000,True
scan,4096,/Users/vinroger/DATA/STUDY/latihan/about/exa-interview/e2e-inverted-bitplane-project/data/prefix-study-2026-09-13/pools/qwen-quora-d32/routers/ivf-binary-4096-seed42,refine-s02268,100,82,1,,,,,,3000,3,True,True,0.90087,0.08250000246334821,0.0990851011010818,253.16750760248397,0.0804169976618141,0.07991700113052502,0.087958003859967,8366896,78020608,11059.047,0.0,0.0,0.0,0.0,0.0,0.0,,,
scan,4096,/Users/vinroger/DATA/STUDY/latihan/about/exa-interview/e2e-inverted-bitplane-project/data/prefix-study-2026-09-13/pools/qwen-quora-d32/routers/ivf-binary-4096-seed42,refine-s02270,100,380,1,,,,,,3000,3,True,True,0.99,0.2807295022648759,0.3335503039124887,867.3934146208921,0.2763340016826987,0.27043750742450356,0.29479200748028234,8366896,78020608,50864.535,0.0,0.0,0.0,0.0,0.0,0.0,,,
branch,16,/Users/vinroger/DATA/STUDY/latihan/about/exa-interview/e2e-inverted-bitplane-project/data/prefix-study-2026-09-13/pools/qwen-quora-d32/routers/ivf-binary-16-seed42,refine-s00760,100,10,1,128,0,True,0,42,3000,3,True,True,0.99213,0.2919170001405291,0.7189514450146814,993.4431348956423,0.2833125035976991,0.28137500339653343,0.3099169989582151,10460464,72171520,7842.204,487.239,191417.026,60026.093,0.0,0.0,0.0,,,
prefix,4096,/Users/vinroger/DATA/STUDY/latihan/about/exa-interview/e2e-inverted-bitplane-project/data/prefix-study-2026-09-13/pools/qwen-quora-d32/routers/ivf-binary-4096-seed42,refine-s02300,100,82,1,,,,,,3000,3,True,True,0.90082,0.09649999265093356,0.1305410471104551,306.58919786219485,0.09520900493953377,0.09345800208393484,0.10162500257138163,10458620,77381632,10831.93,0.0,0.0,0.0,4.892,652.556,0.108,4,10000,True
prefix,4096,/Users/vinroger/DATA/STUDY/latihan/about/exa-interview/e2e-inverted-bitplane-project/data/prefix-study-2026-09-13/pools/qwen-quora-d32/routers/ivf-binary-4096-seed42,refine-s02192,75,75,1,,,,,,3000,3,True,True,0.90164,0.08850000449456275,0.10658510072971693,269.05680014169775,0.08924999565351754,0.08395899931201711,0.09312501060776412,10458620,77103104,9855.245,0.0,0.0,0.0,4.863,595.5,0.137,4,10000,True
prefix,4096,/Users/vinroger/DATA/STUDY/latihan/about/exa-interview/e2e-inverted-bitplane-project/data/prefix-study-2026-09-13/pools/qwen-quora-d32/routers/ivf-binary-4096-seed42,refine-s01794,15,272,1,,,,,,3000,3,True,True,0.99,0.27131199749419466,0.3309181447548326,820.1934377721045,0.27216699527343735,0.2568749987403862,0.28941700293216854,10458620,77463552,33107.977,0.0,0.0,0.0,8.648,4300.32,0.352,8,0,True
branch,16,/Users/vinroger/DATA/STUDY/latihan/about/exa-interview/e2e-inverted-bitplane-project/data/prefix-study-2026-09-13/pools/qwen-quora-d32/routers/ivf-binary-16-seed42,refine-s00436,10,9,1,128,0,True,0,42,3000,3,True,True,0.9913,0.07091650331858546,0.2625829954922665,319.89574065664783,0.07045800157357007,0.06983299681451172,0.072208495112136,10460464,71991296,2199.027,183.303,77802.079,16570.438,0.0,0.0,0.0,,,
prefix,4096,/Users/vinroger/DATA/STUDY/latihan/about/exa-interview/e2e-inverted-bitplane-project/data/prefix-study-2026-09-13/pools/qwen-quora-d32/routers/ivf-binary-4096-seed42,refine-s01976,30,58,1,,,,,,3000,3,True,True,0.9012666666666667,0.06295800267253071,0.07470805503544398,191.35128590278327,0.06235450564417988,0.06156249583000317,0.06525000208057463,10458620,77283328,7466.937,0.0,0.0,0.0,4.771,458.432,0.229,4,10000,True
scan,4096,/Users/vinroger/DATA/STUDY/latihan/about/exa-interview/e2e-inverted-bitplane-project/data/prefix-study-2026-09-13/pools/qwen-quora-d32/routers/ivf-binary-4096-seed42,refine-s01404,5,40,1,,,,,,3000,3,True,True,0.901,0.039165999623946846,0.047294043179135756,120.52687774121296,0.0388329935958609,0.03766699956031516,0.041375002183485776,8366896,77824000,5407.89,0.0,0.0,0.0,0.0,0.0,0.0,,,
scan,4096,/Users/vinroger/DATA/STUDY/latihan/about/exa-interview/e2e-inverted-bitplane-project/data/prefix-study-2026-09-13/pools/qwen-quora-d32/routers/ivf-binary-4096-seed42,refine-s01406,5,218,1,,,,,,3000,3,True,True,0.99,0.15691699809394777,0.18225209132651798,480.7131636334816,0.15662499936297536,0.1533954928163439,0.16162499377969652,8366896,77824000,29270.203,0.0,0.0,0.0,0.0,0.0,0.0,,,
branch,16,/Users/vinroger/DATA/STUDY/latihan/about/exa-interview/e2e-inverted-bitplane-project/data/prefix-study-2026-09-13/pools/qwen-quora-d32/routers/ivf-binary-16-seed42,refine-s00490,15,9,1,128,0,True,0,42,3000,3,True,True,0.9912,0.09204150410369039,0.2899062455981037,381.324372603558,0.09124999633058906,0.09031199442688376,0.09543749911244959,10460464,72138752,2715.882,210.3,87801.385,20544.236,0.0,0.0,0.0,,,
scan,4096,/Users/vinroger/DATA/STUDY/latihan/about/exa-interview/e2e-inverted-bitplane-project/data/prefix-study-2026-09-13/pools/qwen-quora-d32/routers/ivf-binary-4096-seed42,refine-s01296,3,37,1,,,,,,3000,3,True,True,0.9,0.036375000490807,0.042754154856083894,110.7159975945251,0.035583507269620895,0.03545799700077623,0.03774999640882015,8366896,77676544,5003.783,0.0,0.0,0.0,0.0,0.0,0.0,,,
scan,4096,/Users/vinroger/DATA/STUDY/latihan/about/exa-interview/e2e-inverted-bitplane-project/data/prefix-study-2026-09-13/pools/qwen-quora-d32/routers/ivf-binary-4096-seed42,refine-s01298,3,208,1,,,,,,3000,3,True,True,0.99,0.1518749922979623,0.18691810400923714,481.8916254589567,0.1474370073992759,0.1468539994675666,0.1647079989197664,8366896,77676544,27934.374,0.0,0.0,0.0,0.0,0.0,0.0,,,
branch,4096,/Users/vinroger/DATA/STUDY/latihan/about/exa-interview/e2e-inverted-bitplane-project/data/prefix-study-2026-09-13/pools/qwen-quora-d32/routers/ivf-binary-4096-seed42,refine-s02060,50,67,1,2048,8192,False,0,42,3000,3,True,True,0.90092,0.07204199209809303,0.0998771036393009,227.94623610388953,0.07239601109176874,0.06954150012461469,0.07429199467878789,10965040,80347136,9044.784,67.0,0.0,173.713,0.0,0.0,0.0,,,
branch,16,/Users/vinroger/DATA/STUDY/latihan/about/exa-interview/e2e-inverted-bitplane-project/data/prefix-study-2026-09-13/pools/qwen-quora-d32/routers/ivf-binary-16-seed42,refine-s00600,30,10,1,2048,8192,False,0,42,3000,3,True,True,0.9939666666666667,0.15970800450304523,0.5143639580637678,679.4606808252865,0.15939600416459143,0.15662499208701774,0.16202100232476369,10460464,72089600,29998.347,108.52,42406.958,13652.467,0.0,0.0,0.0,,,
branch,16,/Users/vinroger/DATA/STUDY/latihan/about/exa-interview/e2e-inverted-bitplane-project/data/prefix-study-2026-09-13/pools/qwen-quora-d32/routers/ivf-binary-16-seed42,refine-s00119,2,6,1,128,0,True,0,42,3000,3,True,True,0.966,0.04124999395571649,0.10563328978605564,151.73074840276968,0.04083300882484764,0.04035400343127549,0.04279200220480561,10460464,72318976,777.623,91.855,41771.106,5573.342,0.0,0.0,0.0,,,
prefix,4096,/Users/vinroger/DATA/STUDY/latihan/about/exa-interview/e2e-inverted-bitplane-project/data/prefix-study-2026-09-13/pools/qwen-quora-d32/routers/ivf-binary-4096-seed42,refine-s01254,2,208,1,,,,,,3000,3,True,True,0.99,0.18589600222185254,0.22667320445179936,533.6015357752331,0.18447950424160808,0.18387499585514888,0.18937500135507435,10458620,77479936,20483.381,0.0,0.0,0.0,7.765,3038.464,1.235,8,0,True
prefix,4096,/Users/vinroger/DATA/STUDY/latihan/about/exa-interview/e2e-inverted-bitplane-project/data/prefix-study-2026-09-13/pools/qwen-quora-d32/routers/ivf-binary-4096-seed42,refine-s01112,1,35,1,,,,,,3000,3,True,True,0.901,0.03675000334624201,0.047582988190697506,110.04373800824396,0.03687500429805368,0.03535449650371447,0.03833300434052944,10458620,77545472,3319.796,0.0,0.0,0.0,3.557,224.35,1.443,4,10000,True
prefix,4096,/Users/vinroger/DATA/STUDY/latihan/about/exa-interview/e2e-inverted-bitplane-project/data/prefix-study-2026-09-13/pools/qwen-quora-d32/routers/ivf-binary-4096-seed42,refine-s01362,3,208,1,,,,,,3000,3,True,True,0.99,0.1907085024868138,0.23054310149746016,556.5181943966309,0.19012499978998676,0.18718749925028533,0.19604100089054555,10458620,77201408,21774.357,0.0,0.0,0.0,8.033,3127.072,0.967,8,0,True
branch,16,/Users/vinroger/DATA/STUDY/latihan/about/exa-interview/e2e-inverted-bitplane-project/data/prefix-study-2026-09-13/pools/qwen-quora-d32/routers/ivf-binary-16-seed42,refine-s00382,7,9,1,128,0,True,0,42,3000,3,True,True,0.991,0.06606250099139288,0.2362961422477383,290.39304646721575,0.06420800491468981,0.06293749902397394,0.07045800157357007,10460464,71827456,1839.71,165.242,71260.868,13803.466,0.0,0.0,0.0,,,
scan,4096,/Users/vinroger/DATA/STUDY/latihan/about/exa-interview/e2e-inverted-bitplane-project/data/prefix-study-2026-09-13/pools/qwen-quora-d32/routers/ivf-binary-4096-seed42,refine-s01944,30,58,1,,,,,,3000,3,True,True,0.9012666666666667,0.05574998795054853,0.0659159995848313,170.1135977928061,0.054207994253374636,0.05412500468082726,0.05960399721516296,8366896,77873152,7829.971,0.0,0.0,0.0,0.0,0.0,0.0,,,
scan,4096,/Users/vinroger/DATA/STUDY/latihan/about/exa-interview/e2e-inverted-bitplane-project/data/prefix-study-2026-09-13/pools/qwen-quora-d32/routers/ivf-binary-4096-seed42,refine-s01946,30,292,1,,,,,,3000,3,True,True,0.99,0.20970850164303556,0.24329521038453092,635.8781577873742,0.20316700101830065,0.2023330016527325,0.22697950043948367,8366896,77873152,39158.445,0.0,0.0,0.0,0.0,0.0,0.0,,,
prefix,4096,/Users/vinroger/DATA/STUDY/latihan/about/exa-interview/e2e-inverted-bitplane-project/data/prefix-study-2026-09-13/pools/qwen-quora-d32/routers/ivf-binary-4096-seed42,refine-s01328,3,37,1,,,,,,3000,3,True,True,0.9,0.039749997085891664,0.04791605824721046,118.31923678983003,0.0397080002585426,0.039375001506414264,0.03999999898951501,10458620,76939264,4132.979,0.0,0.0,0.0,4.181,270.322,0.819,4,10000,True
scan,4096,/Users/vinroger/DATA/STUDY/latihan/about/exa-interview/e2e-inverted-bitplane-project/data/prefix-study-2026-09-13/pools/qwen-quora-d32/routers/ivf-binary-4096-seed42,refine-s01730,15,272,1,,,,,,3000,3,True,True,0.99,0.19218800298403949,0.21808300516568124,581.5381358115701,0.19225050345994532,0.18797950178850442,0.19670799520099536,8366896,77807616,36486.821,0.0,0.0,0.0,0.0,0.0,0.0,,,
scan,4096,/Users/vinroger/DATA/STUDY/latihan/about/exa-interview/e2e-inverted-bitplane-project/data/prefix-study-2026-09-13/pools/qwen-quora-d32/routers/ivf-binary-4096-seed42,refine-s01728,15,50,1,,,,,,3000,3,True,True,0.9013333333333333,0.045583998144138604,0.05270799738354981,138.54729852755554,0.044917003833688796,0.044729495130013674,0.04704199091065675,8366896,77807616,6752.21,0.0,0.0,0.0,0.0,0.0,0.0,,,
branch,16,/Users/vinroger/DATA/STUDY/latihan/about/exa-interview/e2e-inverted-bitplane-project/data/prefix-study-2026-09-13/pools/qwen-quora-d32/routers/ivf-binary-16-seed42,refine-s00276,5,4,1,128,0,True,0,42,3000,3,True,True,0.9078,0.034500000765547156,0.11646633865893814,148.68540670431685,0.034312994102947414,0.03427099727559835,0.03497950092423707,10460464,72089600,908.486,83.004,36276.599,6573.44,0.0,0.0,0.0,,,
branch,16,/Users/vinroger/DATA/STUDY/latihan/about/exa-interview/e2e-inverted-bitplane-project/data/prefix-study-2026-09-13/pools/qwen-quora-d32/routers/ivf-binary-16-seed42,refine-s00281,5,6,1,128,0,True,0,42,3000,3,True,True,0.9672,0.04585400165524334,0.15634854062227524,193.90015986573417,0.04475000605452806,0.04381250619189814,0.04854150029132143,10460464,72089600,1182.183,111.897,49055.737,8659.82,0.0,0.0,0.0,,,
branch,16,/Users/vinroger/DATA/STUDY/latihan/about/exa-interview/e2e-inverted-bitplane-project/data/prefix-study-2026-09-13/pools/qwen-quora-d32/routers/ivf-binary-16-seed42,refine-s00286,5,9,1,128,0,True,0,42,3000,3,True,True,0.992,0.062332997913472354,0.2093497110763564,259.08982564578764,0.060354497691150755,0.058041507145389915,0.06722949910908937,10460464,72089600,1544.457,150.058,65766.94,11493.883,0.0,0.0,0.0,,,
branch,4096,/Users/vinroger/DATA/STUDY/latihan/about/exa-interview/e2e-inverted-bitplane-project/data/prefix-study-2026-09-13/pools/qwen-quora-d32/routers/ivf-binary-4096-seed42,refine-s02167,75,75,1,512,8192,True,0,42,3000,3,True,True,0.9016533333333333,0.08075000368990004,0.09470799777773209,245.68634592287708,0.07837500015739352,0.07810399984009564,0.08581249858252704,10965040,80494592,10123.537,75.0,0.0,194.41,0.0,0.0,0.0,,,
prefix,4096,/Users/vinroger/DATA/STUDY/latihan/about/exa-interview/e2e-inverted-bitplane-project/data/prefix-study-2026-09-13/pools/qwen-quora-d32/routers/ivf-binary-4096-seed42,refine-s02226,75,354,1,,,,,,3000,3,True,True,0.99004,0.35456250043353066,0.42833925472223194,1076.7447225662181,0.34310449700569734,0.34114599839085713,0.39158299478003755,10458620,77119488,45736.638,0.0,0.0,0.0,8.862,5644.884,0.138,8,0,True
branch,64,/Users/vinroger/DATA/STUDY/latihan/about/exa-interview/e2e-inverted-bitplane-project/data/prefix-study-2026-09-13/pools/qwen-quora-d32/routers/ivf-binary-64-seed42,refine-s00923,10,8,1,512,8192,True,0,42,3000,3,True,True,0.9012,0.04187499871477485,0.1205544613185338,167.75883226364385,0.04106299456907436,0.04087499837623909,0.04322899621911347,10467120,78381056,5269.462,98.236,10486.037,2486.659,0.0,0.0,0.0,,,
prefix,4096,/Users/vinroger/DATA/STUDY/latihan/about/exa-interview/e2e-inverted-bitplane-project/data/prefix-study-2026-09-13/pools/qwen-quora-d32/routers/ivf-binary-4096-seed42,refine-s01536,7,43,1,,,,,,3000,3,True,True,0.9008571428571429,0.05012499605072662,0.05937705063843167,150.48660794855095,0.050082999223377556,0.04979099321644753,0.050457994802854955,10458620,76972032,5158.846,0.0,0.0,0.0,8.468,671.574,0.532,8,0,True
branch,64,/Users/vinroger/DATA/STUDY/latihan/about/exa-interview/e2e-inverted-bitplane-project/data/prefix-study-2026-09-13/pools/qwen-quora-d32/routers/ivf-binary-64-seed42,refine-s00873,7,12,1,128,0,True,0,42,3000,3,True,True,0.954,0.04983299731975421,0.1493771022069268,200.68729534978047,0.05056249210610986,0.04812499537365511,0.05066650192020461,10467120,78135296,2157.665,193.378,21187.657,4233.959,0.0,0.0,0.0,,,
prefix,4096,/Users/vinroger/DATA/STUDY/latihan/about/exa-interview/e2e-inverted-bitplane-project/data/prefix-study-2026-09-13/pools/qwen-quora-d32/routers/ivf-binary-4096-seed42,refine-s01436,5,40,1,,,,,,3000,3,True,True,0.901,0.04600000102072954,0.07625204816577023,156.40968992374837,0.04691700451076031,0.0444999968749471,0.04739599535241723,10458620,77004800,4676.482,0.0,0.0,0.0,4.386,302.16,0.614,4,10000,True
prefix,4096,/Users/vinroger/DATA/STUDY/latihan/about/exa-interview/e2e-inverted-bitplane-project/data/prefix-study-2026-09-13/pools/qwen-quora-d32/routers/ivf-binary-4096-seed42,refine-s01652,10,45,1,,,,,,3000,3,True,True,0.9009,0.049875001423060894,0.0594589946558699,150.38796119915787,0.04933300078846514,0.048333502491004765,0.052062001486774534,10458620,77201408,5517.462,0.0,0.0,0.0,4.569,348.03,0.431,4,10000,True
prefix,1024,/Users/vinroger/DATA/STUDY/latihan/about/exa-interview/e2e-inverted-bitplane-project/data/prefix-study-2026-09-13/pools/qwen-quora-d32/routers/ivf-binary-1024-seed42,refine-s01038,1,78,1,,,,,,3000,3,True,True,0.99,0.12702099775196984,0.1920923001307528,370.08158235403243,0.12606200471054763,0.12577099550981075,0.12918749416712672,10458620,77594624,24811.297,0.0,0.0,0.0,6.952,1031.784,2.048,8,0,True
scan,4096,/Users/vinroger/DATA/STUDY/latihan/about/exa-interview/e2e-inverted-bitplane-project/data/prefix-study-2026-09-13/pools/qwen-quora-d32/routers/ivf-binary-4096-seed42,refine-s02162,75,354,1,,,,,,3000,3,True,True,0.99004,0.2496664965292439,0.28226039576111356,754.6038021828281,0.24933350505307317,0.2443959965603426,0.25562500377418473,8366896,77758464,47413.069,0.0,0.0,0.0,0.0,0.0,0.0,,,
scan,4096,/Users/vinroger/DATA/STUDY/latihan/about/exa-interview/e2e-inverted-bitplane-project/data/prefix-study-2026-09-13/pools/qwen-quora-d32/routers/ivf-binary-4096-seed42,refine-s02160,75,75,1,,,,,,3000,3,True,True,0.9016533333333333,0.07083300442900509,0.07975414628162977,213.92166917212307,0.07106250268407166,0.07027100218692794,0.07116699998732656,8366896,77758464,10123.537,0.0,0.0,0.0,0.0,0.0,0.0,,,
branch,64,/Users/vinroger/DATA/STUDY/latihan/about/exa-interview/e2e-inverted-bitplane-project/data/prefix-study-2026-09-13/pools/qwen-quora-d32/routers/ivf-binary-64-seed42,refine-s00813,3,7,1,64,0,True,0,42,3000,3,True,True,0.9003333333333333,0.029666000045835972,0.07763183821225512,111.5695108746877,0.029583010473288596,0.0291874966933392,0.02995799877680838,10467120,78217216,579.514,124.931,14177.95,2219.203,0.0,0.0,0.0,,,
prefix,4096,/Users/vinroger/DATA/STUDY/latihan/about/exa-interview/e2e-inverted-bitplane-project/data/prefix-study-2026-09-13/pools/qwen-quora-d32/routers/ivf-binary-4096-seed42,refine-s01686,10,243,1,,,,,,3000,3,True,True,0.99,0.22975000320002437,0.26541905899648555,678.8159992865985,0.22895800066180527,0.22722950961906463,0.23256250278791413,10458620,77398016,28779.483,0.0,0.0,0.0,8.542,3814.128,0.458,8,0,True
scan,4096,/Users/vinroger/DATA/STUDY/latihan/about/exa-interview/e2e-inverted-bitplane-project/data/prefix-study-2026-09-13/pools/qwen-quora-d32/routers/ivf-binary-4096-seed42,refine-s01188,2,36,1,,,,,,3000,3,True,True,0.9025,0.034958997275680304,0.04129310109419747,106.5091471245978,0.034500000765547156,0.03416600520722568,0.036375000490807,8366896,77938688,4868.495,0.0,0.0,0.0,0.0,0.0,0.0,,,
scan,4096,/Users/vinroger/DATA/STUDY/latihan/about/exa-interview/e2e-inverted-bitplane-project/data/prefix-study-2026-09-13/pools/qwen-quora-d32/routers/ivf-binary-4096-seed42,refine-s01190,2,208,1,,,,,,3000,3,True,True,0.99,0.1518749922979623,0.17512499471195042,459.7616689570714,0.15341649850597605,0.14616600674344227,0.15633300063200295,8366896,77938688,27934.374,0.0,0.0,0.0,0.0,0.0,0.0,,,
prefix,4096,/Users/vinroger/DATA/STUDY/latihan/about/exa-interview/e2e-inverted-bitplane-project/data/prefix-study-2026-09-13/pools/qwen-quora-d32/routers/ivf-binary-4096-seed42,refine-s01760,15,50,1,,,,,,3000,3,True,True,0.9013333333333333,0.05454100028146058,0.06379099868354388,164.2556674341904,0.05477049853652716,0.053125004342291504,0.055500000598840415,10458620,77037568,6278.602,0.0,0.0,0.0,4.666,391.4,0.334,4,10000,True
scan,4096,/Users/vinroger/DATA/STUDY/latihan/about/exa-interview/e2e-inverted-bitplane-project/data/prefix-study-2026-09-13/pools/qwen-quora-d32/routers/ivf-binary-4096-seed42,refine-s01620,10,45,1,,,,,,3000,3,True,True,0.9009,0.04395799624035135,0.06533299238071777,140.8201734739123,0.043374995584599674,0.04199999966658652,0.046124987420625985,8366896,77938688,6077.925,0.0,0.0,0.0,0.0,0.0,0.0,,,
scan,4096,/Users/vinroger/DATA/STUDY/latihan/about/exa-interview/e2e-inverted-bitplane-project/data/prefix-study-2026-09-13/pools/qwen-quora-d32/routers/ivf-binary-4096-seed42,refine-s01622,10,243,1,,,,,,3000,3,True,True,0.99,0.17772900173440576,0.2147131483070552,546.5709565323777,0.17206250049639493,0.17012449825415388,0.1949580037035048,8366896,77938688,32612.65,0.0,0.0,0.0,0.0,0.0,0.0,,,
branch,16,/Users/vinroger/DATA/STUDY/latihan/about/exa-interview/e2e-inverted-bitplane-project/data/prefix-study-2026-09-13/pools/qwen-quora-d32/routers/ivf-binary-16-seed42,refine-s00124,2,9,1,128,0,True,0,42,3000,3,True,True,0.993,0.05416650674305856,0.12955145357409487,195.29664877336472,0.05387500277720392,0.05337499896995723,0.05545900057768449,10460464,72056832,1034.332,125.13,56820.596,7552.408,0.0,0.0,0.0,,,
branch,16,/Users/vinroger/DATA/STUDY/latihan/about/exa-interview/e2e-inverted-bitplane-project/data/prefix-study-2026-09-13/pools/qwen-quora-d32/routers/ivf-binary-16-seed42,refine-s00652,50,10,1,128,0,True,0,42,3000,3,True,True,0.99326,0.22362500021699816,0.604853549157269,784.7240615665214,0.2242084956378676,0.20181249419692904,0.25043750065378845,10460464,72122368,5460.969,362.089,145007.407,41705.383,0.0,0.0,0.0,,,
scan,4096,/Users/vinroger/DATA/STUDY/latihan/about/exa-interview/e2e-inverted-bitplane-project/data/prefix-study-2026-09-13/pools/qwen-quora-d32/routers/ivf-binary-4096-seed42,refine-s02052,50,67,1,,,,,,3000,3,True,True,0.90092,0.06337500235531479,0.07383511183434165,192.67033420328517,0.06283350376179442,0.06277099600993097,0.06458300049416721,8366896,77955072,9044.784,0.0,0.0,0.0,0.0,0.0,0.0,,,
scan,4096,/Users/vinroger/DATA/STUDY/latihan/about/exa-interview/e2e-inverted-bitplane-project/data/prefix-study-2026-09-13/pools/qwen-quora-d32/routers/ivf-binary-4096-seed42,refine-s02054,50,322,1,,,,,,3000,3,True,True,0.99004,0.2268960015499033,0.2568791554949712,686.0833784594433,0.22760399588150904,0.2235409920103848,0.22970799909671769,8366896,77955072,43157.822,0.0,0.0,0.0,0.0,0.0,0.0,,,
branch,16,/Users/vinroger/DATA/STUDY/latihan/about/exa-interview/e2e-inverted-bitplane-project/data/prefix-study-2026-09-13/pools/qwen-quora-d32/routers/ivf-binary-16-seed42,refine-s00546,20,9,1,2048,8192,False,0,42,3000,3,True,True,0.9905,0.1166460060630925,0.4058264610648619,524.9909424310317,0.1160829997388646,0.11408350110286847,0.12004149903077632,10460464,72040448,23400.408,90.864,36427.588,10488.066,0.0,0.0,0.0,,,
branch,16,/Users/vinroger/DATA/STUDY/latihan/about/exa-interview/e2e-inverted-bitplane-project/data/prefix-study-2026-09-13/pools/qwen-quora-d32/routers/ivf-binary-16-seed42,refine-s00009,1,6,1,64,2048,True,0,42,3000,3,True,True,0.967,0.04391649417812005,0.1212520925037097,176.0180897981627,0.044583503040485084,0.039667000237386674,0.04925000393996015,10460464,72105984,314.561,93.733,43784.154,4518.3,0.0,0.0,0.0,,,
branch,16,/Users/vinroger/DATA/STUDY/latihan/about/exa-interview/e2e-inverted-bitplane-project/data/prefix-study-2026-09-13/pools/qwen-quora-d32/routers/ivf-binary-16-seed42,refine-s00015,1,9,1,64,0,True,0,42,3000,3,True,True,0.992,0.05533299554372206,0.09546635264996435,182.99977235437836,0.053499999921768904,0.05281249468680471,0.05972950020805001,10460464,72105984,425.379,128.779,59981.305,6243.457,0.0,0.0,0.0,,,
branch,16,/Users/vinroger/DATA/STUDY/latihan/about/exa-interview/e2e-inverted-bitplane-project/data/prefix-study-2026-09-13/pools/qwen-quora-d32/routers/ivf-binary-16-seed42,refine-s00006,1,4,1,128,0,True,0,42,3000,3,True,True,0.913,0.029062495741527528,0.05775625322712582,97.84736482833978,0.028520495106931776,0.02837499778252095,0.03027050115633756,10460464,72105984,438.079,60.17,28024.727,2999.777,0.0,0.0,0.0,,,
prefix,4096,/Users/vinroger/DATA/STUDY/latihan/about/exa-interview/e2e-inverted-bitplane-project/data/prefix-study-2026-09-13/pools/qwen-quora-d32/routers/ivf-binary-4096-seed42,refine-s01868,20,53,1,,,,,,3000,3,True,True,0.90055,0.05697949382010847,0.06745799328200519,172.17976463143714,0.05716699524782598,0.05656250141328201,0.05716699524782598,10458620,76955648,6729.327,0.0,0.0,0.0,4.714,416.898,0.286,4,10000,True
branch,4096,/Users/vinroger/DATA/STUDY/latihan/about/exa-interview/e2e-inverted-bitplane-project/data/prefix-study-2026-09-13/pools/qwen-quora-d32/routers/ivf-binary-4096-seed42,refine-s01952,30,58,1,2048,8192,False,0,42,3000,3,True,True,0.9012666666666667,0.05954099469818175,0.06837499677203596,180.54920092981774,0.058999998145736754,0.0589795017731376,0.06049999501556158,10965040,80642048,7829.971,58.0,0.0,150.391,0.0,0.0,0.0,,,
prefix,4096,/Users/vinroger/DATA/STUDY/latihan/about/exa-interview/e2e-inverted-bitplane-project/data/prefix-study-2026-09-13/pools/qwen-quora-d32/routers/ivf-binary-4096-seed42,refine-s02011,30,292,1,,,,,,3000,3,True,True,0.99,0.30737499764654785,0.35104723865515547,919.9830004363321,0.31031249091029167,0.29970799369039014,0.3118124950560741,10458620,77037568,36774.715,0.0,0.0,0.0,12.763,6978.216,0.237,12,0,True
branch,64,/Users/vinroger/DATA/STUDY/latihan/about/exa-interview/e2e-inverted-bitplane-project/data/prefix-study-2026-09-13/pools/qwen-quora-d32/routers/ivf-binary-64-seed42,refine-s00927,10,12,1,128,0,True,0,42,3000,3,True,True,0.9503,0.05585449980571866,0.17220034787897,232.24962703534402,0.057479002862237394,0.05306200182531029,0.0576250022277236,10467120,78184448,2553.973,210.879,22659.303,5058.579,0.0,0.0,0.0,,,
prefix,4096,/Users/vinroger/DATA/STUDY/latihan/about/exa-interview/e2e-inverted-bitplane-project/data/prefix-study-2026-09-13/pools/qwen-quora-d32/routers/ivf-binary-4096-seed42,refine-s02084,50,67,1,,,,,,3000,3,True,True,0.90092,0.07437499880325049,0.08966905952547675,226.61523587885313,0.07256249955389649,0.07231249765027314,0.07895849557826295,10458620,77168640,8736.777,0.0,0.0,0.0,4.828,531.578,0.172,4,10000,True
prefix,4096,/Users/vinroger/DATA/STUDY/latihan/about/exa-interview/e2e-inverted-bitplane-project/data/prefix-study-2026-09-13/pools/qwen-quora-d32/routers/ivf-binary-4096-seed42,refine-s02118,50,322,1,,,,,,3000,3,True,True,0.99004,0.31224999838741496,0.3547121479641646,935.6535263359547,0.31274999491870403,0.3053124964935705,0.3196669931639917,10458620,77168640,41180.25,0.0,0.0,0.0,8.823,5130.748,0.177,8,0,True
branch,16,/Users/vinroger/DATA/STUDY/latihan/about/exa-interview/e2e-inverted-bitplane-project/data/prefix-study-2026-09-13/pools/qwen-quora-d32/routers/ivf-binary-16-seed42,refine-s00706,75,10,1,128,0,True,0,42,3000,3,True,True,0.9927066666666666,0.26672899548429996,0.6690229507512412,920.6659029587172,0.26525049906922504,0.24612499692011625,0.2989170025102794,10460464,72220672,6738.537,431.277,170959.855,51519.441,0.0,0.0,0.0,,,
branch,256,/Users/vinroger/DATA/STUDY/latihan/about/exa-interview/e2e-inverted-bitplane-project/data/prefix-study-2026-09-13/pools/qwen-quora-d32/routers/ivf-binary-256-seed42,refine-s00976,15,16,1,128,0,True,0,42,3000,3,True,True,0.906,0.05254150164546445,0.11658510338747873,187.58160379366018,0.052187002438586205,0.05031249747844413,0.05429150041891262,10490416,84230144,3417.695,245.981,6535.508,1776.241,0.0,0.0,0.0,,,
branch,16,/Users/vinroger/DATA/STUDY/latihan/about/exa-interview/e2e-inverted-bitplane-project/data/prefix-study-2026-09-13/pools/qwen-quora-d32/routers/ivf-binary-16-seed42,refine-s00220,3,9,1,128,0,True,0,42,3000,3,True,True,0.9913333333333333,0.05829149449709803,0.17967321036849168,236.55821627471596,0.05849999433849007,0.05606249760603532,0.06122899503679946,10460464,72204288,1226.244,134.513,60167.616,9047.812,0.0,0.0,0.0,,,
scan,4096,/Users/vinroger/DATA/STUDY/latihan/about/exa-interview/e2e-inverted-bitplane-project/data/prefix-study-2026-09-13/pools/qwen-quora-d32/routers/ivf-binary-4096-seed42,refine-s01512,7,43,1,,,,,,3000,3,True,True,0.9008571428571429,0.04133300535613671,0.04921010040561667,126.58329907571897,0.04056249599670991,0.04016700404463336,0.04354149859864265,8366896,77987840,5808.851,0.0,0.0,0.0,0.0,0.0,0.0,,,
scan,4096,/Users/vinroger/DATA/STUDY/latihan/about/exa-interview/e2e-inverted-bitplane-project/data/prefix-study-2026-09-13/pools/qwen-quora-d32/routers/ivf-binary-4096-seed42,refine-s01514,7,223,1,,,,,,3000,3,True,True,0.99,0.16166700515896082,0.19113329981337296,502.0926410361426,0.16174950724234805,0.1558125004521571,0.1690834978944622,8366896,77987840,29937.305,0.0,0.0,0.0,0.0,0.0,0.0,,,
prefix,4096,/Users/vinroger/DATA/STUDY/latihan/about/exa-interview/e2e-inverted-bitplane-project/data/prefix-study-2026-09-13/pools/qwen-quora-d32/routers/ivf-binary-4096-seed42,refine-s01470,5,218,1,,,,,,3000,3,True,True,0.99,0.20956200023647398,0.25823715477599746,634.0734776749741,0.20606200268957764,0.20308350212872028,0.2227294971817173,10458620,76955648,24369.115,0.0,0.0,0.0,8.341,3375.076,0.659,8,0,True
prefix,4096,/Users/vinroger/DATA/STUDY/latihan/about/exa-interview/e2e-inverted-bitplane-project/data/prefix-study-2026-09-13/pools/qwen-quora-d32/routers/ivf-binary-4096-seed42,refine-s01903,20,280,1,,,,,,3000,3,True,True,0.99005,0.29670799267478287,0.35058719586231746,892.1054009406362,0.2894380013458431,0.28479199681896716,0.32337500306311995,10458620,77381632,34594.302,0.0,0.0,0.0,12.699,6679.68,0.301,12,0,True
prefix,4096,/Users/vinroger/DATA/STUDY/latihan/about/exa-interview/e2e-inverted-bitplane-project/data/prefix-study-2026-09-13/pools/qwen-quora-d32/routers/ivf-binary-4096-seed42,refine-s01578,7,223,1,,,,,,3000,3,True,True,0.99,0.21043750166427344,0.24670799102750607,621.252346682013,0.20904150005662814,0.20741650223499164,0.21568749798461795,10458620,77299712,25770.397,0.0,0.0,0.0,8.448,3479.246,0.552,8,0,True
branch,4096,/Users/vinroger/DATA/STUDY/latihan/about/exa-interview/e2e-inverted-bitplane-project/data/prefix-study-2026-09-13/pools/qwen-quora-d32/routers/ivf-binary-4096-seed42,refine-s01843,20,53,1,512,8192,True,0,42,3000,3,True,True,0.90055,0.05599998985417187,0.08034134007175449,180.2152923628455,0.05720800254493952,0.0535420113010332,0.05745798989664763,10965040,80674816,7154.509,53.0,0.0,137.411,0.0,0.0,0.0,,,
branch,64,/Users/vinroger/DATA/STUDY/latihan/about/exa-interview/e2e-inverted-bitplane-project/data/prefix-study-2026-09-13/pools/qwen-quora-d32/routers/ivf-binary-64-seed42,refine-s00868,7,8,1,128,0,True,0,42,3000,3,True,True,0.908,0.037417004932649434,0.11164164170622816,151.48344887711573,0.037416502891574055,0.03650000144261867,0.03814549563685432,10467120,78331904,1632.668,141.729,15469.933,3155.953,0.0,0.0,0.0,,,
scan,4096,/Users/vinroger/DATA/STUDY/latihan/about/exa-interview/e2e-inverted-bitplane-project/data/prefix-study-2026-09-13/pools/qwen-quora-d32/routers/ivf-binary-4096-seed42,refine-s01836,20,53,1,,,,,,3000,3,True,True,0.90055,0.05099999543745071,0.06274999759625643,157.15144389832858,0.05045800207881257,0.04883299698121846,0.05408300785347819,8366896,77987840,7154.509,0.0,0.0,0.0,0.0,0.0,0.0,,,
scan,4096,/Users/vinroger/DATA/STUDY/latihan/about/exa-interview/e2e-inverted-bitplane-project/data/prefix-study-2026-09-13/pools/qwen-quora-d32/routers/ivf-binary-4096-seed42,refine-s01838,20,280,1,,,,,,3000,3,True,True,0.99005,0.19949999114032835,0.2341732397326268,608.533563252422,0.1940829970408231,0.1926669938256964,0.21460399875650182,8366896,77987840,37553.53,0.0,0.0,0.0,0.0,0.0,0.0,,,
branch,16,/Users/vinroger/DATA/STUDY/latihan/about/exa-interview/e2e-inverted-bitplane-project/data/prefix-study-2026-09-13/pools/qwen-quora-d32/routers/ivf-binary-16-seed42,refine-s00114,2,4,1,128,0,True,0,42,3000,3,True,True,0.909,0.030832998163532466,0.08287915552500633,115.80958377453499,0.030750001315027475,0.03024999750778079,0.03152050339849666,10460464,72089600,588.812,66.863,30333.292,4145.55,0.0,0.0,0.0,,,
scan,4096,/Users/vinroger/DATA/STUDY/latihan/about/exa-interview/e2e-inverted-bitplane-project/data/prefix-study-2026-09-13/pools/qwen-quora-d32/routers/ivf-binary-4096-seed42,refine-s01080,1,35,1,,,,,,3000,3,True,True,0.901,0.03383400326129049,0.04020800406578928,103.37331879418343,0.033583004551474005,0.033499993151053786,0.03462500171735883,8366896,77840384,4732.377,0.0,0.0,0.0,0.0,0.0,0.0,,,
scan,4096,/Users/vinroger/DATA/STUDY/latihan/about/exa-interview/e2e-inverted-bitplane-project/data/prefix-study-2026-09-13/pools/qwen-quora-d32/routers/ivf-binary-4096-seed42,refine-s01082,1,180,1,,,,,,3000,3,True,True,0.99,0.129770502098836,0.14562705255229957,391.4682026806986,0.1295830006711185,0.128854502690956,0.13079099880997092,8366896,77840384,24181.137,0.0,0.0,0.0,0.0,0.0,0.0,,,
prefix,4096,/Users/vinroger/DATA/STUDY/latihan/about/exa-interview/e2e-inverted-bitplane-project/data/prefix-study-2026-09-13/pools/qwen-quora-d32/routers/ivf-binary-4096-seed42,refine-s02334,100,380,1,,,,,,3000,3,True,True,0.99,0.3768124952330254,0.4397940487251617,1140.4710046917899,0.36824999551754445,0.3668749995995313,0.4000210028607398,10458620,78987264,49578.857,0.0,0.0,0.0,8.898,6066.32,0.102,8,0,True
